{
"type": "FeatureCollection",
"name": "concentracaourbana",
"crs": { "type": "name", "properties": { "name": "urn:ogc:def:crs:EPSG::4674" } },
"features": [
{ "type": "Feature", "properties": { "CD_SETOR": "231340105000003", "SITUACAO": "Urbana", "CD_SIT": "1", "CD_TIPO": "0", "AREA_KM2": 0.084389828164326997, "CD_REGIAO": "2", "NM_REGIAO": "Nordeste", "CD_UF": "23", "NM_UF": "Ceará", "CD_MUN": "2313401", "NM_MUN": "Tianguá", "CD_DIST": "231340105", "NM_DIST": "Tianguá", "CD_SUBDIST": "23134010500", "NM_SUBDIST": null, "CD_BAIRRO": "2313401003", "NM_BAIRRO": "Nenê Plácido", "CD_NU": null, "NM_NU": null, "CD_FCU": null, "NM_FCU": null, "CD_AGLOM": null, "NM_AGLOM": null, "CD_RGINT": "2306", "NM_RGINT": "Sobral", "CD_RGI": "230016", "NM_RGI": "São Benedito - Ipu - Guaraciaba do Norte - Tianguá", "CD_CONCURB": null, "NM_CONCURB": null, "Areapopulacional_CD_SIT": 1, "Areapopulacional_CD_TIPO": 0, "Areapopulacional_v0001": 620, "Areapopulacional_v0002": 216, "Areapopulacional_v0003": 214, "Areapopulacional_v0004": 2, "Areapopulacional_v0005": 3.2, "Areapopulacional_v0006": 0.0054, "Areapopulacional_v0007": 185, "Areapopulacional_AREA_DOMICILIADA_KM2": 0.084389828, "Areapopulacional_AREA_KM2": 0.084389828, "Areapopulacional_DENSIDADE_DEMOGRAFICA_DOMICILIADA_HAB_KM2": 7346.857003, "Areapopulacional_DENSIDADE_DEMOGRAFICA_SETOR_HAB_KM2": 7346.857003, "teste200(2)_fid": 123328, "teste200(2)_CD_SIT": 1, "teste200(2)_CD_TIPO": 0, "teste200(2)_v0001": 620, "teste200(2)_v0002": 216, "teste200(2)_v0003": 214, "teste200(2)_v0004": 2, "teste200(2)_v0005": 3.2, "teste200(2)_v0006": 0.0054, "teste200(2)_v0007": 185, "teste200(2)_AREA_DOMICILIADA_KM2": 0.084389828, "teste200(2)_AREA_KM2": 0.084389828, "teste200(2)_DENSIDADE_DEMOGRAFICA_DOMICILIADA_HAB_KM2": 7346.857003, "teste200(2)_DENSIDADE_DEMOGRAFICA_SETOR_HAB_KM2": 7346.857003, "teste200(2)_V00111SISTEMAGERALÁGUA": 182, "teste200(2)_V00112POÇO": 3, "teste200(2)_V00113POÇORASO": 0, "teste200(2)_V00114NASCENTE,FONTE": 0, "teste200(2)_V00115CARROPIPA": 0, "teste200(2)_V00116CHUVA": 0, "teste200(2)_V00117RIOS,AÇUDES,CORREGOS": 0, "teste200(2)_V00118OUTRAFORMA": 0 }, "geometry": { "type": "MultiPolygon", "coordinates": [ [ [ [ -40.985815399999979, -3.718613499999947 ], [ -40.985612, -3.718876 ], [ -40.98647219999998, -3.71949189999998 ], [ -40.987779799999942, -3.720355699999971 ], [ -40.987590499999953, -3.72037789999996 ], [ -40.987746399999935, -3.721280199999967 ], [ -40.988091699999984, -3.722672099999954 ], [ -40.988002599999959, -3.723507899999959 ], [ -40.98785, -3.724299 ], [ -40.988673399999982, -3.724154899999974 ], [ -40.989062599999954, -3.724088399999971 ], [ -40.988791499999934, -3.722521299999926 ], [ -40.988459, -3.720303 ], [ -40.988377, -3.719969 ], [ -40.988028799999938, -3.718232 ], [ -40.986771199999964, -3.718419099999949 ], [ -40.985815399999979, -3.718613499999947 ] ] ] ] } },
{ "type": "Feature", "properties": { "CD_SETOR": "231340105000004", "SITUACAO": "Urbana", "CD_SIT": "1", "CD_TIPO": "0", "AREA_KM2": 0.114314569286264, "CD_REGIAO": "2", "NM_REGIAO": "Nordeste", "CD_UF": "23", "NM_UF": "Ceará", "CD_MUN": "2313401", "NM_MUN": "Tianguá", "CD_DIST": "231340105", "NM_DIST": "Tianguá", "CD_SUBDIST": "23134010500", "NM_SUBDIST": null, "CD_BAIRRO": "2313401004", "NM_BAIRRO": "Laurão", "CD_NU": null, "NM_NU": null, "CD_FCU": null, "NM_FCU": null, "CD_AGLOM": null, "NM_AGLOM": null, "CD_RGINT": "2306", "NM_RGINT": "Sobral", "CD_RGI": "230016", "NM_RGI": "São Benedito - Ipu - Guaraciaba do Norte - Tianguá", "CD_CONCURB": null, "NM_CONCURB": null, "Areapopulacional_CD_SIT": 1, "Areapopulacional_CD_TIPO": 0, "Areapopulacional_v0001": 1052, "Areapopulacional_v0002": 402, "Areapopulacional_v0003": 402, "Areapopulacional_v0004": 0, "Areapopulacional_v0005": 3.1, "Areapopulacional_v0006": 0.0117, "Areapopulacional_v0007": 341, "Areapopulacional_AREA_DOMICILIADA_KM2": 0.11431, "Areapopulacional_AREA_KM2": 0.114314569, "Areapopulacional_DENSIDADE_DEMOGRAFICA_DOMICILIADA_HAB_KM2": 9203.044353, "Areapopulacional_DENSIDADE_DEMOGRAFICA_SETOR_HAB_KM2": 9202.676497, "teste200(2)_fid": 194209, "teste200(2)_CD_SIT": 1, "teste200(2)_CD_TIPO": 0, "teste200(2)_v0001": 1052, "teste200(2)_v0002": 402, "teste200(2)_v0003": 402, "teste200(2)_v0004": 0, "teste200(2)_v0005": 3.1, "teste200(2)_v0006": 0.0117, "teste200(2)_v0007": 341, "teste200(2)_AREA_DOMICILIADA_KM2": 0.11431, "teste200(2)_AREA_KM2": 0.114314569, "teste200(2)_DENSIDADE_DEMOGRAFICA_DOMICILIADA_HAB_KM2": 9203.044353, "teste200(2)_DENSIDADE_DEMOGRAFICA_SETOR_HAB_KM2": 9202.676497, "teste200(2)_V00111SISTEMAGERALÁGUA": 336, "teste200(2)_V00112POÇO": 4, "teste200(2)_V00113POÇORASO": null, "teste200(2)_V00114NASCENTE,FONTE": 0, "teste200(2)_V00115CARROPIPA": 0, "teste200(2)_V00116CHUVA": 0, "teste200(2)_V00117RIOS,AÇUDES,CORREGOS": 0, "teste200(2)_V00118OUTRAFORMA": 0 }, "geometry": { "type": "MultiPolygon", "coordinates": [ [ [ [ -40.98785, -3.724299 ], [ -40.987103, -3.72447 ], [ -40.986854, -3.7245 ], [ -40.986381, -3.724535 ], [ -40.985749, -3.72463 ], [ -40.985530899999958, -3.724671699999931 ], [ -40.98530059999996, -3.725582699999961 ], [ -40.985154499999965, -3.726283199999955 ], [ -40.985019, -3.727017299999943 ], [ -40.985769699999935, -3.726953 ], [ -40.985555, -3.72815049999997 ], [ -40.98626, -3.728337099999976 ], [ -40.986574699999949, -3.72684419999996 ], [ -40.987317899999937, -3.726696299999958 ], [ -40.987462, -3.726659 ], [ -40.987997, -3.72659189999996 ], [ -40.988531799999976, -3.726539399999979 ], [ -40.988993299999947, -3.726459499999976 ], [ -40.988673399999982, -3.724154899999974 ], [ -40.98785, -3.724299 ] ] ] ] } },
{ "type": "Feature", "properties": { "CD_SETOR": "231340105000005", "SITUACAO": "Urbana", "CD_SIT": "1", "CD_TIPO": "0", "AREA_KM2": 0.062666794404208997, "CD_REGIAO": "2", "NM_REGIAO": "Nordeste", "CD_UF": "23", "NM_UF": "Ceará", "CD_MUN": "2313401", "NM_MUN": "Tianguá", "CD_DIST": "231340105", "NM_DIST": "Tianguá", "CD_SUBDIST": "23134010500", "NM_SUBDIST": null, "CD_BAIRRO": "2313401001", "NM_BAIRRO": "Centro", "CD_NU": null, "NM_NU": null, "CD_FCU": null, "NM_FCU": null, "CD_AGLOM": null, "NM_AGLOM": null, "CD_RGINT": "2306", "NM_RGINT": "Sobral", "CD_RGI": "230016", "NM_RGI": "São Benedito - Ipu - Guaraciaba do Norte - Tianguá", "CD_CONCURB": null, "NM_CONCURB": null, "Areapopulacional_CD_SIT": 1, "Areapopulacional_CD_TIPO": 0, "Areapopulacional_v0001": 566, "Areapopulacional_v0002": 217, "Areapopulacional_v0003": 216, "Areapopulacional_v0004": 1, "Areapopulacional_v0005": 3.1, "Areapopulacional_v0006": 0.0056, "Areapopulacional_v0007": 179, "Areapopulacional_AREA_DOMICILIADA_KM2": 0.062666794, "Areapopulacional_AREA_KM2": 0.062666794, "Areapopulacional_DENSIDADE_DEMOGRAFICA_DOMICILIADA_HAB_KM2": 9031.896483, "Areapopulacional_DENSIDADE_DEMOGRAFICA_SETOR_HAB_KM2": 9031.896483, "teste200(2)_fid": 50887, "teste200(2)_CD_SIT": 1, "teste200(2)_CD_TIPO": 0, "teste200(2)_v0001": 566, "teste200(2)_v0002": 217, "teste200(2)_v0003": 216, "teste200(2)_v0004": 1, "teste200(2)_v0005": 3.1, "teste200(2)_v0006": 0.0056, "teste200(2)_v0007": 179, "teste200(2)_AREA_DOMICILIADA_KM2": 0.062666794, "teste200(2)_AREA_KM2": 0.062666794, "teste200(2)_DENSIDADE_DEMOGRAFICA_DOMICILIADA_HAB_KM2": 9031.896483, "teste200(2)_DENSIDADE_DEMOGRAFICA_SETOR_HAB_KM2": 9031.896483, "teste200(2)_V00111SISTEMAGERALÁGUA": 176, "teste200(2)_V00112POÇO": null, "teste200(2)_V00113POÇORASO": 0, "teste200(2)_V00114NASCENTE,FONTE": 0, "teste200(2)_V00115CARROPIPA": 0, "teste200(2)_V00116CHUVA": 0, "teste200(2)_V00117RIOS,AÇUDES,CORREGOS": 0, "teste200(2)_V00118OUTRAFORMA": 0 }, "geometry": { "type": "MultiPolygon", "coordinates": [ [ [ [ -40.989062599999954, -3.724088399999971 ], [ -40.988673399999982, -3.724154899999974 ], [ -40.988993299999947, -3.726459499999976 ], [ -40.989464699999985, -3.726382099999967 ], [ -40.99034219999993, -3.726267699999937 ], [ -40.991204399999958, -3.726142599999946 ], [ -40.99102629999993, -3.725128 ], [ -40.990873399999941, -3.723892299999932 ], [ -40.989062599999954, -3.724088399999971 ] ] ] ] } },
{ "type": "Feature", "properties": { "CD_SETOR": "231340105000007", "SITUACAO": "Urbana", "CD_SIT": "1", "CD_TIPO": "0", "AREA_KM2": 0.108639176895901, "CD_REGIAO": "2", "NM_REGIAO": "Nordeste", "CD_UF": "23", "NM_UF": "Ceará", "CD_MUN": "2313401", "NM_MUN": "Tianguá", "CD_DIST": "231340105", "NM_DIST": "Tianguá", "CD_SUBDIST": "23134010500", "NM_SUBDIST": null, "CD_BAIRRO": "2313401001", "NM_BAIRRO": "Centro", "CD_NU": null, "NM_NU": null, "CD_FCU": null, "NM_FCU": null, "CD_AGLOM": null, "NM_AGLOM": null, "CD_RGINT": "2306", "NM_RGINT": "Sobral", "CD_RGI": "230016", "NM_RGI": "São Benedito - Ipu - Guaraciaba do Norte - Tianguá", "CD_CONCURB": null, "NM_CONCURB": null, "Areapopulacional_CD_SIT": 1, "Areapopulacional_CD_TIPO": 0, "Areapopulacional_v0001": 368, "Areapopulacional_v0002": 279, "Areapopulacional_v0003": 275, "Areapopulacional_v0004": 4, "Areapopulacional_v0005": 2.5, "Areapopulacional_v0006": 0.021, "Areapopulacional_v0007": 143, "Areapopulacional_AREA_DOMICILIADA_KM2": 0.108639177, "Areapopulacional_AREA_KM2": 0.108639177, "Areapopulacional_DENSIDADE_DEMOGRAFICA_DOMICILIADA_HAB_KM2": 3387.359979, "Areapopulacional_DENSIDADE_DEMOGRAFICA_SETOR_HAB_KM2": 3387.359979, "teste200(2)_fid": 112080, "teste200(2)_CD_SIT": 1, "teste200(2)_CD_TIPO": 0, "teste200(2)_v0001": 368, "teste200(2)_v0002": 279, "teste200(2)_v0003": 275, "teste200(2)_v0004": 4, "teste200(2)_v0005": 2.5, "teste200(2)_v0006": 0.021, "teste200(2)_v0007": 143, "teste200(2)_AREA_DOMICILIADA_KM2": 0.108639177, "teste200(2)_AREA_KM2": 0.108639177, "teste200(2)_DENSIDADE_DEMOGRAFICA_DOMICILIADA_HAB_KM2": 3387.359979, "teste200(2)_DENSIDADE_DEMOGRAFICA_SETOR_HAB_KM2": 3387.359979, "teste200(2)_V00111SISTEMAGERALÁGUA": 142, "teste200(2)_V00112POÇO": null, "teste200(2)_V00113POÇORASO": 0, "teste200(2)_V00114NASCENTE,FONTE": 0, "teste200(2)_V00115CARROPIPA": 0, "teste200(2)_V00116CHUVA": 0, "teste200(2)_V00117RIOS,AÇUDES,CORREGOS": 0, "teste200(2)_V00118OUTRAFORMA": 0 }, "geometry": { "type": "MultiPolygon", "coordinates": [ [ [ [ -40.99034219999993, -3.726267699999937 ], [ -40.990806799999973, -3.728853499999957 ], [ -40.990951, -3.729651699999977 ], [ -40.991812799999934, -3.729521899999952 ], [ -40.991679399999953, -3.728708299999937 ], [ -40.993500499999982, -3.728438899999958 ], [ -40.993314299999952, -3.726910699999962 ], [ -40.991967299999942, -3.725523199999941 ], [ -40.991229, -3.724517799999944 ], [ -40.990873399999941, -3.723892299999932 ], [ -40.99102629999993, -3.725128 ], [ -40.991204399999958, -3.726142599999946 ], [ -40.99034219999993, -3.726267699999937 ] ] ] ] } },
{ "type": "Feature", "properties": { "CD_SETOR": "231340105000008", "SITUACAO": "Urbana", "CD_SIT": "1", "CD_TIPO": "0", "AREA_KM2": 0.081250688413416997, "CD_REGIAO": "2", "NM_REGIAO": "Nordeste", "CD_UF": "23", "NM_UF": "Ceará", "CD_MUN": "2313401", "NM_MUN": "Tianguá", "CD_DIST": "231340105", "NM_DIST": "Tianguá", "CD_SUBDIST": "23134010500", "NM_SUBDIST": null, "CD_BAIRRO": "2313401002", "NM_BAIRRO": "Frei Galvão", "CD_NU": null, "NM_NU": null, "CD_FCU": null, "NM_FCU": null, "CD_AGLOM": null, "NM_AGLOM": null, "CD_RGINT": "2306", "NM_RGINT": "Sobral", "CD_RGI": "230016", "NM_RGI": "São Benedito - Ipu - Guaraciaba do Norte - Tianguá", "CD_CONCURB": null, "NM_CONCURB": null, "Areapopulacional_CD_SIT": 1, "Areapopulacional_CD_TIPO": 0, "Areapopulacional_v0001": 744, "Areapopulacional_v0002": 282, "Areapopulacional_v0003": 282, "Areapopulacional_v0004": 0, "Areapopulacional_v0005": 3.0, "Areapopulacional_v0006": 0.008, "Areapopulacional_v0007": 250, "Areapopulacional_AREA_DOMICILIADA_KM2": 0.08125, "Areapopulacional_AREA_KM2": 0.081250688, "Areapopulacional_DENSIDADE_DEMOGRAFICA_DOMICILIADA_HAB_KM2": 9156.923077, "Areapopulacional_DENSIDADE_DEMOGRAFICA_SETOR_HAB_KM2": 9156.845493000001, "teste200(2)_fid": 145213, "teste200(2)_CD_SIT": 1, "teste200(2)_CD_TIPO": 0, "teste200(2)_v0001": 744, "teste200(2)_v0002": 282, "teste200(2)_v0003": 282, "teste200(2)_v0004": 0, "teste200(2)_v0005": 3.0, "teste200(2)_v0006": 0.008, "teste200(2)_v0007": 250, "teste200(2)_AREA_DOMICILIADA_KM2": 0.08125, "teste200(2)_AREA_KM2": 0.081250688, "teste200(2)_DENSIDADE_DEMOGRAFICA_DOMICILIADA_HAB_KM2": 9156.923077, "teste200(2)_DENSIDADE_DEMOGRAFICA_SETOR_HAB_KM2": 9156.845493000001, "teste200(2)_V00111SISTEMAGERALÁGUA": 242, "teste200(2)_V00112POÇO": 8, "teste200(2)_V00113POÇORASO": 0, "teste200(2)_V00114NASCENTE,FONTE": 0, "teste200(2)_V00115CARROPIPA": 0, "teste200(2)_V00116CHUVA": 0, "teste200(2)_V00117RIOS,AÇUDES,CORREGOS": 0, "teste200(2)_V00118OUTRAFORMA": 0 }, "geometry": { "type": "MultiPolygon", "coordinates": [ [ [ [ -40.992605, -3.721752 ], [ -40.992619, -3.721861 ], [ -40.992767, -3.723035 ], [ -40.992847, -3.723628 ], [ -40.994898, -3.723348 ], [ -40.996497, -3.723111899999935 ], [ -40.995381, -3.721125 ], [ -40.994569, -3.721309 ], [ -40.994122, -3.721409 ], [ -40.993624, -3.721522 ], [ -40.9933, -3.721596 ], [ -40.992605, -3.721752 ] ] ] ] } },
{ "type": "Feature", "properties": { "CD_SETOR": "231340105000009", "SITUACAO": "Urbana", "CD_SIT": "1", "CD_TIPO": "0", "AREA_KM2": 0.189309219292083, "CD_REGIAO": "2", "NM_REGIAO": "Nordeste", "CD_UF": "23", "NM_UF": "Ceará", "CD_MUN": "2313401", "NM_MUN": "Tianguá", "CD_DIST": "231340105", "NM_DIST": "Tianguá", "CD_SUBDIST": "23134010500", "NM_SUBDIST": null, "CD_BAIRRO": "2313401025", "NM_BAIRRO": "Seminário", "CD_NU": null, "NM_NU": null, "CD_FCU": null, "NM_FCU": null, "CD_AGLOM": null, "NM_AGLOM": null, "CD_RGINT": "2306", "NM_RGINT": "Sobral", "CD_RGI": "230016", "NM_RGI": "São Benedito - Ipu - Guaraciaba do Norte - Tianguá", "CD_CONCURB": null, "NM_CONCURB": null, "Areapopulacional_CD_SIT": 1, "Areapopulacional_CD_TIPO": 0, "Areapopulacional_v0001": 459, "Areapopulacional_v0002": 206, "Areapopulacional_v0003": 203, "Areapopulacional_v0004": 3, "Areapopulacional_v0005": 3.0, "Areapopulacional_v0006": 0.02, "Areapopulacional_v0007": 150, "Areapopulacional_AREA_DOMICILIADA_KM2": 0.189309219, "Areapopulacional_AREA_KM2": 0.189309219, "Areapopulacional_DENSIDADE_DEMOGRAFICA_DOMICILIADA_HAB_KM2": 2424.604579, "Areapopulacional_DENSIDADE_DEMOGRAFICA_SETOR_HAB_KM2": 2424.604579, "teste200(2)_fid": 119024, "teste200(2)_CD_SIT": 1, "teste200(2)_CD_TIPO": 0, "teste200(2)_v0001": 459, "teste200(2)_v0002": 206, "teste200(2)_v0003": 203, "teste200(2)_v0004": 3, "teste200(2)_v0005": 3.0, "teste200(2)_v0006": 0.02, "teste200(2)_v0007": 150, "teste200(2)_AREA_DOMICILIADA_KM2": 0.189309219, "teste200(2)_AREA_KM2": 0.189309219, "teste200(2)_DENSIDADE_DEMOGRAFICA_DOMICILIADA_HAB_KM2": 2424.604579, "teste200(2)_DENSIDADE_DEMOGRAFICA_SETOR_HAB_KM2": 2424.604579, "teste200(2)_V00111SISTEMAGERALÁGUA": 133, "teste200(2)_V00112POÇO": 16, "teste200(2)_V00113POÇORASO": null, "teste200(2)_V00114NASCENTE,FONTE": 0, "teste200(2)_V00115CARROPIPA": 0, "teste200(2)_V00116CHUVA": 0, "teste200(2)_V00117RIOS,AÇUDES,CORREGOS": 0, "teste200(2)_V00118OUTRAFORMA": 0 }, "geometry": { "type": "MultiPolygon", "coordinates": [ [ [ [ -40.987224, -3.714135 ], [ -40.987638299999958, -3.714806299999964 ], [ -40.987741, -3.714972699999976 ], [ -40.987770499999954, -3.715020599999946 ], [ -40.989047599999935, -3.716631899999925 ], [ -40.989384199999961, -3.717197899999974 ], [ -40.989552199999935, -3.717652599999951 ], [ -40.989624499999934, -3.717950799999926 ], [ -40.989877899999954, -3.718996599999969 ], [ -40.991307, -3.718643 ], [ -40.99191, -3.718492 ], [ -40.992147, -3.718442 ], [ -40.992248, -3.719128 ], [ -40.992269, -3.719269 ], [ -40.992372, -3.719974 ], [ -40.992436, -3.720414 ], [ -40.99247, -3.720684 ], [ -40.992605, -3.721752 ], [ -40.9933, -3.721596 ], [ -40.993624, -3.721522 ], [ -40.994122, -3.721409 ], [ -40.994569, -3.721309 ], [ -40.995381, -3.721125 ], [ -40.994917, -3.720322 ], [ -40.994306199999983, -3.71935389999993 ], [ -40.993968199999983, -3.718976599999962 ], [ -40.993682899999953, -3.718658099999971 ], [ -40.993224399999974, -3.718180899999936 ], [ -40.992229, -3.717484 ], [ -40.99203, -3.717347 ], [ -40.991747, -3.717152 ], [ -40.990391, -3.716216 ], [ -40.99023, -3.716106 ], [ -40.990078, -3.715972 ], [ -40.989528, -3.715591 ], [ -40.989271, -3.715413299999966 ], [ -40.989084, -3.715284 ], [ -40.989021, -3.715241 ], [ -40.98856, -3.714922 ], [ -40.988415, -3.714821 ], [ -40.988148, -3.714632 ], [ -40.987804199999971, -3.714387099999954 ], [ -40.987734, -3.714337 ], [ -40.986946, -3.713779 ], [ -40.987206, -3.714116 ], [ -40.987224, -3.714135 ] ] ] ] } },
{ "type": "Feature", "properties": { "CD_SETOR": "231340105000010", "SITUACAO": "Urbana", "CD_SIT": "1", "CD_TIPO": "0", "AREA_KM2": 0.063062659274730995, "CD_REGIAO": "2", "NM_REGIAO": "Nordeste", "CD_UF": "23", "NM_UF": "Ceará", "CD_MUN": "2313401", "NM_MUN": "Tianguá", "CD_DIST": "231340105", "NM_DIST": "Tianguá", "CD_SUBDIST": "23134010500", "NM_SUBDIST": null, "CD_BAIRRO": "2313401001", "NM_BAIRRO": "Centro", "CD_NU": null, "NM_NU": null, "CD_FCU": null, "NM_FCU": null, "CD_AGLOM": null, "NM_AGLOM": null, "CD_RGINT": "2306", "NM_RGINT": "Sobral", "CD_RGI": "230016", "NM_RGI": "São Benedito - Ipu - Guaraciaba do Norte - Tianguá", "CD_CONCURB": null, "NM_CONCURB": null, "Areapopulacional_CD_SIT": 1, "Areapopulacional_CD_TIPO": 0, "Areapopulacional_v0001": 730, "Areapopulacional_v0002": 323, "Areapopulacional_v0003": 323, "Areapopulacional_v0004": 0, "Areapopulacional_v0005": 2.9, "Areapopulacional_v0006": 0.0119, "Areapopulacional_v0007": 253, "Areapopulacional_AREA_DOMICILIADA_KM2": 0.06306, "Areapopulacional_AREA_KM2": 0.063062659, "Areapopulacional_DENSIDADE_DEMOGRAFICA_DOMICILIADA_HAB_KM2": 11576.27656, "Areapopulacional_DENSIDADE_DEMOGRAFICA_SETOR_HAB_KM2": 11575.7884, "teste200(2)_fid": 196531, "teste200(2)_CD_SIT": 1, "teste200(2)_CD_TIPO": 0, "teste200(2)_v0001": 730, "teste200(2)_v0002": 323, "teste200(2)_v0003": 323, "teste200(2)_v0004": 0, "teste200(2)_v0005": 2.9, "teste200(2)_v0006": 0.0119, "teste200(2)_v0007": 253, "teste200(2)_AREA_DOMICILIADA_KM2": 0.06306, "teste200(2)_AREA_KM2": 0.063062659, "teste200(2)_DENSIDADE_DEMOGRAFICA_DOMICILIADA_HAB_KM2": 11576.27656, "teste200(2)_DENSIDADE_DEMOGRAFICA_SETOR_HAB_KM2": 11575.7884, "teste200(2)_V00111SISTEMAGERALÁGUA": 239, "teste200(2)_V00112POÇO": 11, "teste200(2)_V00113POÇORASO": 3, "teste200(2)_V00114NASCENTE,FONTE": 0, "teste200(2)_V00115CARROPIPA": 0, "teste200(2)_V00116CHUVA": 0, "teste200(2)_V00117RIOS,AÇUDES,CORREGOS": 0, "teste200(2)_V00118OUTRAFORMA": 0 }, "geometry": { "type": "MultiPolygon", "coordinates": [ [ [ [ -40.989295699999957, -3.729089299999941 ], [ -40.989400199999977, -3.729890799999964 ], [ -40.988354699999945, -3.730045599999926 ], [ -40.987552799999946, -3.730170899999962 ], [ -40.986569, -3.73028979999998 ], [ -40.98649759999995, -3.73060739999994 ], [ -40.987478199999941, -3.730767299999968 ], [ -40.988250499999936, -3.730848199999969 ], [ -40.990260099999944, -3.730956499999934 ], [ -40.991139799999985, -3.730788699999948 ], [ -40.990951, -3.729651699999977 ], [ -40.990806799999973, -3.728853499999957 ], [ -40.989295699999957, -3.729089299999941 ] ] ] ] } },
{ "type": "Feature", "properties": { "CD_SETOR": "231340105000011", "SITUACAO": "Urbana", "CD_SIT": "1", "CD_TIPO": "0", "AREA_KM2": 0.052963140703922003, "CD_REGIAO": "2", "NM_REGIAO": "Nordeste", "CD_UF": "23", "NM_UF": "Ceará", "CD_MUN": "2313401", "NM_MUN": "Tianguá", "CD_DIST": "231340105", "NM_DIST": "Tianguá", "CD_SUBDIST": "23134010500", "NM_SUBDIST": null, "CD_BAIRRO": "2313401001", "NM_BAIRRO": "Centro", "CD_NU": null, "NM_NU": null, "CD_FCU": null, "NM_FCU": null, "CD_AGLOM": null, "NM_AGLOM": null, "CD_RGINT": "2306", "NM_RGINT": "Sobral", "CD_RGI": "230016", "NM_RGI": "São Benedito - Ipu - Guaraciaba do Norte - Tianguá", "CD_CONCURB": null, "NM_CONCURB": null, "Areapopulacional_CD_SIT": 1, "Areapopulacional_CD_TIPO": 0, "Areapopulacional_v0001": 126, "Areapopulacional_v0002": 82, "Areapopulacional_v0003": 82, "Areapopulacional_v0004": 0, "Areapopulacional_v0005": 2.5, "Areapopulacional_v0006": 0.0196, "Areapopulacional_v0007": 51, "Areapopulacional_AREA_DOMICILIADA_KM2": 0.05296, "Areapopulacional_AREA_KM2": 0.052963141, "Areapopulacional_DENSIDADE_DEMOGRAFICA_DOMICILIADA_HAB_KM2": 2379.154079, "Areapopulacional_DENSIDADE_DEMOGRAFICA_SETOR_HAB_KM2": 2379.012995, "teste200(2)_fid": 210554, "teste200(2)_CD_SIT": 1, "teste200(2)_CD_TIPO": 0, "teste200(2)_v0001": 126, "teste200(2)_v0002": 82, "teste200(2)_v0003": 82, "teste200(2)_v0004": 0, "teste200(2)_v0005": 2.5, "teste200(2)_v0006": 0.0196, "teste200(2)_v0007": 51, "teste200(2)_AREA_DOMICILIADA_KM2": 0.05296, "teste200(2)_AREA_KM2": 0.052963141, "teste200(2)_DENSIDADE_DEMOGRAFICA_DOMICILIADA_HAB_KM2": 2379.154079, "teste200(2)_DENSIDADE_DEMOGRAFICA_SETOR_HAB_KM2": 2379.012995, "teste200(2)_V00111SISTEMAGERALÁGUA": 51, "teste200(2)_V00112POÇO": 0, "teste200(2)_V00113POÇORASO": 0, "teste200(2)_V00114NASCENTE,FONTE": 0, "teste200(2)_V00115CARROPIPA": 0, "teste200(2)_V00116CHUVA": 0, "teste200(2)_V00117RIOS,AÇUDES,CORREGOS": 0, "teste200(2)_V00118OUTRAFORMA": 0 }, "geometry": { "type": "MultiPolygon", "coordinates": [ [ [ [ -40.990951, -3.729651699999977 ], [ -40.991139799999985, -3.730788699999948 ], [ -40.992049, -3.730562099999929 ], [ -40.993779399999937, -3.730160299999966 ], [ -40.993626499999948, -3.729216699999938 ], [ -40.993500499999982, -3.728438899999958 ], [ -40.991679399999953, -3.728708299999937 ], [ -40.991812799999934, -3.729521899999952 ], [ -40.990951, -3.729651699999977 ] ] ] ] } },
{ "type": "Feature", "properties": { "CD_SETOR": "231340105000012", "SITUACAO": "Urbana", "CD_SIT": "1", "CD_TIPO": "0", "AREA_KM2": 0.15867940517217999, "CD_REGIAO": "2", "NM_REGIAO": "Nordeste", "CD_UF": "23", "NM_UF": "Ceará", "CD_MUN": "2313401", "NM_MUN": "Tianguá", "CD_DIST": "231340105", "NM_DIST": "Tianguá", "CD_SUBDIST": "23134010500", "NM_SUBDIST": null, "CD_BAIRRO": "2313401001", "NM_BAIRRO": "Centro", "CD_NU": null, "NM_NU": null, "CD_FCU": null, "NM_FCU": null, "CD_AGLOM": null, "NM_AGLOM": null, "CD_RGINT": "2306", "NM_RGINT": "Sobral", "CD_RGI": "230016", "NM_RGI": "São Benedito - Ipu - Guaraciaba do Norte - Tianguá", "CD_CONCURB": null, "NM_CONCURB": null, "Areapopulacional_CD_SIT": 1, "Areapopulacional_CD_TIPO": 0, "Areapopulacional_v0001": 521, "Areapopulacional_v0002": 343, "Areapopulacional_v0003": 341, "Areapopulacional_v0004": 2, "Areapopulacional_v0005": 2.4, "Areapopulacional_v0006": 0.0137, "Areapopulacional_v0007": 219, "Areapopulacional_AREA_DOMICILIADA_KM2": 0.158679405, "Areapopulacional_AREA_KM2": 0.158679405, "Areapopulacional_DENSIDADE_DEMOGRAFICA_DOMICILIADA_HAB_KM2": 3283.349843, "Areapopulacional_DENSIDADE_DEMOGRAFICA_SETOR_HAB_KM2": 3283.349843, "teste200(2)_fid": 119828, "teste200(2)_CD_SIT": 1, "teste200(2)_CD_TIPO": 0, "teste200(2)_v0001": 521, "teste200(2)_v0002": 343, "teste200(2)_v0003": 341, "teste200(2)_v0004": 2, "teste200(2)_v0005": 2.4, "teste200(2)_v0006": 0.0137, "teste200(2)_v0007": 219, "teste200(2)_AREA_DOMICILIADA_KM2": 0.158679405, "teste200(2)_AREA_KM2": 0.158679405, "teste200(2)_DENSIDADE_DEMOGRAFICA_DOMICILIADA_HAB_KM2": 3283.349843, "teste200(2)_DENSIDADE_DEMOGRAFICA_SETOR_HAB_KM2": 3283.349843, "teste200(2)_V00111SISTEMAGERALÁGUA": 213, "teste200(2)_V00112POÇO": 6, "teste200(2)_V00113POÇORASO": 0, "teste200(2)_V00114NASCENTE,FONTE": 0, "teste200(2)_V00115CARROPIPA": 0, "teste200(2)_V00116CHUVA": 0, "teste200(2)_V00117RIOS,AÇUDES,CORREGOS": 0, "teste200(2)_V00118OUTRAFORMA": 0 }, "geometry": { "type": "MultiPolygon", "coordinates": [ [ [ [ -40.991139799999985, -3.730788699999948 ], [ -40.990260099999944, -3.730956499999934 ], [ -40.990511, -3.732221799999934 ], [ -40.991907899999944, -3.732524299999966 ], [ -40.991425, -3.735723 ], [ -40.991906, -3.735706 ], [ -40.992172, -3.735706 ], [ -40.99226, -3.735684 ], [ -40.992592, -3.735662 ], [ -40.992702, -3.735662 ], [ -40.993012, -3.735662 ], [ -40.993193, -3.735656 ], [ -40.993414, -3.735767 ], [ -40.993591, -3.735612 ], [ -40.99379179999994, -3.732191799999953 ], [ -40.993894499999953, -3.731033299999979 ], [ -40.993869, -3.730853 ], [ -40.993779399999937, -3.730160299999966 ], [ -40.992049, -3.730562099999929 ], [ -40.991139799999985, -3.730788699999948 ] ] ] ] } },
{ "type": "Feature", "properties": { "CD_SETOR": "231340105000014", "SITUACAO": "Urbana", "CD_SIT": "1", "CD_TIPO": "0", "AREA_KM2": 0.058907299494856999, "CD_REGIAO": "2", "NM_REGIAO": "Nordeste", "CD_UF": "23", "NM_UF": "Ceará", "CD_MUN": "2313401", "NM_MUN": "Tianguá", "CD_DIST": "231340105", "NM_DIST": "Tianguá", "CD_SUBDIST": "23134010500", "NM_SUBDIST": null, "CD_BAIRRO": "2313401001", "NM_BAIRRO": "Centro", "CD_NU": null, "NM_NU": null, "CD_FCU": null, "NM_FCU": null, "CD_AGLOM": null, "NM_AGLOM": null, "CD_RGINT": "2306", "NM_RGINT": "Sobral", "CD_RGI": "230016", "NM_RGI": "São Benedito - Ipu - Guaraciaba do Norte - Tianguá", "CD_CONCURB": null, "NM_CONCURB": null, "Areapopulacional_CD_SIT": 1, "Areapopulacional_CD_TIPO": 0, "Areapopulacional_v0001": 389, "Areapopulacional_v0002": 148, "Areapopulacional_v0003": 148, "Areapopulacional_v0004": 0, "Areapopulacional_v0005": 3.1, "Areapopulacional_v0006": 0.0238, "Areapopulacional_v0007": 126, "Areapopulacional_AREA_DOMICILIADA_KM2": 0.058907299, "Areapopulacional_AREA_KM2": 0.058907299, "Areapopulacional_DENSIDADE_DEMOGRAFICA_DOMICILIADA_HAB_KM2": 6603.595876, "Areapopulacional_DENSIDADE_DEMOGRAFICA_SETOR_HAB_KM2": 6603.595876, "teste200(2)_fid": 55441, "teste200(2)_CD_SIT": 1, "teste200(2)_CD_TIPO": 0, "teste200(2)_v0001": 389, "teste200(2)_v0002": 148, "teste200(2)_v0003": 148, "teste200(2)_v0004": 0, "teste200(2)_v0005": 3.1, "teste200(2)_v0006": 0.0238, "teste200(2)_v0007": 126, "teste200(2)_AREA_DOMICILIADA_KM2": 0.058907299, "teste200(2)_AREA_KM2": 0.058907299, "teste200(2)_DENSIDADE_DEMOGRAFICA_DOMICILIADA_HAB_KM2": 6603.595876, "teste200(2)_DENSIDADE_DEMOGRAFICA_SETOR_HAB_KM2": 6603.595876, "teste200(2)_V00111SISTEMAGERALÁGUA": 120, "teste200(2)_V00112POÇO": 6, "teste200(2)_V00113POÇORASO": 0, "teste200(2)_V00114NASCENTE,FONTE": 0, "teste200(2)_V00115CARROPIPA": 0, "teste200(2)_V00116CHUVA": 0, "teste200(2)_V00117RIOS,AÇUDES,CORREGOS": 0, "teste200(2)_V00118OUTRAFORMA": 0 }, "geometry": { "type": "MultiPolygon", "coordinates": [ [ [ [ -40.995244, -3.725515 ], [ -40.994228, -3.725689 ], [ -40.994417099999964, -3.727058199999931 ], [ -40.997854, -3.726305 ], [ -40.99815, -3.726078 ], [ -40.997577899999953, -3.725051899999926 ], [ -40.995244, -3.725515 ] ] ] ] } },
{ "type": "Feature", "properties": { "CD_SETOR": "231340105000016", "SITUACAO": "Urbana", "CD_SIT": "1", "CD_TIPO": "0", "AREA_KM2": 0.050731083743988999, "CD_REGIAO": "2", "NM_REGIAO": "Nordeste", "CD_UF": "23", "NM_UF": "Ceará", "CD_MUN": "2313401", "NM_MUN": "Tianguá", "CD_DIST": "231340105", "NM_DIST": "Tianguá", "CD_SUBDIST": "23134010500", "NM_SUBDIST": null, "CD_BAIRRO": "2313401006", "NM_BAIRRO": "Santo Antônio", "CD_NU": null, "NM_NU": null, "CD_FCU": null, "NM_FCU": null, "CD_AGLOM": null, "NM_AGLOM": null, "CD_RGINT": "2306", "NM_RGINT": "Sobral", "CD_RGI": "230016", "NM_RGI": "São Benedito - Ipu - Guaraciaba do Norte - Tianguá", "CD_CONCURB": null, "NM_CONCURB": null, "Areapopulacional_CD_SIT": 1, "Areapopulacional_CD_TIPO": 0, "Areapopulacional_v0001": 748, "Areapopulacional_v0002": 229, "Areapopulacional_v0003": 229, "Areapopulacional_v0004": 0, "Areapopulacional_v0005": 3.8, "Areapopulacional_v0006": 0.0051, "Areapopulacional_v0007": 198, "Areapopulacional_AREA_DOMICILIADA_KM2": 0.05073, "Areapopulacional_AREA_KM2": 0.050731084, "Areapopulacional_DENSIDADE_DEMOGRAFICA_DOMICILIADA_HAB_KM2": 14744.72699, "Areapopulacional_DENSIDADE_DEMOGRAFICA_SETOR_HAB_KM2": 14744.412, "teste200(2)_fid": 169592, "teste200(2)_CD_SIT": 1, "teste200(2)_CD_TIPO": 0, "teste200(2)_v0001": 748, "teste200(2)_v0002": 229, "teste200(2)_v0003": 229, "teste200(2)_v0004": 0, "teste200(2)_v0005": 3.8, "teste200(2)_v0006": 0.0051, "teste200(2)_v0007": 198, "teste200(2)_AREA_DOMICILIADA_KM2": 0.05073, "teste200(2)_AREA_KM2": 0.050731084, "teste200(2)_DENSIDADE_DEMOGRAFICA_DOMICILIADA_HAB_KM2": 14744.72699, "teste200(2)_DENSIDADE_DEMOGRAFICA_SETOR_HAB_KM2": 14744.412, "teste200(2)_V00111SISTEMAGERALÁGUA": 195, "teste200(2)_V00112POÇO": null, "teste200(2)_V00113POÇORASO": 0, "teste200(2)_V00114NASCENTE,FONTE": 0, "teste200(2)_V00115CARROPIPA": 0, "teste200(2)_V00116CHUVA": 0, "teste200(2)_V00117RIOS,AÇUDES,CORREGOS": 0, "teste200(2)_V00118OUTRAFORMA": null }, "geometry": { "type": "MultiPolygon", "coordinates": [ [ [ [ -41.010739299999955, -3.721055099999944 ], [ -41.010194099999978, -3.721249399999977 ], [ -41.011174399999959, -3.723438299999941 ], [ -41.012792, -3.722740099999953 ], [ -41.011861499999952, -3.720652599999937 ], [ -41.010739299999955, -3.721055099999944 ] ] ] ] } },
{ "type": "Feature", "properties": { "CD_SETOR": "231340105000017", "SITUACAO": "Urbana", "CD_SIT": "1", "CD_TIPO": "0", "AREA_KM2": 0.030080310376812001, "CD_REGIAO": "2", "NM_REGIAO": "Nordeste", "CD_UF": "23", "NM_UF": "Ceará", "CD_MUN": "2313401", "NM_MUN": "Tianguá", "CD_DIST": "231340105", "NM_DIST": "Tianguá", "CD_SUBDIST": "23134010500", "NM_SUBDIST": null, "CD_BAIRRO": "2313401006", "NM_BAIRRO": "Santo Antônio", "CD_NU": null, "NM_NU": null, "CD_FCU": null, "NM_FCU": null, "CD_AGLOM": null, "NM_AGLOM": null, "CD_RGINT": "2306", "NM_RGINT": "Sobral", "CD_RGI": "230016", "NM_RGI": "São Benedito - Ipu - Guaraciaba do Norte - Tianguá", "CD_CONCURB": null, "NM_CONCURB": null, "Areapopulacional_CD_SIT": 1, "Areapopulacional_CD_TIPO": 0, "Areapopulacional_v0001": 428, "Areapopulacional_v0002": 172, "Areapopulacional_v0003": 172, "Areapopulacional_v0004": 0, "Areapopulacional_v0005": 3.1, "Areapopulacional_v0006": 0.0, "Areapopulacional_v0007": 139, "Areapopulacional_AREA_DOMICILIADA_KM2": 0.03008, "Areapopulacional_AREA_KM2": 0.03008031, "Areapopulacional_DENSIDADE_DEMOGRAFICA_DOMICILIADA_HAB_KM2": 14228.7234, "Areapopulacional_DENSIDADE_DEMOGRAFICA_SETOR_HAB_KM2": 14228.57659, "teste200(2)_fid": 148927, "teste200(2)_CD_SIT": 1, "teste200(2)_CD_TIPO": 0, "teste200(2)_v0001": 428, "teste200(2)_v0002": 172, "teste200(2)_v0003": 172, "teste200(2)_v0004": 0, "teste200(2)_v0005": 3.1, "teste200(2)_v0006": 0.0, "teste200(2)_v0007": 139, "teste200(2)_AREA_DOMICILIADA_KM2": 0.03008, "teste200(2)_AREA_KM2": 0.03008031, "teste200(2)_DENSIDADE_DEMOGRAFICA_DOMICILIADA_HAB_KM2": 14228.7234, "teste200(2)_DENSIDADE_DEMOGRAFICA_SETOR_HAB_KM2": 14228.57659, "teste200(2)_V00111SISTEMAGERALÁGUA": 139, "teste200(2)_V00112POÇO": 0, "teste200(2)_V00113POÇORASO": 0, "teste200(2)_V00114NASCENTE,FONTE": 0, "teste200(2)_V00115CARROPIPA": 0, "teste200(2)_V00116CHUVA": 0, "teste200(2)_V00117RIOS,AÇUDES,CORREGOS": 0, "teste200(2)_V00118OUTRAFORMA": 0 }, "geometry": { "type": "MultiPolygon", "coordinates": [ [ [ [ -41.003939699999933, -3.73152639999995 ], [ -41.004601599999944, -3.732737399999962 ], [ -41.005485399999941, -3.73230719999998 ], [ -41.005291899999975, -3.731968799999947 ], [ -41.005134199999929, -3.73167559999996 ], [ -41.004438799999946, -3.730199499999969 ], [ -41.004327799999942, -3.730174299999931 ], [ -41.003859299999931, -3.730407299999968 ], [ -41.003431199999966, -3.730438 ], [ -41.003939699999933, -3.73152639999995 ] ] ] ] } },
{ "type": "Feature", "properties": { "CD_SETOR": "231340105000019", "SITUACAO": "Urbana", "CD_SIT": "2", "CD_TIPO": "0", "AREA_KM2": 0.164417228697576, "CD_REGIAO": "2", "NM_REGIAO": "Nordeste", "CD_UF": "23", "NM_UF": "Ceará", "CD_MUN": "2313401", "NM_MUN": "Tianguá", "CD_DIST": "231340105", "NM_DIST": "Tianguá", "CD_SUBDIST": "23134010500", "NM_SUBDIST": null, "CD_BAIRRO": "2313401024", "NM_BAIRRO": "Afonso Maranguape", "CD_NU": null, "NM_NU": null, "CD_FCU": null, "NM_FCU": null, "CD_AGLOM": null, "NM_AGLOM": null, "CD_RGINT": "2306", "NM_RGINT": "Sobral", "CD_RGI": "230016", "NM_RGI": "São Benedito - Ipu - Guaraciaba do Norte - Tianguá", "CD_CONCURB": null, "NM_CONCURB": null, "Areapopulacional_CD_SIT": 2, "Areapopulacional_CD_TIPO": 0, "Areapopulacional_v0001": 694, "Areapopulacional_v0002": 242, "Areapopulacional_v0003": 242, "Areapopulacional_v0004": 0, "Areapopulacional_v0005": 3.4, "Areapopulacional_v0006": 0.0048, "Areapopulacional_v0007": 207, "Areapopulacional_AREA_DOMICILIADA_KM2": 0.164417229, "Areapopulacional_AREA_KM2": 0.164417229, "Areapopulacional_DENSIDADE_DEMOGRAFICA_DOMICILIADA_HAB_KM2": 4220.968846, "Areapopulacional_DENSIDADE_DEMOGRAFICA_SETOR_HAB_KM2": 4220.968846, "teste200(2)_fid": 93801, "teste200(2)_CD_SIT": 2, "teste200(2)_CD_TIPO": 0, "teste200(2)_v0001": 694, "teste200(2)_v0002": 242, "teste200(2)_v0003": 242, "teste200(2)_v0004": 0, "teste200(2)_v0005": 3.4, "teste200(2)_v0006": 0.0048, "teste200(2)_v0007": 207, "teste200(2)_AREA_DOMICILIADA_KM2": 0.164417229, "teste200(2)_AREA_KM2": 0.164417229, "teste200(2)_DENSIDADE_DEMOGRAFICA_DOMICILIADA_HAB_KM2": 4220.968846, "teste200(2)_DENSIDADE_DEMOGRAFICA_SETOR_HAB_KM2": 4220.968846, "teste200(2)_V00111SISTEMAGERALÁGUA": 206, "teste200(2)_V00112POÇO": null, "teste200(2)_V00113POÇORASO": 0, "teste200(2)_V00114NASCENTE,FONTE": 0, "teste200(2)_V00115CARROPIPA": 0, "teste200(2)_V00116CHUVA": 0, "teste200(2)_V00117RIOS,AÇUDES,CORREGOS": 0, "teste200(2)_V00118OUTRAFORMA": 0 }, "geometry": { "type": "MultiPolygon", "coordinates": [ [ [ [ -40.974666599999978, -3.704457 ], [ -40.974702899999954, -3.704737499999965 ], [ -40.974945099999957, -3.706259899999964 ], [ -40.97501619999997, -3.707390299999929 ], [ -40.975018299999931, -3.70742249999995 ], [ -40.975691299999937, -3.707646299999965 ], [ -40.97646629999997, -3.708082599999955 ], [ -40.975733399999967, -3.709763799999962 ], [ -40.976464899999939, -3.70993859999993 ], [ -40.976319899999964, -3.710326 ], [ -40.976509599999929, -3.710403 ], [ -40.976804399999935, -3.710548399999936 ], [ -40.978103099999942, -3.710676099999944 ], [ -40.978876899999932, -3.708190499999944 ], [ -40.978164, -3.707639 ], [ -40.977518, -3.707224 ], [ -40.977175, -3.706808 ], [ -40.976983, -3.706566 ], [ -40.976839, -3.706323 ], [ -40.976627, -3.70592 ], [ -40.976491, -3.705265 ], [ -40.97636, -3.70428 ], [ -40.974742799999945, -3.70441459999995 ], [ -40.974666599999978, -3.704457 ] ] ] ] } },
{ "type": "Feature", "properties": { "CD_SETOR": "231340105000020", "SITUACAO": "Urbana", "CD_SIT": "1", "CD_TIPO": "0", "AREA_KM2": 0.23979017248571499, "CD_REGIAO": "2", "NM_REGIAO": "Nordeste", "CD_UF": "23", "NM_UF": "Ceará", "CD_MUN": "2313401", "NM_MUN": "Tianguá", "CD_DIST": "231340105", "NM_DIST": "Tianguá", "CD_SUBDIST": "23134010500", "NM_SUBDIST": null, "CD_BAIRRO": "2313401010", "NM_BAIRRO": "Dom Timóteo", "CD_NU": null, "NM_NU": null, "CD_FCU": null, "NM_FCU": null, "CD_AGLOM": null, "NM_AGLOM": null, "CD_RGINT": "2306", "NM_RGINT": "Sobral", "CD_RGI": "230016", "NM_RGI": "São Benedito - Ipu - Guaraciaba do Norte - Tianguá", "CD_CONCURB": null, "NM_CONCURB": null, "Areapopulacional_CD_SIT": 1, "Areapopulacional_CD_TIPO": 0, "Areapopulacional_v0001": 1231, "Areapopulacional_v0002": 454, "Areapopulacional_v0003": 454, "Areapopulacional_v0004": 0, "Areapopulacional_v0005": 3.3, "Areapopulacional_v0006": 0.008, "Areapopulacional_v0007": 376, "Areapopulacional_AREA_DOMICILIADA_KM2": 0.23642, "Areapopulacional_AREA_KM2": 0.239790172, "Areapopulacional_DENSIDADE_DEMOGRAFICA_DOMICILIADA_HAB_KM2": 5206.835293, "Areapopulacional_DENSIDADE_DEMOGRAFICA_SETOR_HAB_KM2": 5133.654925, "teste200(2)_fid": 270772, "teste200(2)_CD_SIT": 1, "teste200(2)_CD_TIPO": 0, "teste200(2)_v0001": 1231, "teste200(2)_v0002": 454, "teste200(2)_v0003": 454, "teste200(2)_v0004": 0, "teste200(2)_v0005": 3.3, "teste200(2)_v0006": 0.008, "teste200(2)_v0007": 376, "teste200(2)_AREA_DOMICILIADA_KM2": 0.23642, "teste200(2)_AREA_KM2": 0.239790172, "teste200(2)_DENSIDADE_DEMOGRAFICA_DOMICILIADA_HAB_KM2": 5206.835293, "teste200(2)_DENSIDADE_DEMOGRAFICA_SETOR_HAB_KM2": 5133.654925, "teste200(2)_V00111SISTEMAGERALÁGUA": 372, "teste200(2)_V00112POÇO": null, "teste200(2)_V00113POÇORASO": 0, "teste200(2)_V00114NASCENTE,FONTE": 0, "teste200(2)_V00115CARROPIPA": 0, "teste200(2)_V00116CHUVA": 0, "teste200(2)_V00117RIOS,AÇUDES,CORREGOS": 0, "teste200(2)_V00118OUTRAFORMA": 3 }, "geometry": { "type": "MultiPolygon", "coordinates": [ [ [ [ -40.986523499999976, -3.741651799999943 ], [ -40.986725299999932, -3.742576 ], [ -40.987018499999976, -3.74339329999998 ], [ -40.987310199999968, -3.744195 ], [ -40.987668099999951, -3.744952 ], [ -40.988093499999934, -3.744301199999938 ], [ -40.988479899999959, -3.743724899999961 ], [ -40.988817, -3.743188 ], [ -40.989023, -3.742899 ], [ -40.989221, -3.74262 ], [ -40.98979479999997, -3.741659199999958 ], [ -40.990037399999949, -3.74127969999995 ], [ -40.99037, -3.740777 ], [ -40.990818, -3.739943 ], [ -40.990916, -3.739769 ], [ -40.991082, -3.738647 ], [ -40.991205, -3.737549 ], [ -40.991232699999955, -3.737301499999944 ], [ -40.991345, -3.736299 ], [ -40.991418, -3.735788 ], [ -40.991425, -3.735723 ], [ -40.990501, -3.735379 ], [ -40.990135, -3.735196 ], [ -40.989679599999931, -3.735098499999935 ], [ -40.989634199999955, -3.735226 ], [ -40.989427099999943, -3.736312899999973 ], [ -40.98811349999994, -3.741095199999961 ], [ -40.986523499999976, -3.741651799999943 ] ] ] ] } },
{ "type": "Feature", "properties": { "CD_SETOR": "231340105000023", "SITUACAO": "Urbana", "CD_SIT": "1", "CD_TIPO": "0", "AREA_KM2": 0.081739641689185003, "CD_REGIAO": "2", "NM_REGIAO": "Nordeste", "CD_UF": "23", "NM_UF": "Ceará", "CD_MUN": "2313401", "NM_MUN": "Tianguá", "CD_DIST": "231340105", "NM_DIST": "Tianguá", "CD_SUBDIST": "23134010500", "NM_SUBDIST": null, "CD_BAIRRO": "2313401001", "NM_BAIRRO": "Centro", "CD_NU": null, "NM_NU": null, "CD_FCU": null, "NM_FCU": null, "CD_AGLOM": null, "NM_AGLOM": null, "CD_RGINT": "2306", "NM_RGINT": "Sobral", "CD_RGI": "230016", "NM_RGI": "São Benedito - Ipu - Guaraciaba do Norte - Tianguá", "CD_CONCURB": null, "NM_CONCURB": null, "Areapopulacional_CD_SIT": 1, "Areapopulacional_CD_TIPO": 0, "Areapopulacional_v0001": 646, "Areapopulacional_v0002": 261, "Areapopulacional_v0003": 261, "Areapopulacional_v0004": 0, "Areapopulacional_v0005": 2.9, "Areapopulacional_v0006": 0.0227, "Areapopulacional_v0007": 220, "Areapopulacional_AREA_DOMICILIADA_KM2": 0.081739642, "Areapopulacional_AREA_KM2": 0.081739642, "Areapopulacional_DENSIDADE_DEMOGRAFICA_DOMICILIADA_HAB_KM2": 7903.142058, "Areapopulacional_DENSIDADE_DEMOGRAFICA_SETOR_HAB_KM2": 7903.142058, "teste200(2)_fid": 118518, "teste200(2)_CD_SIT": 1, "teste200(2)_CD_TIPO": 0, "teste200(2)_v0001": 646, "teste200(2)_v0002": 261, "teste200(2)_v0003": 261, "teste200(2)_v0004": 0, "teste200(2)_v0005": 2.9, "teste200(2)_v0006": 0.0227, "teste200(2)_v0007": 220, "teste200(2)_AREA_DOMICILIADA_KM2": 0.081739642, "teste200(2)_AREA_KM2": 0.081739642, "teste200(2)_DENSIDADE_DEMOGRAFICA_DOMICILIADA_HAB_KM2": 7903.142058, "teste200(2)_DENSIDADE_DEMOGRAFICA_SETOR_HAB_KM2": 7903.142058, "teste200(2)_V00111SISTEMAGERALÁGUA": 217, "teste200(2)_V00112POÇO": null, "teste200(2)_V00113POÇORASO": null, "teste200(2)_V00114NASCENTE,FONTE": 0, "teste200(2)_V00115CARROPIPA": 0, "teste200(2)_V00116CHUVA": 0, "teste200(2)_V00117RIOS,AÇUDES,CORREGOS": 0, "teste200(2)_V00118OUTRAFORMA": 0 }, "geometry": { "type": "MultiPolygon", "coordinates": [ [ [ [ -40.992847, -3.723628 ], [ -40.99301, -3.724804 ], [ -40.993022, -3.724904 ], [ -40.993121, -3.72581 ], [ -40.993135, -3.725876 ], [ -40.993314299999952, -3.726910699999962 ], [ -40.994533899999965, -3.728250299999956 ], [ -40.994417099999964, -3.727058199999931 ], [ -40.994228, -3.725689 ], [ -40.995244, -3.725515 ], [ -40.994898, -3.723348 ], [ -40.992847, -3.723628 ] ] ] ] } },
{ "type": "Feature", "properties": { "CD_SETOR": "231340105000025", "SITUACAO": "Urbana", "CD_SIT": "1", "CD_TIPO": "0", "AREA_KM2": 0.157551082961914, "CD_REGIAO": "2", "NM_REGIAO": "Nordeste", "CD_UF": "23", "NM_UF": "Ceará", "CD_MUN": "2313401", "NM_MUN": "Tianguá", "CD_DIST": "231340105", "NM_DIST": "Tianguá", "CD_SUBDIST": "23134010500", "NM_SUBDIST": null, "CD_BAIRRO": "2313401005", "NM_BAIRRO": "Cruzeiro", "CD_NU": null, "NM_NU": null, "CD_FCU": null, "NM_FCU": null, "CD_AGLOM": null, "NM_AGLOM": null, "CD_RGINT": "2306", "NM_RGINT": "Sobral", "CD_RGI": "230016", "NM_RGI": "São Benedito - Ipu - Guaraciaba do Norte - Tianguá", "CD_CONCURB": null, "NM_CONCURB": null, "Areapopulacional_CD_SIT": 1, "Areapopulacional_CD_TIPO": 0, "Areapopulacional_v0001": 1148, "Areapopulacional_v0002": 480, "Areapopulacional_v0003": 480, "Areapopulacional_v0004": 0, "Areapopulacional_v0005": 3.0, "Areapopulacional_v0006": 0.0207, "Areapopulacional_v0007": 386, "Areapopulacional_AREA_DOMICILIADA_KM2": 0.15755, "Areapopulacional_AREA_KM2": 0.157551083, "Areapopulacional_DENSIDADE_DEMOGRAFICA_DOMICILIADA_HAB_KM2": 7286.57569, "Areapopulacional_DENSIDADE_DEMOGRAFICA_SETOR_HAB_KM2": 7286.525604, "teste200(2)_fid": 141899, "teste200(2)_CD_SIT": 1, "teste200(2)_CD_TIPO": 0, "teste200(2)_v0001": 1148, "teste200(2)_v0002": 480, "teste200(2)_v0003": 480, "teste200(2)_v0004": 0, "teste200(2)_v0005": 3.0, "teste200(2)_v0006": 0.0207, "teste200(2)_v0007": 386, "teste200(2)_AREA_DOMICILIADA_KM2": 0.15755, "teste200(2)_AREA_KM2": 0.157551083, "teste200(2)_DENSIDADE_DEMOGRAFICA_DOMICILIADA_HAB_KM2": 7286.57569, "teste200(2)_DENSIDADE_DEMOGRAFICA_SETOR_HAB_KM2": 7286.525604, "teste200(2)_V00111SISTEMAGERALÁGUA": 376, "teste200(2)_V00112POÇO": 8, "teste200(2)_V00113POÇORASO": 0, "teste200(2)_V00114NASCENTE,FONTE": 0, "teste200(2)_V00115CARROPIPA": 0, "teste200(2)_V00116CHUVA": 0, "teste200(2)_V00117RIOS,AÇUDES,CORREGOS": 0, "teste200(2)_V00118OUTRAFORMA": null }, "geometry": { "type": "MultiPolygon", "coordinates": [ [ [ [ -40.997854, -3.726305 ], [ -40.997453, -3.726612 ], [ -40.997895599999936, -3.727246699999966 ], [ -40.998395699999946, -3.728370499999926 ], [ -40.997859, -3.728485 ], [ -40.997543, -3.728547 ], [ -40.996264, -3.728782 ], [ -40.995184599999959, -3.72894569999994 ], [ -40.996048599999938, -3.729944499999931 ], [ -40.996454899999947, -3.730411499999946 ], [ -40.996982499999945, -3.730969399999935 ], [ -40.997231199999931, -3.731212 ], [ -40.997540499999957, -3.731563799999947 ], [ -40.997977099999957, -3.732042899999954 ], [ -40.998219699999936, -3.732285499999932 ], [ -40.99923, -3.731299 ], [ -40.999654, -3.730922 ], [ -41.00032269999997, -3.730208699999935 ], [ -40.999893799999938, -3.729463599999974 ], [ -40.999802599999953, -3.729308499999945 ], [ -40.999595799999952, -3.728949599999964 ], [ -40.999459199999933, -3.728726599999959 ], [ -40.999337599999933, -3.728504399999963 ], [ -40.999203499999965, -3.728240399999947 ], [ -40.998947799999939, -3.727812799999981 ], [ -40.998636399999953, -3.72699369999998 ], [ -40.998493, -3.726696 ], [ -40.998327, -3.726397 ], [ -40.99815, -3.726078 ], [ -40.997854, -3.726305 ] ] ] ] } },
{ "type": "Feature", "properties": { "CD_SETOR": "231340105000027", "SITUACAO": "Urbana", "CD_SIT": "1", "CD_TIPO": "0", "AREA_KM2": 0.074909777127907001, "CD_REGIAO": "2", "NM_REGIAO": "Nordeste", "CD_UF": "23", "NM_UF": "Ceará", "CD_MUN": "2313401", "NM_MUN": "Tianguá", "CD_DIST": "231340105", "NM_DIST": "Tianguá", "CD_SUBDIST": "23134010500", "NM_SUBDIST": null, "CD_BAIRRO": "2313401006", "NM_BAIRRO": "Santo Antônio", "CD_NU": null, "NM_NU": null, "CD_FCU": null, "NM_FCU": null, "CD_AGLOM": null, "NM_AGLOM": null, "CD_RGINT": "2306", "NM_RGINT": "Sobral", "CD_RGI": "230016", "NM_RGI": "São Benedito - Ipu - Guaraciaba do Norte - Tianguá", "CD_CONCURB": null, "NM_CONCURB": null, "Areapopulacional_CD_SIT": 1, "Areapopulacional_CD_TIPO": 0, "Areapopulacional_v0001": 437, "Areapopulacional_v0002": 184, "Areapopulacional_v0003": 184, "Areapopulacional_v0004": 0, "Areapopulacional_v0005": 3.1, "Areapopulacional_v0006": 0.0071, "Areapopulacional_v0007": 140, "Areapopulacional_AREA_DOMICILIADA_KM2": 0.074909777, "Areapopulacional_AREA_KM2": 0.074909777, "Areapopulacional_DENSIDADE_DEMOGRAFICA_DOMICILIADA_HAB_KM2": 5833.684424, "Areapopulacional_DENSIDADE_DEMOGRAFICA_SETOR_HAB_KM2": 5833.684424, "teste200(2)_fid": 121467, "teste200(2)_CD_SIT": 1, "teste200(2)_CD_TIPO": 0, "teste200(2)_v0001": 437, "teste200(2)_v0002": 184, "teste200(2)_v0003": 184, "teste200(2)_v0004": 0, "teste200(2)_v0005": 3.1, "teste200(2)_v0006": 0.0071, "teste200(2)_v0007": 140, "teste200(2)_AREA_DOMICILIADA_KM2": 0.074909777, "teste200(2)_AREA_KM2": 0.074909777, "teste200(2)_DENSIDADE_DEMOGRAFICA_DOMICILIADA_HAB_KM2": 5833.684424, "teste200(2)_DENSIDADE_DEMOGRAFICA_SETOR_HAB_KM2": 5833.684424, "teste200(2)_V00111SISTEMAGERALÁGUA": 139, "teste200(2)_V00112POÇO": 0, "teste200(2)_V00113POÇORASO": 0, "teste200(2)_V00114NASCENTE,FONTE": 0, "teste200(2)_V00115CARROPIPA": 0, "teste200(2)_V00116CHUVA": 0, "teste200(2)_V00117RIOS,AÇUDES,CORREGOS": 0, "teste200(2)_V00118OUTRAFORMA": 0 }, "geometry": { "type": "MultiPolygon", "coordinates": [ [ [ [ -41.003481, -3.728348 ], [ -40.999893799999938, -3.729463599999974 ], [ -41.00032269999997, -3.730208699999935 ], [ -41.000751899999955, -3.730166 ], [ -41.001802, -3.730277 ], [ -41.001675599999942, -3.729834399999959 ], [ -41.004028099999971, -3.729374399999926 ], [ -41.004438799999946, -3.730199499999969 ], [ -41.00496069999997, -3.729902899999956 ], [ -41.005468, -3.729813 ], [ -41.00458169999996, -3.727977899999928 ], [ -41.003481, -3.728348 ] ] ] ] } },
{ "type": "Feature", "properties": { "CD_SETOR": "231340105000029", "SITUACAO": "Urbana", "CD_SIT": "2", "CD_TIPO": "0", "AREA_KM2": 0.057625314627928997, "CD_REGIAO": "2", "NM_REGIAO": "Nordeste", "CD_UF": "23", "NM_UF": "Ceará", "CD_MUN": "2313401", "NM_MUN": "Tianguá", "CD_DIST": "231340105", "NM_DIST": "Tianguá", "CD_SUBDIST": "23134010500", "NM_SUBDIST": null, "CD_BAIRRO": "2313401007", "NM_BAIRRO": "Geraldo Saraiva", "CD_NU": null, "NM_NU": null, "CD_FCU": null, "NM_FCU": null, "CD_AGLOM": null, "NM_AGLOM": null, "CD_RGINT": "2306", "NM_RGINT": "Sobral", "CD_RGI": "230016", "NM_RGI": "São Benedito - Ipu - Guaraciaba do Norte - Tianguá", "CD_CONCURB": null, "NM_CONCURB": null, "Areapopulacional_CD_SIT": 2, "Areapopulacional_CD_TIPO": 0, "Areapopulacional_v0001": 509, "Areapopulacional_v0002": 206, "Areapopulacional_v0003": 206, "Areapopulacional_v0004": 0, "Areapopulacional_v0005": 3.3, "Areapopulacional_v0006": 0.0321, "Areapopulacional_v0007": 156, "Areapopulacional_AREA_DOMICILIADA_KM2": 0.057625315, "Areapopulacional_AREA_KM2": 0.057625315, "Areapopulacional_DENSIDADE_DEMOGRAFICA_DOMICILIADA_HAB_KM2": 8832.923573, "Areapopulacional_DENSIDADE_DEMOGRAFICA_SETOR_HAB_KM2": 8832.923573, "teste200(2)_fid": 33529, "teste200(2)_CD_SIT": 2, "teste200(2)_CD_TIPO": 0, "teste200(2)_v0001": 509, "teste200(2)_v0002": 206, "teste200(2)_v0003": 206, "teste200(2)_v0004": 0, "teste200(2)_v0005": 3.3, "teste200(2)_v0006": 0.0321, "teste200(2)_v0007": 156, "teste200(2)_AREA_DOMICILIADA_KM2": 0.057625315, "teste200(2)_AREA_KM2": 0.057625315, "teste200(2)_DENSIDADE_DEMOGRAFICA_DOMICILIADA_HAB_KM2": 8832.923573, "teste200(2)_DENSIDADE_DEMOGRAFICA_SETOR_HAB_KM2": 8832.923573, "teste200(2)_V00111SISTEMAGERALÁGUA": 155, "teste200(2)_V00112POÇO": null, "teste200(2)_V00113POÇORASO": 0, "teste200(2)_V00114NASCENTE,FONTE": 0, "teste200(2)_V00115CARROPIPA": 0, "teste200(2)_V00116CHUVA": 0, "teste200(2)_V00117RIOS,AÇUDES,CORREGOS": 0, "teste200(2)_V00118OUTRAFORMA": 0 }, "geometry": { "type": "MultiPolygon", "coordinates": [ [ [ [ -40.998081199999945, -3.722018899999966 ], [ -40.998640199999954, -3.721684299999936 ], [ -41.000701599999957, -3.722573 ], [ -41.000823199999957, -3.720563799999979 ], [ -40.998824499999955, -3.720359799999926 ], [ -40.998861, -3.71967049999995 ], [ -40.998236799999972, -3.719568099999947 ], [ -40.998314799999946, -3.71967049999995 ], [ -40.998263599999973, -3.720388599999978 ], [ -40.998156, -3.721208 ], [ -40.998081199999945, -3.722018899999966 ] ] ] ] } },
{ "type": "Feature", "properties": { "CD_SETOR": "231340105000031", "SITUACAO": "Urbana", "CD_SIT": "1", "CD_TIPO": "0", "AREA_KM2": 0.42885998882422399, "CD_REGIAO": "2", "NM_REGIAO": "Nordeste", "CD_UF": "23", "NM_UF": "Ceará", "CD_MUN": "2313401", "NM_MUN": "Tianguá", "CD_DIST": "231340105", "NM_DIST": "Tianguá", "CD_SUBDIST": "23134010500", "NM_SUBDIST": null, "CD_BAIRRO": "2313401003", "NM_BAIRRO": "Nenê Plácido", "CD_NU": null, "NM_NU": null, "CD_FCU": null, "NM_FCU": null, "CD_AGLOM": null, "NM_AGLOM": null, "CD_RGINT": "2306", "NM_RGINT": "Sobral", "CD_RGI": "230016", "NM_RGI": "São Benedito - Ipu - Guaraciaba do Norte - Tianguá", "CD_CONCURB": null, "NM_CONCURB": null, "Areapopulacional_CD_SIT": 1, "Areapopulacional_CD_TIPO": 0, "Areapopulacional_v0001": 922, "Areapopulacional_v0002": 434, "Areapopulacional_v0003": 431, "Areapopulacional_v0004": 3, "Areapopulacional_v0005": 3.3, "Areapopulacional_v0006": 0.0353, "Areapopulacional_v0007": 283, "Areapopulacional_AREA_DOMICILIADA_KM2": 0.428859989, "Areapopulacional_AREA_KM2": 0.428859989, "Areapopulacional_DENSIDADE_DEMOGRAFICA_DOMICILIADA_HAB_KM2": 2149.8858, "Areapopulacional_DENSIDADE_DEMOGRAFICA_SETOR_HAB_KM2": 2149.8858, "teste200(2)_fid": 127516, "teste200(2)_CD_SIT": 1, "teste200(2)_CD_TIPO": 0, "teste200(2)_v0001": 922, "teste200(2)_v0002": 434, "teste200(2)_v0003": 431, "teste200(2)_v0004": 3, "teste200(2)_v0005": 3.3, "teste200(2)_v0006": 0.0353, "teste200(2)_v0007": 283, "teste200(2)_AREA_DOMICILIADA_KM2": 0.428859989, "teste200(2)_AREA_KM2": 0.428859989, "teste200(2)_DENSIDADE_DEMOGRAFICA_DOMICILIADA_HAB_KM2": 2149.8858, "teste200(2)_DENSIDADE_DEMOGRAFICA_SETOR_HAB_KM2": 2149.8858, "teste200(2)_V00111SISTEMAGERALÁGUA": 274, "teste200(2)_V00112POÇO": 9, "teste200(2)_V00113POÇORASO": 0, "teste200(2)_V00114NASCENTE,FONTE": 0, "teste200(2)_V00115CARROPIPA": 0, "teste200(2)_V00116CHUVA": 0, "teste200(2)_V00117RIOS,AÇUDES,CORREGOS": 0, "teste200(2)_V00118OUTRAFORMA": 0 }, "geometry": { "type": "MultiPolygon", "coordinates": [ [ [ [ -40.980973, -3.716579 ], [ -40.981568, -3.716952 ], [ -40.981823, -3.717103 ], [ -40.982023, -3.717174 ], [ -40.982159899999942, -3.717209899999943 ], [ -40.982305, -3.717248 ], [ -40.982727, -3.717327 ], [ -40.982808899999952, -3.717346799999973 ], [ -40.98354889999996, -3.717541399999959 ], [ -40.984526899999935, -3.718039399999952 ], [ -40.984784, -3.71825 ], [ -40.985038, -3.718443 ], [ -40.985612, -3.718876 ], [ -40.985815399999979, -3.718613499999947 ], [ -40.985859599999969, -3.71827449999995 ], [ -40.986424099999965, -3.716038099999935 ], [ -40.987336399999947, -3.716316399999926 ], [ -40.98776, -3.716486099999941 ], [ -40.987522, -3.715776 ], [ -40.987224, -3.714135 ], [ -40.987206, -3.714116 ], [ -40.986946, -3.713779 ], [ -40.986825799999963, -3.713699099999928 ], [ -40.986606, -3.713553 ], [ -40.986333, -3.713342 ], [ -40.985828, -3.71301 ], [ -40.985709, -3.71291 ], [ -40.985355, -3.712607 ], [ -40.984663, -3.712095 ], [ -40.983529, -3.711273 ], [ -40.98127, -3.709832 ], [ -40.980973, -3.716579 ] ] ] ] } },
{ "type": "Feature", "properties": { "CD_SETOR": "231340105000036", "SITUACAO": "Rural", "CD_SIT": "8", "CD_TIPO": "0", "AREA_KM2": 13.290468747309136, "CD_REGIAO": "2", "NM_REGIAO": "Nordeste", "CD_UF": "23", "NM_UF": "Ceará", "CD_MUN": "2313401", "NM_MUN": "Tianguá", "CD_DIST": "231340105", "NM_DIST": "Tianguá", "CD_SUBDIST": "23134010500", "NM_SUBDIST": null, "CD_BAIRRO": null, "NM_BAIRRO": null, "CD_NU": null, "NM_NU": null, "CD_FCU": null, "NM_FCU": null, "CD_AGLOM": null, "NM_AGLOM": null, "CD_RGINT": "2306", "NM_RGINT": "Sobral", "CD_RGI": "230016", "NM_RGI": "São Benedito - Ipu - Guaraciaba do Norte - Tianguá", "CD_CONCURB": null, "NM_CONCURB": null, "Areapopulacional_CD_SIT": null, "Areapopulacional_CD_TIPO": null, "Areapopulacional_v0001": null, "Areapopulacional_v0002": null, "Areapopulacional_v0003": null, "Areapopulacional_v0004": null, "Areapopulacional_v0005": null, "Areapopulacional_v0006": null, "Areapopulacional_v0007": null, "Areapopulacional_AREA_DOMICILIADA_KM2": null, "Areapopulacional_AREA_KM2": null, "Areapopulacional_DENSIDADE_DEMOGRAFICA_DOMICILIADA_HAB_KM2": null, "Areapopulacional_DENSIDADE_DEMOGRAFICA_SETOR_HAB_KM2": null, "teste200(2)_fid": null, "teste200(2)_CD_SIT": null, "teste200(2)_CD_TIPO": null, "teste200(2)_v0001": null, "teste200(2)_v0002": null, "teste200(2)_v0003": null, "teste200(2)_v0004": null, "teste200(2)_v0005": null, "teste200(2)_v0006": null, "teste200(2)_v0007": null, "teste200(2)_AREA_DOMICILIADA_KM2": null, "teste200(2)_AREA_KM2": null, "teste200(2)_DENSIDADE_DEMOGRAFICA_DOMICILIADA_HAB_KM2": null, "teste200(2)_DENSIDADE_DEMOGRAFICA_SETOR_HAB_KM2": null, "teste200(2)_V00111SISTEMAGERALÁGUA": null, "teste200(2)_V00112POÇO": null, "teste200(2)_V00113POÇORASO": null, "teste200(2)_V00114NASCENTE,FONTE": null, "teste200(2)_V00115CARROPIPA": null, "teste200(2)_V00116CHUVA": null, "teste200(2)_V00117RIOS,AÇUDES,CORREGOS": null, "teste200(2)_V00118OUTRAFORMA": null }, "geometry": { "type": "MultiPolygon", "coordinates": [ [ [ [ -40.978618799999936, -3.655402399999957 ], [ -40.979379499999936, -3.656068 ], [ -40.980393699999979, -3.656701899999973 ], [ -40.981312899999978, -3.657399199999929 ], [ -40.982105299999944, -3.658096499999942 ], [ -40.986500799999931, -3.661344099999951 ], [ -40.986687099999983, -3.66128939999993 ], [ -40.987513399999955, -3.661600899999939 ], [ -40.988339499999938, -3.662360299999932 ], [ -40.989389, -3.662984399999971 ], [ -40.990025599999967, -3.66316269999993 ], [ -40.991831499999932, -3.663159299999961 ], [ -40.992533899999955, -3.663268899999935 ], [ -40.99303679999997, -3.663536099999931 ], [ -40.993841499999974, -3.664340099999947 ], [ -40.994255, -3.665056599999957 ], [ -40.994741099999942, -3.667384099999936 ], [ -40.995087699999942, -3.668121599999949 ], [ -40.995407599999965, -3.668656099999964 ], [ -40.996410699999956, -3.668690699999956 ], [ -40.998451399999965, -3.668171899999948 ], [ -40.999996799999963, -3.667799199999934 ], [ -41.001490199999978, -3.667041199999971 ], [ -41.002775299999939, -3.666210899999953 ], [ -41.003639199999952, -3.661957699999959 ], [ -41.004541199999949, -3.660658599999977 ], [ -41.004979099999957, -3.660111899999947 ], [ -41.00520419999998, -3.659469399999978 ], [ -41.005169799999976, -3.659420399999931 ], [ -41.005108699999937, -3.659309099999973 ], [ -41.00525719999996, -3.65881719999993 ], [ -41.005619199999956, -3.658671699999957 ], [ -41.005587199999979, -3.658654899999931 ], [ -41.005356199999937, -3.65859759999995 ], [ -41.005205299999943, -3.658070799999962 ], [ -41.005240499999957, -3.657940599999961 ], [ -41.003189199999952, -3.653011699999979 ], [ -41.003894, -3.652768899999955 ], [ -41.004361199999948, -3.65258549999993 ], [ -41.004854899999941, -3.652411599999937 ], [ -41.008741499999985, -3.656833399999925 ], [ -41.008645699999931, -3.657542499999977 ], [ -41.008229899999947, -3.657701799999927 ], [ -41.008157099999949, -3.657731299999966 ], [ -41.008140599999933, -3.65774319999997 ], [ -41.008305, -3.657850199999928 ], [ -41.008376099999964, -3.65789639999997 ], [ -41.009066, -3.658345099999963 ], [ -41.010176799999954, -3.659213499999964 ], [ -41.010903199999973, -3.659766899999966 ], [ -41.011692, -3.660711299999946 ], [ -41.012563399999976, -3.66090829999996 ], [ -41.01315139999997, -3.66111589999997 ], [ -41.013670299999944, -3.661427199999935 ], [ -41.014433299999951, -3.661498599999959 ], [ -41.015295899999956, -3.661427199999935 ], [ -41.015983799999958, -3.661603399999933 ], [ -41.016870099999949, -3.662233 ], [ -41.017318399999965, -3.662153499999931 ], [ -41.017682499999978, -3.662222699999973 ], [ -41.018031099999973, -3.662360599999943 ], [ -41.018547199999944, -3.66243019999996 ], [ -41.019100599999945, -3.662568599999929 ], [ -41.019589399999973, -3.662638299999969 ], [ -41.020345799999973, -3.662534 ], [ -41.020663599999978, -3.662483599999973 ], [ -41.020875299999943, -3.661364399999968 ], [ -41.021345799999949, -3.659208299999932 ], [ -41.021833799999968, -3.658213199999977 ], [ -41.021931799999948, -3.656840299999942 ], [ -41.02154319999994, -3.654688399999941 ], [ -41.022287199999937, -3.653207299999963 ], [ -41.025563599999941, -3.65361489999998 ], [ -41.024001599999963, -3.649737799999969 ], [ -41.024169299999983, -3.647005799999931 ], [ -41.017814699999974, -3.646723 ], [ -41.015900899999963, -3.647133 ], [ -41.014528699999971, -3.646658599999967 ], [ -41.012387199999978, -3.647309299999961 ], [ -41.010031099999935, -3.647817 ], [ -41.008822799999962, -3.646945599999981 ], [ -41.007750399999964, -3.646541299999967 ], [ -41.006884299999967, -3.647305 ], [ -41.006191599999966, -3.647548499999971 ], [ -41.006224399999951, -3.64613449999996 ], [ -41.005699499999935, -3.644988799999965 ], [ -41.005409499999985, -3.644344499999931 ], [ -41.004577099999949, -3.643629899999951 ], [ -41.004457099999968, -3.643199599999946 ], [ -41.004826699999967, -3.643049899999937 ], [ -41.007378199999948, -3.643373399999973 ], [ -41.009946699999944, -3.642004099999951 ], [ -41.012085399999933, -3.640061699999933 ], [ -41.011720299999979, -3.636474199999952 ], [ -41.010141499999975, -3.633176499999934 ], [ -41.006850699999973, -3.630959 ], [ -41.004414899999972, -3.627735 ], [ -41.001553899999976, -3.626018899999963 ], [ -40.998692, -3.62387229999996 ], [ -40.993905299999938, -3.623524099999941 ], [ -40.990119, -3.623317099999952 ], [ -40.988922599999967, -3.626464799999951 ], [ -40.988694199999941, -3.627504599999952 ], [ -40.988914099999931, -3.62792109999998 ], [ -40.989837399999942, -3.628682599999934 ], [ -40.990102899999954, -3.629121 ], [ -40.990254799999946, -3.629815299999962 ], [ -40.990258, -3.631757499999935 ], [ -40.989994399999944, -3.632429199999933 ], [ -40.989478099999985, -3.633077 ], [ -40.98882459999993, -3.633634599999937 ], [ -40.988144299999931, -3.633982099999969 ], [ -40.987294499999962, -3.635094199999969 ], [ -40.98728529999994, -3.635973099999944 ], [ -40.986467199999936, -3.638816399999939 ], [ -40.986706399999946, -3.639928699999928 ], [ -40.98698719999993, -3.640933899999936 ], [ -40.987486899999965, -3.642553 ], [ -40.987847099999954, -3.643732599999964 ], [ -40.987292499999967, -3.645385 ], [ -40.987214, -3.646563199999946 ], [ -40.985472499999958, -3.648453599999925 ], [ -40.984219399999972, -3.649033799999927 ], [ -40.980299799999955, -3.648705899999925 ], [ -40.978953299999944, -3.650073499999962 ], [ -40.979257299999972, -3.652790799999934 ], [ -40.978876599999978, -3.654017299999964 ], [ -40.978618799999936, -3.655402399999957 ] ] ] ] } },
{ "type": "Feature", "properties": { "CD_SETOR": "231340105000037", "SITUACAO": "Rural", "CD_SIT": "8", "CD_TIPO": "0", "AREA_KM2": 4.1896397593539447, "CD_REGIAO": "2", "NM_REGIAO": "Nordeste", "CD_UF": "23", "NM_UF": "Ceará", "CD_MUN": "2313401", "NM_MUN": "Tianguá", "CD_DIST": "231340105", "NM_DIST": "Tianguá", "CD_SUBDIST": "23134010500", "NM_SUBDIST": null, "CD_BAIRRO": null, "NM_BAIRRO": null, "CD_NU": null, "NM_NU": null, "CD_FCU": null, "NM_FCU": null, "CD_AGLOM": null, "NM_AGLOM": null, "CD_RGINT": "2306", "NM_RGINT": "Sobral", "CD_RGI": "230016", "NM_RGI": "São Benedito - Ipu - Guaraciaba do Norte - Tianguá", "CD_CONCURB": null, "NM_CONCURB": null, "Areapopulacional_CD_SIT": null, "Areapopulacional_CD_TIPO": null, "Areapopulacional_v0001": null, "Areapopulacional_v0002": null, "Areapopulacional_v0003": null, "Areapopulacional_v0004": null, "Areapopulacional_v0005": null, "Areapopulacional_v0006": null, "Areapopulacional_v0007": null, "Areapopulacional_AREA_DOMICILIADA_KM2": null, "Areapopulacional_AREA_KM2": null, "Areapopulacional_DENSIDADE_DEMOGRAFICA_DOMICILIADA_HAB_KM2": null, "Areapopulacional_DENSIDADE_DEMOGRAFICA_SETOR_HAB_KM2": null, "teste200(2)_fid": null, "teste200(2)_CD_SIT": null, "teste200(2)_CD_TIPO": null, "teste200(2)_v0001": null, "teste200(2)_v0002": null, "teste200(2)_v0003": null, "teste200(2)_v0004": null, "teste200(2)_v0005": null, "teste200(2)_v0006": null, "teste200(2)_v0007": null, "teste200(2)_AREA_DOMICILIADA_KM2": null, "teste200(2)_AREA_KM2": null, "teste200(2)_DENSIDADE_DEMOGRAFICA_DOMICILIADA_HAB_KM2": null, "teste200(2)_DENSIDADE_DEMOGRAFICA_SETOR_HAB_KM2": null, "teste200(2)_V00111SISTEMAGERALÁGUA": null, "teste200(2)_V00112POÇO": null, "teste200(2)_V00113POÇORASO": null, "teste200(2)_V00114NASCENTE,FONTE": null, "teste200(2)_V00115CARROPIPA": null, "teste200(2)_V00116CHUVA": null, "teste200(2)_V00117RIOS,AÇUDES,CORREGOS": null, "teste200(2)_V00118OUTRAFORMA": null }, "geometry": { "type": "MultiPolygon", "coordinates": [ [ [ [ -40.995407599999965, -3.668656099999964 ], [ -40.995546899999965, -3.669463899999926 ], [ -40.994768199999953, -3.670137 ], [ -40.994421799999941, -3.670676 ], [ -40.994281599999965, -3.671392599999933 ], [ -40.994382399999949, -3.672065 ], [ -40.994619, -3.672624699999972 ], [ -40.995119699999975, -3.67298089999997 ], [ -40.995074099999954, -3.67346509999993 ], [ -40.995176199999946, -3.673802899999941 ], [ -40.995262599999933, -3.674219299999947 ], [ -40.995212799999933, -3.674549 ], [ -40.995068099999969, -3.674838699999952 ], [ -40.994915799999944, -3.676496699999973 ], [ -40.994551099999967, -3.677236499999935 ], [ -40.994429899999943, -3.678558199999941 ], [ -40.994674599999939, -3.683148 ], [ -40.994889499999942, -3.684379299999932 ], [ -40.993997599999943, -3.686411499999963 ], [ -40.993862599999943, -3.687498699999935 ], [ -40.993593499999974, -3.687924099999975 ], [ -40.993612599999949, -3.688562299999944 ], [ -40.993508899999938, -3.689017499999977 ], [ -40.994058499999937, -3.689324399999975 ], [ -41.00621179999996, -3.696110199999964 ], [ -41.006241099999954, -3.696209799999963 ], [ -41.006553, -3.697271 ], [ -41.006840599999975, -3.696924599999932 ], [ -41.008947699999965, -3.696348099999966 ], [ -41.01243889999995, -3.694886799999949 ], [ -41.013337, -3.694303599999955 ], [ -41.014330799999982, -3.692953599999953 ], [ -41.013749899999937, -3.692501199999981 ], [ -41.012772499999983, -3.691016099999956 ], [ -41.010392399999944, -3.690372799999977 ], [ -41.009457299999951, -3.689538199999959 ], [ -41.00913879999996, -3.688494099999957 ], [ -41.008677499999976, -3.687403899999936 ], [ -41.007562099999973, -3.686395799999957 ], [ -41.006060699999978, -3.685666499999968 ], [ -41.005588899999964, -3.684937299999945 ], [ -41.005417299999976, -3.683500199999969 ], [ -41.005674699999929, -3.681848699999932 ], [ -41.006382499999972, -3.680476 ], [ -41.006725599999982, -3.679103299999952 ], [ -41.006682799999965, -3.677709199999981 ], [ -41.005889199999956, -3.676593799999978 ], [ -41.003658499999972, -3.676057599999979 ], [ -41.003100899999936, -3.675585799999965 ], [ -41.003058, -3.673827 ], [ -41.002350199999967, -3.673183499999936 ], [ -41.002475899999979, -3.672018099999946 ], [ -41.003560899999968, -3.670561 ], [ -41.003667, -3.669917899999973 ], [ -41.006745099999932, -3.668519699999933 ], [ -41.006921599999941, -3.667135099999939 ], [ -41.007157099999972, -3.666451199999926 ], [ -41.007471199999941, -3.665766499999961 ], [ -41.006678699999952, -3.664671 ], [ -41.005665499999964, -3.663079599999946 ], [ -41.005696099999966, -3.662673799999936 ], [ -41.005818199999965, -3.662233 ], [ -41.005767399999968, -3.661920299999963 ], [ -41.005515, -3.661259599999937 ], [ -41.005472099999963, -3.660487199999977 ], [ -41.005393199999958, -3.659996 ], [ -41.005393899999945, -3.659572399999945 ], [ -41.00520419999998, -3.659469399999978 ], [ -41.004979099999957, -3.660111899999947 ], [ -41.004541199999949, -3.660658599999977 ], [ -41.003639199999952, -3.661957699999959 ], [ -41.002775299999939, -3.666210899999953 ], [ -41.001490199999978, -3.667041199999971 ], [ -40.999996799999963, -3.667799199999934 ], [ -40.998451399999965, -3.668171899999948 ], [ -40.996410699999956, -3.668690699999956 ], [ -40.995407599999965, -3.668656099999964 ] ] ] ] } },
{ "type": "Feature", "properties": { "CD_SETOR": "231340105000038", "SITUACAO": "Rural", "CD_SIT": "8", "CD_TIPO": "0", "AREA_KM2": 11.910352603742313, "CD_REGIAO": "2", "NM_REGIAO": "Nordeste", "CD_UF": "23", "NM_UF": "Ceará", "CD_MUN": "2313401", "NM_MUN": "Tianguá", "CD_DIST": "231340105", "NM_DIST": "Tianguá", "CD_SUBDIST": "23134010500", "NM_SUBDIST": null, "CD_BAIRRO": null, "NM_BAIRRO": null, "CD_NU": null, "NM_NU": null, "CD_FCU": null, "NM_FCU": null, "CD_AGLOM": null, "NM_AGLOM": null, "CD_RGINT": "2306", "NM_RGINT": "Sobral", "CD_RGI": "230016", "NM_RGI": "São Benedito - Ipu - Guaraciaba do Norte - Tianguá", "CD_CONCURB": null, "NM_CONCURB": null, "Areapopulacional_CD_SIT": null, "Areapopulacional_CD_TIPO": null, "Areapopulacional_v0001": null, "Areapopulacional_v0002": null, "Areapopulacional_v0003": null, "Areapopulacional_v0004": null, "Areapopulacional_v0005": null, "Areapopulacional_v0006": null, "Areapopulacional_v0007": null, "Areapopulacional_AREA_DOMICILIADA_KM2": null, "Areapopulacional_AREA_KM2": null, "Areapopulacional_DENSIDADE_DEMOGRAFICA_DOMICILIADA_HAB_KM2": null, "Areapopulacional_DENSIDADE_DEMOGRAFICA_SETOR_HAB_KM2": null, "teste200(2)_fid": null, "teste200(2)_CD_SIT": null, "teste200(2)_CD_TIPO": null, "teste200(2)_v0001": null, "teste200(2)_v0002": null, "teste200(2)_v0003": null, "teste200(2)_v0004": null, "teste200(2)_v0005": null, "teste200(2)_v0006": null, "teste200(2)_v0007": null, "teste200(2)_AREA_DOMICILIADA_KM2": null, "teste200(2)_AREA_KM2": null, "teste200(2)_DENSIDADE_DEMOGRAFICA_DOMICILIADA_HAB_KM2": null, "teste200(2)_DENSIDADE_DEMOGRAFICA_SETOR_HAB_KM2": null, "teste200(2)_V00111SISTEMAGERALÁGUA": null, "teste200(2)_V00112POÇO": null, "teste200(2)_V00113POÇORASO": null, "teste200(2)_V00114NASCENTE,FONTE": null, "teste200(2)_V00115CARROPIPA": null, "teste200(2)_V00116CHUVA": null, "teste200(2)_V00117RIOS,AÇUDES,CORREGOS": null, "teste200(2)_V00118OUTRAFORMA": null }, "geometry": { "type": "MultiPolygon", "coordinates": [ [ [ [ -41.039241, -3.665503 ], [ -41.039026699999965, -3.665503499999943 ], [ -41.038676499999951, -3.667582799999934 ], [ -41.037957899999981, -3.669808899999964 ], [ -41.037313199999971, -3.670923099999925 ], [ -41.035908599999971, -3.672776099999965 ], [ -41.034042099999965, -3.674639699999943 ], [ -41.033195599999942, -3.675797099999954 ], [ -41.032936399999983, -3.676853599999959 ], [ -41.030926, -3.677696799999978 ], [ -41.03018789999993, -3.679307399999971 ], [ -41.02972, -3.680025499999942 ], [ -41.029374099999984, -3.681689799999958 ], [ -41.029375199999947, -3.682163299999957 ], [ -41.029081299999973, -3.682745499999953 ], [ -41.027566099999945, -3.683911699999953 ], [ -41.02493469999996, -3.684702199999947 ], [ -41.024345199999971, -3.685177 ], [ -41.023395199999982, -3.686842299999967 ], [ -41.021597399999962, -3.687753099999952 ], [ -41.018713399999967, -3.689612099999977 ], [ -41.017987699999935, -3.689924399999938 ], [ -41.01725, -3.690075199999967 ], [ -41.01678069999997, -3.690333099999975 ], [ -41.014703199999985, -3.692447699999946 ], [ -41.014330799999982, -3.692953599999953 ], [ -41.013337, -3.694303599999955 ], [ -41.01243889999995, -3.694886799999949 ], [ -41.008947699999965, -3.696348099999966 ], [ -41.006840599999975, -3.696924599999932 ], [ -41.006553, -3.697271 ], [ -41.011281599999961, -3.713358399999947 ], [ -41.017183499999931, -3.713263599999948 ], [ -41.019192299999929, -3.713327499999934 ], [ -41.019811299999958, -3.71354759999997 ], [ -41.02004519999997, -3.713616399999978 ], [ -41.020292799999936, -3.713630199999955 ], [ -41.023847899999964, -3.710098799999969 ], [ -41.03288, -3.701135499999964 ], [ -41.033682699999929, -3.700126099999977 ], [ -41.034677299999942, -3.691896199999974 ], [ -41.035439499999939, -3.689476099999979 ], [ -41.035704199999941, -3.688633299999935 ], [ -41.035682799999961, -3.68707889999996 ], [ -41.036118199999976, -3.686718599999949 ], [ -41.036553599999934, -3.686358199999972 ], [ -41.047301, -3.68227509999997 ], [ -41.047539, -3.682189499999936 ], [ -41.048399699999948, -3.682337099999927 ], [ -41.049829899999963, -3.681808 ], [ -41.05141059999994, -3.681629399999963 ], [ -41.053538499999945, -3.681164899999942 ], [ -41.05649509999995, -3.680170799999928 ], [ -41.059581399999956, -3.679484399999978 ], [ -41.064053299999955, -3.678290299999958 ], [ -41.065424099999973, -3.678170899999941 ], [ -41.06590209999996, -3.678133899999978 ], [ -41.065899899999977, -3.678129499999955 ], [ -41.065399499999955, -3.677987099999939 ], [ -41.064448099999936, -3.677405599999929 ], [ -41.063036599999975, -3.674490499999933 ], [ -41.062630899999931, -3.674096799999973 ], [ -41.061725799999977, -3.673967299999958 ], [ -41.061512299999947, -3.674326599999972 ], [ -41.06039329999993, -3.674377 ], [ -41.05990369999995, -3.674139499999967 ], [ -41.059378699999968, -3.673219199999949 ], [ -41.058806299999958, -3.67279 ], [ -41.057924199999945, -3.672313599999939 ], [ -41.05708919999995, -3.671609799999942 ], [ -41.056147299999964, -3.671025899999961 ], [ -41.055706699999973, -3.670967099999928 ], [ -41.05520649999994, -3.670896499999969 ], [ -41.054192499999942, -3.670001799999966 ], [ -41.053346799999929, -3.669824399999925 ], [ -41.052547899999979, -3.669276 ], [ -41.051962899999978, -3.668559699999946 ], [ -41.051865299999974, -3.667531299999951 ], [ -41.051911599999983, -3.666945099999964 ], [ -41.051743699999975, -3.666407299999946 ], [ -41.051279199999954, -3.666324599999939 ], [ -41.051017, -3.666181699999925 ], [ -41.05076669999994, -3.666074599999945 ], [ -41.050326299999938, -3.666111499999943 ], [ -41.049612, -3.666113199999927 ], [ -41.048655199999985, -3.66524389999995 ], [ -41.04785789999994, -3.665102799999943 ], [ -41.046633099999951, -3.664971799999933 ], [ -41.046109, -3.664877299999944 ], [ -41.045835099999977, -3.664842 ], [ -41.045454399999983, -3.664974499999971 ], [ -41.045026399999983, -3.665226599999926 ], [ -41.044442799999956, -3.665108399999951 ], [ -41.043967499999951, -3.66552809999996 ], [ -41.043622899999946, -3.665815899999927 ], [ -41.042730699999936, -3.666140899999959 ], [ -41.042135, -3.665915 ], [ -41.041672699999936, -3.665531699999974 ], [ -41.041227899999967, -3.664912399999935 ], [ -41.040603199999964, -3.66530309999996 ], [ -41.03981239999996, -3.665477799999962 ], [ -41.039241, -3.665503 ] ] ] ] } },
{ "type": "Feature", "properties": { "CD_SETOR": "231340105000040", "SITUACAO": "Rural", "CD_SIT": "8", "CD_TIPO": "0", "AREA_KM2": 3.4376356235584211, "CD_REGIAO": "2", "NM_REGIAO": "Nordeste", "CD_UF": "23", "NM_UF": "Ceará", "CD_MUN": "2313401", "NM_MUN": "Tianguá", "CD_DIST": "231340105", "NM_DIST": "Tianguá", "CD_SUBDIST": "23134010500", "NM_SUBDIST": null, "CD_BAIRRO": null, "NM_BAIRRO": null, "CD_NU": null, "NM_NU": null, "CD_FCU": null, "NM_FCU": null, "CD_AGLOM": null, "NM_AGLOM": null, "CD_RGINT": "2306", "NM_RGINT": "Sobral", "CD_RGI": "230016", "NM_RGI": "São Benedito - Ipu - Guaraciaba do Norte - Tianguá", "CD_CONCURB": null, "NM_CONCURB": null, "Areapopulacional_CD_SIT": null, "Areapopulacional_CD_TIPO": null, "Areapopulacional_v0001": null, "Areapopulacional_v0002": null, "Areapopulacional_v0003": null, "Areapopulacional_v0004": null, "Areapopulacional_v0005": null, "Areapopulacional_v0006": null, "Areapopulacional_v0007": null, "Areapopulacional_AREA_DOMICILIADA_KM2": null, "Areapopulacional_AREA_KM2": null, "Areapopulacional_DENSIDADE_DEMOGRAFICA_DOMICILIADA_HAB_KM2": null, "Areapopulacional_DENSIDADE_DEMOGRAFICA_SETOR_HAB_KM2": null, "teste200(2)_fid": null, "teste200(2)_CD_SIT": null, "teste200(2)_CD_TIPO": null, "teste200(2)_v0001": null, "teste200(2)_v0002": null, "teste200(2)_v0003": null, "teste200(2)_v0004": null, "teste200(2)_v0005": null, "teste200(2)_v0006": null, "teste200(2)_v0007": null, "teste200(2)_AREA_DOMICILIADA_KM2": null, "teste200(2)_AREA_KM2": null, "teste200(2)_DENSIDADE_DEMOGRAFICA_DOMICILIADA_HAB_KM2": null, "teste200(2)_DENSIDADE_DEMOGRAFICA_SETOR_HAB_KM2": null, "teste200(2)_V00111SISTEMAGERALÁGUA": null, "teste200(2)_V00112POÇO": null, "teste200(2)_V00113POÇORASO": null, "teste200(2)_V00114NASCENTE,FONTE": null, "teste200(2)_V00115CARROPIPA": null, "teste200(2)_V00116CHUVA": null, "teste200(2)_V00117RIOS,AÇUDES,CORREGOS": null, "teste200(2)_V00118OUTRAFORMA": null }, "geometry": { "type": "MultiPolygon", "coordinates": [ [ [ [ -40.94593569999995, -3.708696799999927 ], [ -40.946142, -3.709218399999941 ], [ -40.946272799999974, -3.709551 ], [ -40.946430899999939, -3.709952899999962 ], [ -40.94655419999998, -3.710266299999944 ], [ -40.946701799999971, -3.710277599999927 ], [ -40.946856099999934, -3.710289399999965 ], [ -40.947206299999948, -3.710316299999931 ], [ -40.94768739999995, -3.710353099999963 ], [ -40.948304899999982, -3.710591499999964 ], [ -40.948634199999958, -3.710561 ], [ -40.949663099999952, -3.708588099999929 ], [ -40.950859399999956, -3.707876299999953 ], [ -40.951952199999937, -3.707889399999942 ], [ -40.953389099999981, -3.707222599999966 ], [ -40.95647619999994, -3.704057299999931 ], [ -40.975682499999948, -3.688931 ], [ -40.976830399999983, -3.687984799999981 ], [ -40.976830299999961, -3.687734 ], [ -40.976829399999986, -3.687559699999952 ], [ -40.976847199999952, -3.687174 ], [ -40.976912299999981, -3.686700799999926 ], [ -40.97697809999994, -3.685738899999933 ], [ -40.976917799999967, -3.684942 ], [ -40.976465699999949, -3.684111599999937 ], [ -40.975849899999957, -3.683683299999927 ], [ -40.974522199999967, -3.682952899999975 ], [ -40.973593799999946, -3.682343 ], [ -40.973016899999948, -3.682055 ], [ -40.972348199999942, -3.68144609999996 ], [ -40.971802399999945, -3.680421499999966 ], [ -40.971342099999958, -3.679482699999937 ], [ -40.971154799999965, -3.678911099999937 ], [ -40.971055799999931, -3.678768599999955 ], [ -40.97073649999993, -3.678874199999939 ], [ -40.969240499999955, -3.679027699999949 ], [ -40.967912399999932, -3.677695899999947 ], [ -40.967776799999967, -3.677335099999937 ], [ -40.967214899999931, -3.676892399999929 ], [ -40.969596199999955, -3.676347399999941 ], [ -40.968869599999948, -3.675637699999925 ], [ -40.968131399999947, -3.674871699999926 ], [ -40.967633299999932, -3.674363399999947 ], [ -40.966978099999949, -3.673793399999965 ], [ -40.966464299999984, -3.673447599999974 ], [ -40.965368299999966, -3.672263599999951 ], [ -40.965328099999965, -3.672220299999935 ], [ -40.963292599999932, -3.681569799999977 ], [ -40.964875599999971, -3.686543499999971 ], [ -40.96488329999994, -3.690654299999949 ], [ -40.960614599999985, -3.694027299999959 ], [ -40.956529, -3.696278399999926 ], [ -40.952821099999937, -3.702639899999951 ], [ -40.94593569999995, -3.708696799999927 ] ] ] ] } },
{ "type": "Feature", "properties": { "CD_SETOR": "231340105000042", "SITUACAO": "Rural", "CD_SIT": "8", "CD_TIPO": "0", "AREA_KM2": 9.9334550691993933, "CD_REGIAO": "2", "NM_REGIAO": "Nordeste", "CD_UF": "23", "NM_UF": "Ceará", "CD_MUN": "2313401", "NM_MUN": "Tianguá", "CD_DIST": "231340105", "NM_DIST": "Tianguá", "CD_SUBDIST": "23134010500", "NM_SUBDIST": null, "CD_BAIRRO": null, "NM_BAIRRO": null, "CD_NU": null, "NM_NU": null, "CD_FCU": null, "NM_FCU": null, "CD_AGLOM": null, "NM_AGLOM": null, "CD_RGINT": "2306", "NM_RGINT": "Sobral", "CD_RGI": "230016", "NM_RGI": "São Benedito - Ipu - Guaraciaba do Norte - Tianguá", "CD_CONCURB": null, "NM_CONCURB": null, "Areapopulacional_CD_SIT": null, "Areapopulacional_CD_TIPO": null, "Areapopulacional_v0001": null, "Areapopulacional_v0002": null, "Areapopulacional_v0003": null, "Areapopulacional_v0004": null, "Areapopulacional_v0005": null, "Areapopulacional_v0006": null, "Areapopulacional_v0007": null, "Areapopulacional_AREA_DOMICILIADA_KM2": null, "Areapopulacional_AREA_KM2": null, "Areapopulacional_DENSIDADE_DEMOGRAFICA_DOMICILIADA_HAB_KM2": null, "Areapopulacional_DENSIDADE_DEMOGRAFICA_SETOR_HAB_KM2": null, "teste200(2)_fid": null, "teste200(2)_CD_SIT": null, "teste200(2)_CD_TIPO": null, "teste200(2)_v0001": null, "teste200(2)_v0002": null, "teste200(2)_v0003": null, "teste200(2)_v0004": null, "teste200(2)_v0005": null, "teste200(2)_v0006": null, "teste200(2)_v0007": null, "teste200(2)_AREA_DOMICILIADA_KM2": null, "teste200(2)_AREA_KM2": null, "teste200(2)_DENSIDADE_DEMOGRAFICA_DOMICILIADA_HAB_KM2": null, "teste200(2)_DENSIDADE_DEMOGRAFICA_SETOR_HAB_KM2": null, "teste200(2)_V00111SISTEMAGERALÁGUA": null, "teste200(2)_V00112POÇO": null, "teste200(2)_V00113POÇORASO": null, "teste200(2)_V00114NASCENTE,FONTE": null, "teste200(2)_V00115CARROPIPA": null, "teste200(2)_V00116CHUVA": null, "teste200(2)_V00117RIOS,AÇUDES,CORREGOS": null, "teste200(2)_V00118OUTRAFORMA": null }, "geometry": { "type": "MultiPolygon", "coordinates": [ [ [ [ -40.957144899999946, -3.669764899999961 ], [ -40.95691329999994, -3.669851499999936 ], [ -40.943646699999931, -3.674631 ], [ -40.931935499999952, -3.678580699999941 ], [ -40.931645499999945, -3.678721799999948 ], [ -40.931703699999957, -3.67887989999997 ], [ -40.931131099999959, -3.679401699999971 ], [ -40.931109599999957, -3.679538499999978 ], [ -40.931212699999946, -3.679839799999968 ], [ -40.931220199999984, -3.679861699999947 ], [ -40.931227199999967, -3.679882099999929 ], [ -40.931471199999976, -3.680073199999981 ], [ -40.931539799999939, -3.680235499999981 ], [ -40.931870299999957, -3.680406099999971 ], [ -40.932093799999961, -3.680363199999931 ], [ -40.932251299999962, -3.680448399999932 ], [ -40.932512199999962, -3.680158 ], [ -40.932705799999951, -3.680330499999968 ], [ -40.932686399999966, -3.680634699999928 ], [ -40.932448199999953, -3.681173299999955 ], [ -40.932412299999953, -3.681464799999958 ], [ -40.932120299999951, -3.681830399999967 ], [ -40.932051199999933, -3.682078199999978 ], [ -40.932476799999961, -3.682450099999926 ], [ -40.933237599999984, -3.683128199999942 ], [ -40.93321149999997, -3.68384059999994 ], [ -40.933717399999978, -3.684643199999925 ], [ -40.934401499999979, -3.685638199999971 ], [ -40.934838899999932, -3.685626199999945 ], [ -40.935082799999975, -3.686026099999935 ], [ -40.934998399999984, -3.686442499999941 ], [ -40.935284099999933, -3.687142299999948 ], [ -40.93564779999997, -3.687406799999962 ], [ -40.935464299999978, -3.688836899999956 ], [ -40.935313599999972, -3.689251599999977 ], [ -40.934642899999972, -3.690059799999972 ], [ -40.93457, -3.690370499999972 ], [ -40.934608799999978, -3.691452799999979 ], [ -40.934897499999977, -3.691678499999966 ], [ -40.935663399999953, -3.69231549999995 ], [ -40.935785899999985, -3.692719699999941 ], [ -40.935769799999946, -3.694231199999933 ], [ -40.935975399999961, -3.694448 ], [ -40.936737299999947, -3.694610399999931 ], [ -40.937397, -3.695132799999953 ], [ -40.93808139999993, -3.696143899999925 ], [ -40.938673799999947, -3.697460099999944 ], [ -40.938887299999976, -3.698467099999959 ], [ -40.939012, -3.699930699999925 ], [ -40.939174499999979, -3.70033 ], [ -40.940117199999975, -3.700876199999925 ], [ -40.94066689999994, -3.701473699999951 ], [ -40.940938699999947, -3.702222099999972 ], [ -40.94593569999995, -3.708696799999927 ], [ -40.952821099999937, -3.702639899999951 ], [ -40.956529, -3.696278399999926 ], [ -40.960614599999985, -3.694027299999959 ], [ -40.96488329999994, -3.690654299999949 ], [ -40.964875599999971, -3.686543499999971 ], [ -40.963292599999932, -3.681569799999977 ], [ -40.965328099999965, -3.672220299999935 ], [ -40.96463609999995, -3.672120899999925 ], [ -40.96374789999993, -3.672169599999961 ], [ -40.963345299999958, -3.672200499999974 ], [ -40.96257989999998, -3.671296799999936 ], [ -40.961891299999934, -3.670865 ], [ -40.961138699999935, -3.670915199999968 ], [ -40.960578099999964, -3.671199799999954 ], [ -40.960085, -3.671090799999945 ], [ -40.959426699999938, -3.670835899999929 ], [ -40.959500399999968, -3.670582199999956 ], [ -40.959357399999931, -3.670062199999961 ], [ -40.959234799999933, -3.669672899999966 ], [ -40.95797749999997, -3.669710899999927 ], [ -40.957144899999946, -3.669764899999961 ] ] ] ] } },
{ "type": "Feature", "properties": { "CD_SETOR": "231340105000043", "SITUACAO": "Rural", "CD_SIT": "8", "CD_TIPO": "0", "AREA_KM2": 4.4532241828495867, "CD_REGIAO": "2", "NM_REGIAO": "Nordeste", "CD_UF": "23", "NM_UF": "Ceará", "CD_MUN": "2313401", "NM_MUN": "Tianguá", "CD_DIST": "231340105", "NM_DIST": "Tianguá", "CD_SUBDIST": "23134010500", "NM_SUBDIST": null, "CD_BAIRRO": null, "NM_BAIRRO": null, "CD_NU": null, "NM_NU": null, "CD_FCU": null, "NM_FCU": null, "CD_AGLOM": null, "NM_AGLOM": null, "CD_RGINT": "2306", "NM_RGINT": "Sobral", "CD_RGI": "230016", "NM_RGI": "São Benedito - Ipu - Guaraciaba do Norte - Tianguá", "CD_CONCURB": null, "NM_CONCURB": null, "Areapopulacional_CD_SIT": null, "Areapopulacional_CD_TIPO": null, "Areapopulacional_v0001": null, "Areapopulacional_v0002": null, "Areapopulacional_v0003": null, "Areapopulacional_v0004": null, "Areapopulacional_v0005": null, "Areapopulacional_v0006": null, "Areapopulacional_v0007": null, "Areapopulacional_AREA_DOMICILIADA_KM2": null, "Areapopulacional_AREA_KM2": null, "Areapopulacional_DENSIDADE_DEMOGRAFICA_DOMICILIADA_HAB_KM2": null, "Areapopulacional_DENSIDADE_DEMOGRAFICA_SETOR_HAB_KM2": null, "teste200(2)_fid": null, "teste200(2)_CD_SIT": null, "teste200(2)_CD_TIPO": null, "teste200(2)_v0001": null, "teste200(2)_v0002": null, "teste200(2)_v0003": null, "teste200(2)_v0004": null, "teste200(2)_v0005": null, "teste200(2)_v0006": null, "teste200(2)_v0007": null, "teste200(2)_AREA_DOMICILIADA_KM2": null, "teste200(2)_AREA_KM2": null, "teste200(2)_DENSIDADE_DEMOGRAFICA_DOMICILIADA_HAB_KM2": null, "teste200(2)_DENSIDADE_DEMOGRAFICA_SETOR_HAB_KM2": null, "teste200(2)_V00111SISTEMAGERALÁGUA": null, "teste200(2)_V00112POÇO": null, "teste200(2)_V00113POÇORASO": null, "teste200(2)_V00114NASCENTE,FONTE": null, "teste200(2)_V00115CARROPIPA": null, "teste200(2)_V00116CHUVA": null, "teste200(2)_V00117RIOS,AÇUDES,CORREGOS": null, "teste200(2)_V00118OUTRAFORMA": null }, "geometry": { "type": "MultiPolygon", "coordinates": [ [ [ [ -40.931252, -3.727179699999965 ], [ -40.932453299999963, -3.728356499999961 ], [ -40.932717699999955, -3.729157199999975 ], [ -40.933940699999937, -3.731346899999949 ], [ -40.934342199999946, -3.732904899999937 ], [ -40.935413399999959, -3.733577199999957 ], [ -40.936306699999932, -3.733744399999978 ], [ -40.939508799999942, -3.733883499999934 ], [ -40.940400899999929, -3.733713199999954 ], [ -40.941334899999958, -3.733690599999932 ], [ -40.942951099999959, -3.733919499999956 ], [ -40.943612899999948, -3.733853299999964 ], [ -40.945101199999954, -3.733429699999931 ], [ -40.946488199999976, -3.733574199999964 ], [ -40.947086099999979, -3.733509699999956 ], [ -40.947537, -3.733340799999951 ], [ -40.949435499999936, -3.731861 ], [ -40.950240899999983, -3.731583599999965 ], [ -40.95164879999993, -3.73103279999998 ], [ -40.952931299999932, -3.730476199999941 ], [ -40.952800099999934, -3.727926299999979 ], [ -40.952527299999929, -3.727578899999969 ], [ -40.952130199999942, -3.72683619999998 ], [ -40.951934, -3.725974599999972 ], [ -40.95196569999996, -3.724738799999955 ], [ -40.951543399999935, -3.722603099999958 ], [ -40.949692599999935, -3.722776099999976 ], [ -40.94984489999996, -3.720067799999981 ], [ -40.949252099999967, -3.71960219999994 ], [ -40.949778199999969, -3.719012 ], [ -40.949800899999957, -3.71780119999994 ], [ -40.950121699999954, -3.717023099999949 ], [ -40.950804599999969, -3.716758 ], [ -40.951509099999953, -3.71673809999993 ], [ -40.950880299999938, -3.71504159999995 ], [ -40.949236399999961, -3.712390899999946 ], [ -40.948304899999982, -3.710591499999964 ], [ -40.94768739999995, -3.710353099999963 ], [ -40.947206299999948, -3.710316299999931 ], [ -40.946856099999934, -3.710289399999965 ], [ -40.946701799999971, -3.710277599999927 ], [ -40.94655419999998, -3.710266299999944 ], [ -40.946430899999939, -3.709952899999962 ], [ -40.946272799999974, -3.709551 ], [ -40.946142, -3.709218399999941 ], [ -40.94593569999995, -3.708696799999927 ], [ -40.934067899999945, -3.718564499999957 ], [ -40.932042299999978, -3.726604099999975 ], [ -40.931252, -3.727179699999965 ] ] ] ] } },
{ "type": "Feature", "properties": { "CD_SETOR": "231340105000044", "SITUACAO": "Rural", "CD_SIT": "8", "CD_TIPO": "0", "AREA_KM2": 5.0044156812300784, "CD_REGIAO": "2", "NM_REGIAO": "Nordeste", "CD_UF": "23", "NM_UF": "Ceará", "CD_MUN": "2313401", "NM_MUN": "Tianguá", "CD_DIST": "231340105", "NM_DIST": "Tianguá", "CD_SUBDIST": "23134010500", "NM_SUBDIST": null, "CD_BAIRRO": "2313401011", "NM_BAIRRO": "Vereadora Maria Paixão", "CD_NU": null, "NM_NU": null, "CD_FCU": null, "NM_FCU": null, "CD_AGLOM": null, "NM_AGLOM": null, "CD_RGINT": "2306", "NM_RGINT": "Sobral", "CD_RGI": "230016", "NM_RGI": "São Benedito - Ipu - Guaraciaba do Norte - Tianguá", "CD_CONCURB": null, "NM_CONCURB": null, "Areapopulacional_CD_SIT": null, "Areapopulacional_CD_TIPO": null, "Areapopulacional_v0001": null, "Areapopulacional_v0002": null, "Areapopulacional_v0003": null, "Areapopulacional_v0004": null, "Areapopulacional_v0005": null, "Areapopulacional_v0006": null, "Areapopulacional_v0007": null, "Areapopulacional_AREA_DOMICILIADA_KM2": null, "Areapopulacional_AREA_KM2": null, "Areapopulacional_DENSIDADE_DEMOGRAFICA_DOMICILIADA_HAB_KM2": null, "Areapopulacional_DENSIDADE_DEMOGRAFICA_SETOR_HAB_KM2": null, "teste200(2)_fid": null, "teste200(2)_CD_SIT": null, "teste200(2)_CD_TIPO": null, "teste200(2)_v0001": null, "teste200(2)_v0002": null, "teste200(2)_v0003": null, "teste200(2)_v0004": null, "teste200(2)_v0005": null, "teste200(2)_v0006": null, "teste200(2)_v0007": null, "teste200(2)_AREA_DOMICILIADA_KM2": null, "teste200(2)_AREA_KM2": null, "teste200(2)_DENSIDADE_DEMOGRAFICA_DOMICILIADA_HAB_KM2": null, "teste200(2)_DENSIDADE_DEMOGRAFICA_SETOR_HAB_KM2": null, "teste200(2)_V00111SISTEMAGERALÁGUA": null, "teste200(2)_V00112POÇO": null, "teste200(2)_V00113POÇORASO": null, "teste200(2)_V00114NASCENTE,FONTE": null, "teste200(2)_V00115CARROPIPA": null, "teste200(2)_V00116CHUVA": null, "teste200(2)_V00117RIOS,AÇUDES,CORREGOS": null, "teste200(2)_V00118OUTRAFORMA": null }, "geometry": { "type": "MultiPolygon", "coordinates": [ [ [ [ -40.952931299999932, -3.730476199999941 ], [ -40.953329499999938, -3.730655599999977 ], [ -40.956537499999968, -3.730810899999938 ], [ -40.957042599999966, -3.731030399999952 ], [ -40.958164599999975, -3.730794799999956 ], [ -40.958946399999945, -3.730419799999936 ], [ -40.959697299999959, -3.730393299999946 ], [ -40.959989399999984, -3.730817099999967 ], [ -40.95980389999994, -3.73300839999996 ], [ -40.960066499999982, -3.732991099999936 ], [ -40.96044779999994, -3.733050699999978 ], [ -40.96068889999998, -3.733232399999963 ], [ -40.961614, -3.733962099999928 ], [ -40.963238099999955, -3.734147199999938 ], [ -40.966444599999932, -3.734661 ], [ -40.968150799999933, -3.735265499999969 ], [ -40.96916559999994, -3.735466799999926 ], [ -40.970250299999975, -3.73595679999994 ], [ -40.970801599999959, -3.735991399999932 ], [ -40.971991899999978, -3.735823 ], [ -40.973007099999961, -3.736206 ], [ -40.974423299999955, -3.736151399999926 ], [ -40.976745599999958, -3.735975699999926 ], [ -40.979126699999938, -3.73613759999995 ], [ -40.980408199999943, -3.735959099999945 ], [ -40.981738, -3.735737899999947 ], [ -40.981840799999929, -3.735429299999964 ], [ -40.98211809999998, -3.732037099999957 ], [ -40.982617799999957, -3.727988399999958 ], [ -40.982196099999953, -3.727666 ], [ -40.979129899999975, -3.725313599999936 ], [ -40.978882699999986, -3.724874599999964 ], [ -40.978196399999945, -3.724600799999962 ], [ -40.974350099999981, -3.722492399999965 ], [ -40.972751099999982, -3.722486899999979 ], [ -40.969947099999956, -3.721428099999969 ], [ -40.969413199999963, -3.720952499999953 ], [ -40.968744099999981, -3.720707899999979 ], [ -40.967234399999938, -3.720596899999975 ], [ -40.966400599999929, -3.720355099999949 ], [ -40.965610199999958, -3.720049299999971 ], [ -40.965078199999937, -3.719652499999938 ], [ -40.964440799999977, -3.719459399999948 ], [ -40.963312, -3.718906799999957 ], [ -40.962300099999936, -3.71887339999995 ], [ -40.961390699999981, -3.718633599999976 ], [ -40.96015959999994, -3.718655399999932 ], [ -40.959350099999938, -3.718257899999969 ], [ -40.958531199999982, -3.718138099999976 ], [ -40.957838, -3.718405699999948 ], [ -40.955261699999937, -3.718286199999966 ], [ -40.953306399999974, -3.717536499999937 ], [ -40.951509099999953, -3.71673809999993 ], [ -40.950804599999969, -3.716758 ], [ -40.950121699999954, -3.717023099999949 ], [ -40.949800899999957, -3.71780119999994 ], [ -40.949778199999969, -3.719012 ], [ -40.949252099999967, -3.71960219999994 ], [ -40.94984489999996, -3.720067799999981 ], [ -40.949692599999935, -3.722776099999976 ], [ -40.951543399999935, -3.722603099999958 ], [ -40.95196569999996, -3.724738799999955 ], [ -40.951934, -3.725974599999972 ], [ -40.952130199999942, -3.72683619999998 ], [ -40.952527299999929, -3.727578899999969 ], [ -40.952800099999934, -3.727926299999979 ], [ -40.952931299999932, -3.730476199999941 ] ] ] ] } },
{ "type": "Feature", "properties": { "CD_SETOR": "231340105000045", "SITUACAO": "Rural", "CD_SIT": "8", "CD_TIPO": "0", "AREA_KM2": 5.5437859795368958, "CD_REGIAO": "2", "NM_REGIAO": "Nordeste", "CD_UF": "23", "NM_UF": "Ceará", "CD_MUN": "2313401", "NM_MUN": "Tianguá", "CD_DIST": "231340105", "NM_DIST": "Tianguá", "CD_SUBDIST": "23134010500", "NM_SUBDIST": null, "CD_BAIRRO": "2313401012", "NM_BAIRRO": "Vereador Anastácio Arruda", "CD_NU": null, "NM_NU": null, "CD_FCU": null, "NM_FCU": null, "CD_AGLOM": null, "NM_AGLOM": null, "CD_RGINT": "2306", "NM_RGINT": "Sobral", "CD_RGI": "230016", "NM_RGI": "São Benedito - Ipu - Guaraciaba do Norte - Tianguá", "CD_CONCURB": null, "NM_CONCURB": null, "Areapopulacional_CD_SIT": null, "Areapopulacional_CD_TIPO": null, "Areapopulacional_v0001": null, "Areapopulacional_v0002": null, "Areapopulacional_v0003": null, "Areapopulacional_v0004": null, "Areapopulacional_v0005": null, "Areapopulacional_v0006": null, "Areapopulacional_v0007": null, "Areapopulacional_AREA_DOMICILIADA_KM2": null, "Areapopulacional_AREA_KM2": null, "Areapopulacional_DENSIDADE_DEMOGRAFICA_DOMICILIADA_HAB_KM2": null, "Areapopulacional_DENSIDADE_DEMOGRAFICA_SETOR_HAB_KM2": null, "teste200(2)_fid": null, "teste200(2)_CD_SIT": null, "teste200(2)_CD_TIPO": null, "teste200(2)_v0001": null, "teste200(2)_v0002": null, "teste200(2)_v0003": null, "teste200(2)_v0004": null, "teste200(2)_v0005": null, "teste200(2)_v0006": null, "teste200(2)_v0007": null, "teste200(2)_AREA_DOMICILIADA_KM2": null, "teste200(2)_AREA_KM2": null, "teste200(2)_DENSIDADE_DEMOGRAFICA_DOMICILIADA_HAB_KM2": null, "teste200(2)_DENSIDADE_DEMOGRAFICA_SETOR_HAB_KM2": null, "teste200(2)_V00111SISTEMAGERALÁGUA": null, "teste200(2)_V00112POÇO": null, "teste200(2)_V00113POÇORASO": null, "teste200(2)_V00114NASCENTE,FONTE": null, "teste200(2)_V00115CARROPIPA": null, "teste200(2)_V00116CHUVA": null, "teste200(2)_V00117RIOS,AÇUDES,CORREGOS": null, "teste200(2)_V00118OUTRAFORMA": null }, "geometry": { "type": "MultiPolygon", "coordinates": [ [ [ [ -40.95980389999994, -3.73300839999996 ], [ -40.959580499999959, -3.73354489999997 ], [ -40.959502899999961, -3.734166199999947 ], [ -40.957512099999974, -3.735070299999961 ], [ -40.954899, -3.736244399999975 ], [ -40.953090299999985, -3.736585 ], [ -40.95222229999996, -3.736867399999937 ], [ -40.951216199999976, -3.737233299999957 ], [ -40.950274899999954, -3.73771069999998 ], [ -40.949366199999929, -3.738157799999954 ], [ -40.946433399999933, -3.740001599999971 ], [ -40.945644899999934, -3.739986499999929 ], [ -40.945192299999974, -3.739876599999945 ], [ -40.944879399999934, -3.73988849999995 ], [ -40.944889299999943, -3.742212299999949 ], [ -40.944663699999978, -3.743782599999975 ], [ -40.94456189999994, -3.744537799999932 ], [ -40.944289399999946, -3.746113199999968 ], [ -40.943986199999983, -3.748336399999971 ], [ -40.943965699999978, -3.748486899999932 ], [ -40.94690079999998, -3.748588299999938 ], [ -40.947679299999947, -3.748265499999945 ], [ -40.951364799999965, -3.748100799999975 ], [ -40.956543899999986, -3.747873299999981 ], [ -40.959101499999974, -3.747347899999966 ], [ -40.960404299999936, -3.747375299999931 ], [ -40.962810599999955, -3.74804469999998 ], [ -40.96509089999995, -3.748256499999968 ], [ -40.968209599999966, -3.748495699999978 ], [ -40.969408499999929, -3.748728799999981 ], [ -40.970876699999963, -3.74916 ], [ -40.971689199999958, -3.749373299999945 ], [ -40.974242299999958, -3.750070799999946 ], [ -40.975524699999937, -3.750699199999929 ], [ -40.976130199999943, -3.751019699999972 ], [ -40.97979289999995, -3.752743 ], [ -40.979990499999985, -3.752755599999944 ], [ -40.979989899999964, -3.752693099999931 ], [ -40.979935799999964, -3.752173399999947 ], [ -40.97931989999995, -3.747986499999968 ], [ -40.979087199999981, -3.746613099999934 ], [ -40.978911699999969, -3.745240599999931 ], [ -40.97875769999996, -3.743801399999938 ], [ -40.979754699999944, -3.74359149999998 ], [ -40.981396899999936, -3.736762499999941 ], [ -40.981738, -3.735737899999947 ], [ -40.980408199999943, -3.735959099999945 ], [ -40.979126699999938, -3.73613759999995 ], [ -40.976745599999958, -3.735975699999926 ], [ -40.974423299999955, -3.736151399999926 ], [ -40.973007099999961, -3.736206 ], [ -40.971991899999978, -3.735823 ], [ -40.970801599999959, -3.735991399999932 ], [ -40.970250299999975, -3.73595679999994 ], [ -40.96916559999994, -3.735466799999926 ], [ -40.968150799999933, -3.735265499999969 ], [ -40.966444599999932, -3.734661 ], [ -40.963238099999955, -3.734147199999938 ], [ -40.961614, -3.733962099999928 ], [ -40.96068889999998, -3.733232399999963 ], [ -40.96044779999994, -3.733050699999978 ], [ -40.960066499999982, -3.732991099999936 ], [ -40.95980389999994, -3.73300839999996 ] ] ] ] } },
{ "type": "Feature", "properties": { "CD_SETOR": "231340105000047", "SITUACAO": "Rural", "CD_SIT": "8", "CD_TIPO": "0", "AREA_KM2": 3.9023180785217959, "CD_REGIAO": "2", "NM_REGIAO": "Nordeste", "CD_UF": "23", "NM_UF": "Ceará", "CD_MUN": "2313401", "NM_MUN": "Tianguá", "CD_DIST": "231340105", "NM_DIST": "Tianguá", "CD_SUBDIST": "23134010500", "NM_SUBDIST": null, "CD_BAIRRO": null, "NM_BAIRRO": null, "CD_NU": null, "NM_NU": null, "CD_FCU": null, "NM_FCU": null, "CD_AGLOM": null, "NM_AGLOM": null, "CD_RGINT": "2306", "NM_RGINT": "Sobral", "CD_RGI": "230016", "NM_RGI": "São Benedito - Ipu - Guaraciaba do Norte - Tianguá", "CD_CONCURB": null, "NM_CONCURB": null, "Areapopulacional_CD_SIT": null, "Areapopulacional_CD_TIPO": null, "Areapopulacional_v0001": null, "Areapopulacional_v0002": null, "Areapopulacional_v0003": null, "Areapopulacional_v0004": null, "Areapopulacional_v0005": null, "Areapopulacional_v0006": null, "Areapopulacional_v0007": null, "Areapopulacional_AREA_DOMICILIADA_KM2": null, "Areapopulacional_AREA_KM2": null, "Areapopulacional_DENSIDADE_DEMOGRAFICA_DOMICILIADA_HAB_KM2": null, "Areapopulacional_DENSIDADE_DEMOGRAFICA_SETOR_HAB_KM2": null, "teste200(2)_fid": null, "teste200(2)_CD_SIT": null, "teste200(2)_CD_TIPO": null, "teste200(2)_v0001": null, "teste200(2)_v0002": null, "teste200(2)_v0003": null, "teste200(2)_v0004": null, "teste200(2)_v0005": null, "teste200(2)_v0006": null, "teste200(2)_v0007": null, "teste200(2)_AREA_DOMICILIADA_KM2": null, "teste200(2)_AREA_KM2": null, "teste200(2)_DENSIDADE_DEMOGRAFICA_DOMICILIADA_HAB_KM2": null, "teste200(2)_DENSIDADE_DEMOGRAFICA_SETOR_HAB_KM2": null, "teste200(2)_V00111SISTEMAGERALÁGUA": null, "teste200(2)_V00112POÇO": null, "teste200(2)_V00113POÇORASO": null, "teste200(2)_V00114NASCENTE,FONTE": null, "teste200(2)_V00115CARROPIPA": null, "teste200(2)_V00116CHUVA": null, "teste200(2)_V00117RIOS,AÇUDES,CORREGOS": null, "teste200(2)_V00118OUTRAFORMA": null }, "geometry": { "type": "MultiPolygon", "coordinates": [ [ [ [ -40.926336499999934, -3.753557799999953 ], [ -40.925403299999971, -3.753448799999944 ], [ -40.923976899999957, -3.753460699999948 ], [ -40.923980399999948, -3.755163599999946 ], [ -40.923851, -3.75532469999996 ], [ -40.923571399999958, -3.757553299999927 ], [ -40.923817, -3.757868 ], [ -40.923854, -3.759166 ], [ -40.924115, -3.759412199999929 ], [ -40.924225899999954, -3.760115499999927 ], [ -40.923809199999937, -3.761347799999953 ], [ -40.923397199999954, -3.761982499999931 ], [ -40.922842599999967, -3.762395699999956 ], [ -40.922439699999984, -3.763431699999956 ], [ -40.922003, -3.763491399999964 ], [ -40.921722799999941, -3.763386799999978 ], [ -40.919864099999984, -3.76187079999994 ], [ -40.919337299999938, -3.76164179999995 ], [ -40.917912399999977, -3.761318599999925 ], [ -40.917583799999932, -3.761434599999973 ], [ -40.917508399999974, -3.761657299999968 ], [ -40.917062899999962, -3.762123199999962 ], [ -40.916902499999935, -3.763260499999944 ], [ -40.917188099999976, -3.765022199999976 ], [ -40.917959699999983, -3.766622699999971 ], [ -40.918560199999945, -3.767576399999939 ], [ -40.919155099999955, -3.771029699999929 ], [ -40.91957489999993, -3.77225569999996 ], [ -40.920288699999958, -3.77339 ], [ -40.920663199999979, -3.774219699999946 ], [ -40.921201099999962, -3.77467269999994 ], [ -40.921803, -3.775585899999953 ], [ -40.922322299999962, -3.775717799999939 ], [ -40.922593399999982, -3.775952699999948 ], [ -40.922645799999941, -3.77641269999998 ], [ -40.928072199999974, -3.778367399999979 ], [ -40.928099299999985, -3.778377099999943 ], [ -40.928150499999958, -3.778320599999972 ], [ -40.928463699999952, -3.777338899999961 ], [ -40.929044599999941, -3.776759499999969 ], [ -40.930074699999977, -3.774701199999924 ], [ -40.931190699999945, -3.77327779999996 ], [ -40.93244089999996, -3.77266069999996 ], [ -40.93338, -3.771550299999944 ], [ -40.934275499999956, -3.771331199999963 ], [ -40.934858199999951, -3.771334099999933 ], [ -40.935349599999938, -3.77111489999993 ], [ -40.936330799999951, -3.767277399999955 ], [ -40.936821399999985, -3.765358599999956 ], [ -40.936309499999936, -3.765008699999953 ], [ -40.93631, -3.76385369999997 ], [ -40.936212299999966, -3.763532199999929 ], [ -40.936255899999935, -3.763158899999951 ], [ -40.936430199999961, -3.762335 ], [ -40.936024599999939, -3.761529499999938 ], [ -40.935175299999969, -3.761077399999976 ], [ -40.934104, -3.759313199999951 ], [ -40.933244499999944, -3.758951499999966 ], [ -40.932781599999942, -3.75848689999998 ], [ -40.931263599999966, -3.755319199999974 ], [ -40.931527499999959, -3.754266299999927 ], [ -40.932054799999946, -3.753474599999947 ], [ -40.932153399999947, -3.752257799999938 ], [ -40.932515499999965, -3.751830899999959 ], [ -40.933370699999955, -3.75114119999995 ], [ -40.933744599999955, -3.75056479999995 ], [ -40.931244, -3.750562699999932 ], [ -40.930466, -3.750629799999956 ], [ -40.929619899999977, -3.750681199999974 ], [ -40.928818799999931, -3.751417199999935 ], [ -40.92705239999998, -3.753063599999962 ], [ -40.926336499999934, -3.753557799999953 ] ] ] ] } },
{ "type": "Feature", "properties": { "CD_SETOR": "231340105000048", "SITUACAO": "Rural", "CD_SIT": "8", "CD_TIPO": "0", "AREA_KM2": 4.0495568542191442, "CD_REGIAO": "2", "NM_REGIAO": "Nordeste", "CD_UF": "23", "NM_UF": "Ceará", "CD_MUN": "2313401", "NM_MUN": "Tianguá", "CD_DIST": "231340105", "NM_DIST": "Tianguá", "CD_SUBDIST": "23134010500", "NM_SUBDIST": null, "CD_BAIRRO": null, "NM_BAIRRO": null, "CD_NU": null, "NM_NU": null, "CD_FCU": null, "NM_FCU": null, "CD_AGLOM": null, "NM_AGLOM": null, "CD_RGINT": "2306", "NM_RGINT": "Sobral", "CD_RGI": "230016", "NM_RGI": "São Benedito - Ipu - Guaraciaba do Norte - Tianguá", "CD_CONCURB": null, "NM_CONCURB": null, "Areapopulacional_CD_SIT": null, "Areapopulacional_CD_TIPO": null, "Areapopulacional_v0001": null, "Areapopulacional_v0002": null, "Areapopulacional_v0003": null, "Areapopulacional_v0004": null, "Areapopulacional_v0005": null, "Areapopulacional_v0006": null, "Areapopulacional_v0007": null, "Areapopulacional_AREA_DOMICILIADA_KM2": null, "Areapopulacional_AREA_KM2": null, "Areapopulacional_DENSIDADE_DEMOGRAFICA_DOMICILIADA_HAB_KM2": null, "Areapopulacional_DENSIDADE_DEMOGRAFICA_SETOR_HAB_KM2": null, "teste200(2)_fid": null, "teste200(2)_CD_SIT": null, "teste200(2)_CD_TIPO": null, "teste200(2)_v0001": null, "teste200(2)_v0002": null, "teste200(2)_v0003": null, "teste200(2)_v0004": null, "teste200(2)_v0005": null, "teste200(2)_v0006": null, "teste200(2)_v0007": null, "teste200(2)_AREA_DOMICILIADA_KM2": null, "teste200(2)_AREA_KM2": null, "teste200(2)_DENSIDADE_DEMOGRAFICA_DOMICILIADA_HAB_KM2": null, "teste200(2)_DENSIDADE_DEMOGRAFICA_SETOR_HAB_KM2": null, "teste200(2)_V00111SISTEMAGERALÁGUA": null, "teste200(2)_V00112POÇO": null, "teste200(2)_V00113POÇORASO": null, "teste200(2)_V00114NASCENTE,FONTE": null, "teste200(2)_V00115CARROPIPA": null, "teste200(2)_V00116CHUVA": null, "teste200(2)_V00117RIOS,AÇUDES,CORREGOS": null, "teste200(2)_V00118OUTRAFORMA": null }, "geometry": { "type": "MultiPolygon", "coordinates": [ [ [ [ -40.897279, -3.772037799999964 ], [ -40.90130019999998, -3.770137799999929 ], [ -40.90526559999995, -3.768466 ], [ -40.906722399999978, -3.768520099999932 ], [ -40.922645799999941, -3.77641269999998 ], [ -40.922593399999982, -3.775952699999948 ], [ -40.922322299999962, -3.775717799999939 ], [ -40.921803, -3.775585899999953 ], [ -40.921201099999962, -3.77467269999994 ], [ -40.920663199999979, -3.774219699999946 ], [ -40.920288699999958, -3.77339 ], [ -40.91957489999993, -3.77225569999996 ], [ -40.919155099999955, -3.771029699999929 ], [ -40.918560199999945, -3.767576399999939 ], [ -40.917959699999983, -3.766622699999971 ], [ -40.917188099999976, -3.765022199999976 ], [ -40.916902499999935, -3.763260499999944 ], [ -40.917062899999962, -3.762123199999962 ], [ -40.917508399999974, -3.761657299999968 ], [ -40.917583799999932, -3.761434599999973 ], [ -40.917912399999977, -3.761318599999925 ], [ -40.919337299999938, -3.76164179999995 ], [ -40.919864099999984, -3.76187079999994 ], [ -40.921722799999941, -3.763386799999978 ], [ -40.922003, -3.763491399999964 ], [ -40.922439699999984, -3.763431699999956 ], [ -40.922842599999967, -3.762395699999956 ], [ -40.923397199999954, -3.761982499999931 ], [ -40.923809199999937, -3.761347799999953 ], [ -40.924225899999954, -3.760115499999927 ], [ -40.924115, -3.759412199999929 ], [ -40.923854, -3.759166 ], [ -40.923817, -3.757868 ], [ -40.923571399999958, -3.757553299999927 ], [ -40.923851, -3.75532469999996 ], [ -40.923980399999948, -3.755163599999946 ], [ -40.923976899999957, -3.753460699999948 ], [ -40.923216799999977, -3.753001099999949 ], [ -40.921718599999963, -3.75279919999997 ], [ -40.919404799999938, -3.75237089999996 ], [ -40.917032, -3.751974399999938 ], [ -40.916592299999934, -3.752128 ], [ -40.91482469999994, -3.751010599999972 ], [ -40.91196919999993, -3.755112 ], [ -40.909710899999936, -3.756791699999951 ], [ -40.906136499999945, -3.755244299999958 ], [ -40.903763699999956, -3.759436299999948 ], [ -40.903058, -3.76458139999994 ], [ -40.898537599999941, -3.765069899999958 ], [ -40.89724149999995, -3.770441799999958 ], [ -40.896358699999951, -3.773156099999937 ], [ -40.897279, -3.772037799999964 ] ] ] ] } },
{ "type": "Feature", "properties": { "CD_SETOR": "231340105000049", "SITUACAO": "Rural", "CD_SIT": "8", "CD_TIPO": "0", "AREA_KM2": 2.5598337828018058, "CD_REGIAO": "2", "NM_REGIAO": "Nordeste", "CD_UF": "23", "NM_UF": "Ceará", "CD_MUN": "2313401", "NM_MUN": "Tianguá", "CD_DIST": "231340105", "NM_DIST": "Tianguá", "CD_SUBDIST": "23134010500", "NM_SUBDIST": null, "CD_BAIRRO": "2313401013", "NM_BAIRRO": "São José", "CD_NU": null, "NM_NU": null, "CD_FCU": null, "NM_FCU": null, "CD_AGLOM": null, "NM_AGLOM": null, "CD_RGINT": "2306", "NM_RGINT": "Sobral", "CD_RGI": "230016", "NM_RGI": "São Benedito - Ipu - Guaraciaba do Norte - Tianguá", "CD_CONCURB": null, "NM_CONCURB": null, "Areapopulacional_CD_SIT": null, "Areapopulacional_CD_TIPO": null, "Areapopulacional_v0001": null, "Areapopulacional_v0002": null, "Areapopulacional_v0003": null, "Areapopulacional_v0004": null, "Areapopulacional_v0005": null, "Areapopulacional_v0006": null, "Areapopulacional_v0007": null, "Areapopulacional_AREA_DOMICILIADA_KM2": null, "Areapopulacional_AREA_KM2": null, "Areapopulacional_DENSIDADE_DEMOGRAFICA_DOMICILIADA_HAB_KM2": null, "Areapopulacional_DENSIDADE_DEMOGRAFICA_SETOR_HAB_KM2": null, "teste200(2)_fid": null, "teste200(2)_CD_SIT": null, "teste200(2)_CD_TIPO": null, "teste200(2)_v0001": null, "teste200(2)_v0002": null, "teste200(2)_v0003": null, "teste200(2)_v0004": null, "teste200(2)_v0005": null, "teste200(2)_v0006": null, "teste200(2)_v0007": null, "teste200(2)_AREA_DOMICILIADA_KM2": null, "teste200(2)_AREA_KM2": null, "teste200(2)_DENSIDADE_DEMOGRAFICA_DOMICILIADA_HAB_KM2": null, "teste200(2)_DENSIDADE_DEMOGRAFICA_SETOR_HAB_KM2": null, "teste200(2)_V00111SISTEMAGERALÁGUA": null, "teste200(2)_V00112POÇO": null, "teste200(2)_V00113POÇORASO": null, "teste200(2)_V00114NASCENTE,FONTE": null, "teste200(2)_V00115CARROPIPA": null, "teste200(2)_V00116CHUVA": null, "teste200(2)_V00117RIOS,AÇUDES,CORREGOS": null, "teste200(2)_V00118OUTRAFORMA": null }, "geometry": { "type": "MultiPolygon", "coordinates": [ [ [ [ -40.963725299999965, -3.766819099999964 ], [ -40.965092399999946, -3.767198899999926 ], [ -40.967047699999966, -3.767742 ], [ -40.96856669999994, -3.768222899999955 ], [ -40.970703599999979, -3.76775989999993 ], [ -40.971908099999951, -3.767711299999974 ], [ -40.973303399999963, -3.76754619999997 ], [ -40.975517199999956, -3.765922599999953 ], [ -40.975658399999929, -3.763033499999949 ], [ -40.975672199999963, -3.762437199999965 ], [ -40.97587649999997, -3.760882 ], [ -40.976094699999976, -3.751355499999931 ], [ -40.976110899999981, -3.751202199999966 ], [ -40.976130199999943, -3.751019699999972 ], [ -40.975524699999937, -3.750699199999929 ], [ -40.974242299999958, -3.750070799999946 ], [ -40.971689199999958, -3.749373299999945 ], [ -40.970876699999963, -3.74916 ], [ -40.969408499999929, -3.748728799999981 ], [ -40.968209599999966, -3.748495699999978 ], [ -40.96509089999995, -3.748256499999968 ], [ -40.964976899999954, -3.74926279999994 ], [ -40.96477, -3.751534299999946 ], [ -40.964612299999942, -3.755185199999971 ], [ -40.964686399999948, -3.758870299999955 ], [ -40.964394299999981, -3.762051099999951 ], [ -40.963967, -3.764229399999977 ], [ -40.963771399999985, -3.765972 ], [ -40.963725299999965, -3.766819099999964 ] ] ] ] } },
{ "type": "Feature", "properties": { "CD_SETOR": "231340105000050", "SITUACAO": "Rural", "CD_SIT": "8", "CD_TIPO": "0", "AREA_KM2": 5.0098678319537857, "CD_REGIAO": "2", "NM_REGIAO": "Nordeste", "CD_UF": "23", "NM_UF": "Ceará", "CD_MUN": "2313401", "NM_MUN": "Tianguá", "CD_DIST": "231340105", "NM_DIST": "Tianguá", "CD_SUBDIST": "23134010500", "NM_SUBDIST": null, "CD_BAIRRO": null, "NM_BAIRRO": null, "CD_NU": null, "NM_NU": null, "CD_FCU": null, "NM_FCU": null, "CD_AGLOM": null, "NM_AGLOM": null, "CD_RGINT": "2306", "NM_RGINT": "Sobral", "CD_RGI": "230016", "NM_RGI": "São Benedito - Ipu - Guaraciaba do Norte - Tianguá", "CD_CONCURB": null, "NM_CONCURB": null, "Areapopulacional_CD_SIT": null, "Areapopulacional_CD_TIPO": null, "Areapopulacional_v0001": null, "Areapopulacional_v0002": null, "Areapopulacional_v0003": null, "Areapopulacional_v0004": null, "Areapopulacional_v0005": null, "Areapopulacional_v0006": null, "Areapopulacional_v0007": null, "Areapopulacional_AREA_DOMICILIADA_KM2": null, "Areapopulacional_AREA_KM2": null, "Areapopulacional_DENSIDADE_DEMOGRAFICA_DOMICILIADA_HAB_KM2": null, "Areapopulacional_DENSIDADE_DEMOGRAFICA_SETOR_HAB_KM2": null, "teste200(2)_fid": null, "teste200(2)_CD_SIT": null, "teste200(2)_CD_TIPO": null, "teste200(2)_v0001": null, "teste200(2)_v0002": null, "teste200(2)_v0003": null, "teste200(2)_v0004": null, "teste200(2)_v0005": null, "teste200(2)_v0006": null, "teste200(2)_v0007": null, "teste200(2)_AREA_DOMICILIADA_KM2": null, "teste200(2)_AREA_KM2": null, "teste200(2)_DENSIDADE_DEMOGRAFICA_DOMICILIADA_HAB_KM2": null, "teste200(2)_DENSIDADE_DEMOGRAFICA_SETOR_HAB_KM2": null, "teste200(2)_V00111SISTEMAGERALÁGUA": null, "teste200(2)_V00112POÇO": null, "teste200(2)_V00113POÇORASO": null, "teste200(2)_V00114NASCENTE,FONTE": null, "teste200(2)_V00115CARROPIPA": null, "teste200(2)_V00116CHUVA": null, "teste200(2)_V00117RIOS,AÇUDES,CORREGOS": null, "teste200(2)_V00118OUTRAFORMA": null }, "geometry": { "type": "MultiPolygon", "coordinates": [ [ [ [ -40.943965699999978, -3.748486899999932 ], [ -40.943116299999986, -3.748819899999944 ], [ -40.94289619999995, -3.750839499999927 ], [ -40.942740699999945, -3.751096199999949 ], [ -40.942433199999982, -3.751172299999951 ], [ -40.942080799999985, -3.754838499999948 ], [ -40.941897, -3.754931899999974 ], [ -40.942175, -3.756019399999957 ], [ -40.94181709999998, -3.761296699999946 ], [ -40.941216199999985, -3.76203229999993 ], [ -40.941358199999968, -3.762472199999934 ], [ -40.941813599999932, -3.762411699999973 ], [ -40.941888699999936, -3.762991099999965 ], [ -40.94198, -3.763428899999951 ], [ -40.941941699999973, -3.763996899999938 ], [ -40.942405099999974, -3.765442299999961 ], [ -40.94295, -3.766139599999974 ], [ -40.942408199999932, -3.766661399999975 ], [ -40.942321299999946, -3.766889699999979 ], [ -40.943047499999977, -3.766842699999927 ], [ -40.943440599999974, -3.766817199999934 ], [ -40.944207199999937, -3.76676759999998 ], [ -40.944837199999938, -3.766726899999981 ], [ -40.945852299999956, -3.766603799999928 ], [ -40.947273099999961, -3.766471199999955 ], [ -40.948590199999956, -3.766388499999948 ], [ -40.951293899999939, -3.766121699999928 ], [ -40.951627299999984, -3.766125199999976 ], [ -40.952752099999941, -3.766137199999946 ], [ -40.95323529999996, -3.766142399999978 ], [ -40.953992599999935, -3.76624279999993 ], [ -40.954950099999962, -3.766108499999973 ], [ -40.955946399999959, -3.766104899999959 ], [ -40.956916199999966, -3.766092599999979 ], [ -40.958278199999938, -3.766018799999927 ], [ -40.961159, -3.766086 ], [ -40.96334029999997, -3.76670919999998 ], [ -40.963725299999965, -3.766819099999964 ], [ -40.963771399999985, -3.765972 ], [ -40.963967, -3.764229399999977 ], [ -40.964394299999981, -3.762051099999951 ], [ -40.964686399999948, -3.758870299999955 ], [ -40.964612299999942, -3.755185199999971 ], [ -40.96477, -3.751534299999946 ], [ -40.964976899999954, -3.74926279999994 ], [ -40.96509089999995, -3.748256499999968 ], [ -40.962810599999955, -3.74804469999998 ], [ -40.960404299999936, -3.747375299999931 ], [ -40.959101499999974, -3.747347899999966 ], [ -40.956543899999986, -3.747873299999981 ], [ -40.951364799999965, -3.748100799999975 ], [ -40.947679299999947, -3.748265499999945 ], [ -40.94690079999998, -3.748588299999938 ], [ -40.943965699999978, -3.748486899999932 ] ] ] ] } },
{ "type": "Feature", "properties": { "CD_SETOR": "231340105000051", "SITUACAO": "Rural", "CD_SIT": "8", "CD_TIPO": "0", "AREA_KM2": 6.8246623141540876, "CD_REGIAO": "2", "NM_REGIAO": "Nordeste", "CD_UF": "23", "NM_UF": "Ceará", "CD_MUN": "2313401", "NM_MUN": "Tianguá", "CD_DIST": "231340105", "NM_DIST": "Tianguá", "CD_SUBDIST": "23134010500", "NM_SUBDIST": null, "CD_BAIRRO": "2313401014", "NM_BAIRRO": "Pitanga", "CD_NU": null, "NM_NU": null, "CD_FCU": null, "NM_FCU": null, "CD_AGLOM": null, "NM_AGLOM": null, "CD_RGINT": "2306", "NM_RGINT": "Sobral", "CD_RGI": "230016", "NM_RGI": "São Benedito - Ipu - Guaraciaba do Norte - Tianguá", "CD_CONCURB": null, "NM_CONCURB": null, "Areapopulacional_CD_SIT": null, "Areapopulacional_CD_TIPO": null, "Areapopulacional_v0001": null, "Areapopulacional_v0002": null, "Areapopulacional_v0003": null, "Areapopulacional_v0004": null, "Areapopulacional_v0005": null, "Areapopulacional_v0006": null, "Areapopulacional_v0007": null, "Areapopulacional_AREA_DOMICILIADA_KM2": null, "Areapopulacional_AREA_KM2": null, "Areapopulacional_DENSIDADE_DEMOGRAFICA_DOMICILIADA_HAB_KM2": null, "Areapopulacional_DENSIDADE_DEMOGRAFICA_SETOR_HAB_KM2": null, "teste200(2)_fid": null, "teste200(2)_CD_SIT": null, "teste200(2)_CD_TIPO": null, "teste200(2)_v0001": null, "teste200(2)_v0002": null, "teste200(2)_v0003": null, "teste200(2)_v0004": null, "teste200(2)_v0005": null, "teste200(2)_v0006": null, "teste200(2)_v0007": null, "teste200(2)_AREA_DOMICILIADA_KM2": null, "teste200(2)_AREA_KM2": null, "teste200(2)_DENSIDADE_DEMOGRAFICA_DOMICILIADA_HAB_KM2": null, "teste200(2)_DENSIDADE_DEMOGRAFICA_SETOR_HAB_KM2": null, "teste200(2)_V00111SISTEMAGERALÁGUA": null, "teste200(2)_V00112POÇO": null, "teste200(2)_V00113POÇORASO": null, "teste200(2)_V00114NASCENTE,FONTE": null, "teste200(2)_V00115CARROPIPA": null, "teste200(2)_V00116CHUVA": null, "teste200(2)_V00117RIOS,AÇUDES,CORREGOS": null, "teste200(2)_V00118OUTRAFORMA": null }, "geometry": { "type": "MultiPolygon", "coordinates": [ [ [ [ -40.963725299999965, -3.766819099999964 ], [ -40.963638499999945, -3.770109 ], [ -40.963460699999985, -3.77023 ], [ -40.962852699999985, -3.77064409999997 ], [ -40.961834099999976, -3.771337799999969 ], [ -40.960642899999982, -3.771333299999981 ], [ -40.960553899999979, -3.771358 ], [ -40.958298499999955, -3.771984499999974 ], [ -40.957725399999958, -3.772766 ], [ -40.957366199999967, -3.773033599999962 ], [ -40.956396899999959, -3.773755799999947 ], [ -40.956079199999976, -3.773971899999935 ], [ -40.955035099999975, -3.774681899999962 ], [ -40.953444699999977, -3.776227 ], [ -40.952066499999944, -3.778582 ], [ -40.949744499999952, -3.779437299999927 ], [ -40.948072899999943, -3.782035099999973 ], [ -40.947743399999979, -3.782391599999926 ], [ -40.947139499999935, -3.784442 ], [ -40.947133199999939, -3.784978699999954 ], [ -40.947400899999934, -3.785432199999946 ], [ -40.947435599999949, -3.785874399999955 ], [ -40.948877, -3.78694459999997 ], [ -40.952738599999975, -3.790317699999946 ], [ -40.956030299999952, -3.793807799999968 ], [ -40.958179399999949, -3.797472299999924 ], [ -40.960791699999959, -3.800220799999977 ], [ -40.962527899999941, -3.801391799999976 ], [ -40.970906499999955, -3.787488199999927 ], [ -40.974393299999974, -3.777905499999974 ], [ -40.976217299999973, -3.772749799999929 ], [ -40.976660099999947, -3.771472699999947 ], [ -40.975300499999946, -3.771781499999975 ], [ -40.975438699999984, -3.768044499999974 ], [ -40.975517199999956, -3.765922599999953 ], [ -40.973303399999963, -3.76754619999997 ], [ -40.971908099999951, -3.767711299999974 ], [ -40.970703599999979, -3.76775989999993 ], [ -40.96856669999994, -3.768222899999955 ], [ -40.967047699999966, -3.767742 ], [ -40.965092399999946, -3.767198899999926 ], [ -40.963725299999965, -3.766819099999964 ] ] ] ] } },
{ "type": "Feature", "properties": { "CD_SETOR": "231340105000054", "SITUACAO": "Rural", "CD_SIT": "8", "CD_TIPO": "0", "AREA_KM2": 2.5990531972199058, "CD_REGIAO": "2", "NM_REGIAO": "Nordeste", "CD_UF": "23", "NM_UF": "Ceará", "CD_MUN": "2313401", "NM_MUN": "Tianguá", "CD_DIST": "231340105", "NM_DIST": "Tianguá", "CD_SUBDIST": "23134010500", "NM_SUBDIST": null, "CD_BAIRRO": null, "NM_BAIRRO": null, "CD_NU": null, "NM_NU": null, "CD_FCU": null, "NM_FCU": null, "CD_AGLOM": null, "NM_AGLOM": null, "CD_RGINT": "2306", "NM_RGINT": "Sobral", "CD_RGI": "230016", "NM_RGI": "São Benedito - Ipu - Guaraciaba do Norte - Tianguá", "CD_CONCURB": null, "NM_CONCURB": null, "Areapopulacional_CD_SIT": null, "Areapopulacional_CD_TIPO": null, "Areapopulacional_v0001": null, "Areapopulacional_v0002": null, "Areapopulacional_v0003": null, "Areapopulacional_v0004": null, "Areapopulacional_v0005": null, "Areapopulacional_v0006": null, "Areapopulacional_v0007": null, "Areapopulacional_AREA_DOMICILIADA_KM2": null, "Areapopulacional_AREA_KM2": null, "Areapopulacional_DENSIDADE_DEMOGRAFICA_DOMICILIADA_HAB_KM2": null, "Areapopulacional_DENSIDADE_DEMOGRAFICA_SETOR_HAB_KM2": null, "teste200(2)_fid": null, "teste200(2)_CD_SIT": null, "teste200(2)_CD_TIPO": null, "teste200(2)_v0001": null, "teste200(2)_v0002": null, "teste200(2)_v0003": null, "teste200(2)_v0004": null, "teste200(2)_v0005": null, "teste200(2)_v0006": null, "teste200(2)_v0007": null, "teste200(2)_AREA_DOMICILIADA_KM2": null, "teste200(2)_AREA_KM2": null, "teste200(2)_DENSIDADE_DEMOGRAFICA_DOMICILIADA_HAB_KM2": null, "teste200(2)_DENSIDADE_DEMOGRAFICA_SETOR_HAB_KM2": null, "teste200(2)_V00111SISTEMAGERALÁGUA": null, "teste200(2)_V00112POÇO": null, "teste200(2)_V00113POÇORASO": null, "teste200(2)_V00114NASCENTE,FONTE": null, "teste200(2)_V00115CARROPIPA": null, "teste200(2)_V00116CHUVA": null, "teste200(2)_V00117RIOS,AÇUDES,CORREGOS": null, "teste200(2)_V00118OUTRAFORMA": null }, "geometry": { "type": "MultiPolygon", "coordinates": [ [ [ [ -40.940090399999974, -3.661790399999973 ], [ -40.941226099999938, -3.667548599999975 ], [ -40.940846399999941, -3.667188799999963 ], [ -40.94054749999998, -3.667052399999932 ], [ -40.940242, -3.666980199999955 ], [ -40.94002519999998, -3.66818829999994 ], [ -40.940306599999985, -3.668489499999964 ], [ -40.94012319999996, -3.669091699999967 ], [ -40.940140099999951, -3.669495299999937 ], [ -40.939926799999967, -3.669794799999977 ], [ -40.939508399999966, -3.670125 ], [ -40.939098199999933, -3.670699 ], [ -40.93903679999994, -3.671096099999943 ], [ -40.938714399999981, -3.671752699999956 ], [ -40.938452799999936, -3.672125699999981 ], [ -40.93789, -3.67239909999995 ], [ -40.937193199999967, -3.672639 ], [ -40.936820499999953, -3.672691799999939 ], [ -40.936820599999976, -3.672420299999942 ], [ -40.936128899999972, -3.672032299999955 ], [ -40.935085399999934, -3.671784799999955 ], [ -40.93390729999993, -3.671662799999979 ], [ -40.933877, -3.672661199999936 ], [ -40.933721099999957, -3.672873 ], [ -40.933604099999968, -3.673281 ], [ -40.933859199999972, -3.673727499999927 ], [ -40.93379079999994, -3.674052199999949 ], [ -40.93320639999996, -3.674933099999976 ], [ -40.932996, -3.675578499999972 ], [ -40.932724099999973, -3.676011699999947 ], [ -40.93203189999997, -3.676746 ], [ -40.931630799999937, -3.677125499999931 ], [ -40.931367099999932, -3.677191799999946 ], [ -40.931182, -3.67731079999993 ], [ -40.931160199999965, -3.677607 ], [ -40.93149, -3.677935799999943 ], [ -40.931570699999952, -3.678518599999961 ], [ -40.931645499999945, -3.678721799999948 ], [ -40.931935499999952, -3.678580699999941 ], [ -40.943646699999931, -3.674631 ], [ -40.95691329999994, -3.669851499999936 ], [ -40.957144899999946, -3.669764899999961 ], [ -40.956704899999977, -3.668360599999971 ], [ -40.956000499999959, -3.667314499999975 ], [ -40.95622869999994, -3.666964099999973 ], [ -40.956974299999956, -3.666605499999946 ], [ -40.957167799999979, -3.666327799999976 ], [ -40.957243, -3.664669799999956 ], [ -40.95661309999997, -3.664116799999931 ], [ -40.954856899999982, -3.663765199999943 ], [ -40.954546299999947, -3.663194399999952 ], [ -40.954110799999967, -3.662651599999947 ], [ -40.952719299999956, -3.662896099999955 ], [ -40.951619299999948, -3.66313839999998 ], [ -40.950277, -3.663529899999958 ], [ -40.949504499999932, -3.663602699999956 ], [ -40.948872299999948, -3.662881 ], [ -40.950444799999957, -3.661870699999952 ], [ -40.951260899999966, -3.66137759999998 ], [ -40.951414299999954, -3.660714799999937 ], [ -40.951463699999977, -3.660323099999971 ], [ -40.950165199999958, -3.660379199999966 ], [ -40.949326199999973, -3.660528399999976 ], [ -40.948801199999934, -3.659606799999949 ], [ -40.946462, -3.662230299999976 ], [ -40.944511099999943, -3.662622599999963 ], [ -40.943558799999948, -3.663282299999935 ], [ -40.942168899999956, -3.662165 ], [ -40.940731699999958, -3.661628299999961 ], [ -40.940090399999974, -3.661790399999973 ] ] ] ] } },
{ "type": "Feature", "properties": { "CD_SETOR": "231340105000055", "SITUACAO": "Urbana", "CD_SIT": "1", "CD_TIPO": "0", "AREA_KM2": 0.057076035723466999, "CD_REGIAO": "2", "NM_REGIAO": "Nordeste", "CD_UF": "23", "NM_UF": "Ceará", "CD_MUN": "2313401", "NM_MUN": "Tianguá", "CD_DIST": "231340105", "NM_DIST": "Tianguá", "CD_SUBDIST": "23134010500", "NM_SUBDIST": null, "CD_BAIRRO": "2313401025", "NM_BAIRRO": "Seminário", "CD_NU": null, "NM_NU": null, "CD_FCU": null, "NM_FCU": null, "CD_AGLOM": null, "NM_AGLOM": null, "CD_RGINT": "2306", "NM_RGINT": "Sobral", "CD_RGI": "230016", "NM_RGI": "São Benedito - Ipu - Guaraciaba do Norte - Tianguá", "CD_CONCURB": null, "NM_CONCURB": null, "Areapopulacional_CD_SIT": 1, "Areapopulacional_CD_TIPO": 0, "Areapopulacional_v0001": 536, "Areapopulacional_v0002": 208, "Areapopulacional_v0003": 205, "Areapopulacional_v0004": 3, "Areapopulacional_v0005": 3.0, "Areapopulacional_v0006": 0.0284, "Areapopulacional_v0007": 176, "Areapopulacional_AREA_DOMICILIADA_KM2": 0.057076036, "Areapopulacional_AREA_KM2": 0.057076036, "Areapopulacional_DENSIDADE_DEMOGRAFICA_DOMICILIADA_HAB_KM2": 9390.981578000001, "Areapopulacional_DENSIDADE_DEMOGRAFICA_SETOR_HAB_KM2": 9390.981578000001, "teste200(2)_fid": 39107, "teste200(2)_CD_SIT": 1, "teste200(2)_CD_TIPO": 0, "teste200(2)_v0001": 536, "teste200(2)_v0002": 208, "teste200(2)_v0003": 205, "teste200(2)_v0004": 3, "teste200(2)_v0005": 3.0, "teste200(2)_v0006": 0.0284, "teste200(2)_v0007": 176, "teste200(2)_AREA_DOMICILIADA_KM2": 0.057076036, "teste200(2)_AREA_KM2": 0.057076036, "teste200(2)_DENSIDADE_DEMOGRAFICA_DOMICILIADA_HAB_KM2": 9390.981578000001, "teste200(2)_DENSIDADE_DEMOGRAFICA_SETOR_HAB_KM2": 9390.981578000001, "teste200(2)_V00111SISTEMAGERALÁGUA": 170, "teste200(2)_V00112POÇO": 3, "teste200(2)_V00113POÇORASO": 0, "teste200(2)_V00114NASCENTE,FONTE": 0, "teste200(2)_V00115CARROPIPA": 0, "teste200(2)_V00116CHUVA": 0, "teste200(2)_V00117RIOS,AÇUDES,CORREGOS": 0, "teste200(2)_V00118OUTRAFORMA": 3 }, "geometry": { "type": "MultiPolygon", "coordinates": [ [ [ [ -40.98776, -3.716486099999941 ], [ -40.988028799999938, -3.718232 ], [ -40.988377, -3.719969 ], [ -40.988496899999973, -3.71979609999994 ], [ -40.988969199999985, -3.718055599999957 ], [ -40.989624499999934, -3.717950799999926 ], [ -40.989552199999935, -3.717652599999951 ], [ -40.989384199999961, -3.717197899999974 ], [ -40.989047599999935, -3.716631899999925 ], [ -40.987770499999954, -3.715020599999946 ], [ -40.987741, -3.714972699999976 ], [ -40.987638299999958, -3.714806299999964 ], [ -40.987224, -3.714135 ], [ -40.987522, -3.715776 ], [ -40.98776, -3.716486099999941 ] ] ] ] } },
{ "type": "Feature", "properties": { "CD_SETOR": "231340105000056", "SITUACAO": "Urbana", "CD_SIT": "1", "CD_TIPO": "0", "AREA_KM2": 0.107085494329399, "CD_REGIAO": "2", "NM_REGIAO": "Nordeste", "CD_UF": "23", "NM_UF": "Ceará", "CD_MUN": "2313401", "NM_MUN": "Tianguá", "CD_DIST": "231340105", "NM_DIST": "Tianguá", "CD_SUBDIST": "23134010500", "NM_SUBDIST": null, "CD_BAIRRO": "2313401003", "NM_BAIRRO": "Nenê Plácido", "CD_NU": null, "NM_NU": null, "CD_FCU": null, "NM_FCU": null, "CD_AGLOM": null, "NM_AGLOM": null, "CD_RGINT": "2306", "NM_RGINT": "Sobral", "CD_RGI": "230016", "NM_RGI": "São Benedito - Ipu - Guaraciaba do Norte - Tianguá", "CD_CONCURB": null, "NM_CONCURB": null, "Areapopulacional_CD_SIT": 1, "Areapopulacional_CD_TIPO": 0, "Areapopulacional_v0001": 535, "Areapopulacional_v0002": 233, "Areapopulacional_v0003": 233, "Areapopulacional_v0004": 0, "Areapopulacional_v0005": 3.1, "Areapopulacional_v0006": 0.0286, "Areapopulacional_v0007": 175, "Areapopulacional_AREA_DOMICILIADA_KM2": 0.107085494, "Areapopulacional_AREA_KM2": 0.107085494, "Areapopulacional_DENSIDADE_DEMOGRAFICA_DOMICILIADA_HAB_KM2": 4996.008127, "Areapopulacional_DENSIDADE_DEMOGRAFICA_SETOR_HAB_KM2": 4996.008127, "teste200(2)_fid": 58986, "teste200(2)_CD_SIT": 1, "teste200(2)_CD_TIPO": 0, "teste200(2)_v0001": 535, "teste200(2)_v0002": 233, "teste200(2)_v0003": 233, "teste200(2)_v0004": 0, "teste200(2)_v0005": 3.1, "teste200(2)_v0006": 0.0286, "teste200(2)_v0007": 175, "teste200(2)_AREA_DOMICILIADA_KM2": 0.107085494, "teste200(2)_AREA_KM2": 0.107085494, "teste200(2)_DENSIDADE_DEMOGRAFICA_DOMICILIADA_HAB_KM2": 4996.008127, "teste200(2)_DENSIDADE_DEMOGRAFICA_SETOR_HAB_KM2": 4996.008127, "teste200(2)_V00111SISTEMAGERALÁGUA": 172, "teste200(2)_V00112POÇO": 3, "teste200(2)_V00113POÇORASO": 0, "teste200(2)_V00114NASCENTE,FONTE": 0, "teste200(2)_V00115CARROPIPA": 0, "teste200(2)_V00116CHUVA": 0, "teste200(2)_V00117RIOS,AÇUDES,CORREGOS": 0, "teste200(2)_V00118OUTRAFORMA": 0 }, "geometry": { "type": "MultiPolygon", "coordinates": [ [ [ [ -40.985530899999958, -3.724671699999931 ], [ -40.985749, -3.72463 ], [ -40.986381, -3.724535 ], [ -40.986854, -3.7245 ], [ -40.987103, -3.72447 ], [ -40.98785, -3.724299 ], [ -40.988002599999959, -3.723507899999959 ], [ -40.988091699999984, -3.722672099999954 ], [ -40.987746399999935, -3.721280199999967 ], [ -40.987590499999953, -3.72037789999996 ], [ -40.987779799999942, -3.720355699999971 ], [ -40.98647219999998, -3.71949189999998 ], [ -40.98642469999993, -3.719796199999962 ], [ -40.986272699999972, -3.720602 ], [ -40.986085899999978, -3.721574799999928 ], [ -40.985530899999958, -3.724671699999931 ] ] ] ] } },
{ "type": "Feature", "properties": { "CD_SETOR": "231340105000057", "SITUACAO": "Urbana", "CD_SIT": "1", "CD_TIPO": "0", "AREA_KM2": 0.077252206397842998, "CD_REGIAO": "2", "NM_REGIAO": "Nordeste", "CD_UF": "23", "NM_UF": "Ceará", "CD_MUN": "2313401", "NM_MUN": "Tianguá", "CD_DIST": "231340105", "NM_DIST": "Tianguá", "CD_SUBDIST": "23134010500", "NM_SUBDIST": null, "CD_BAIRRO": "2313401004", "NM_BAIRRO": "Laurão", "CD_NU": null, "NM_NU": null, "CD_FCU": null, "NM_FCU": null, "CD_AGLOM": null, "NM_AGLOM": null, "CD_RGINT": "2306", "NM_RGINT": "Sobral", "CD_RGI": "230016", "NM_RGI": "São Benedito - Ipu - Guaraciaba do Norte - Tianguá", "CD_CONCURB": null, "NM_CONCURB": null, "Areapopulacional_CD_SIT": 1, "Areapopulacional_CD_TIPO": 0, "Areapopulacional_v0001": 993, "Areapopulacional_v0002": 382, "Areapopulacional_v0003": 382, "Areapopulacional_v0004": 0, "Areapopulacional_v0005": 3.0, "Areapopulacional_v0006": 0.0, "Areapopulacional_v0007": 335, "Areapopulacional_AREA_DOMICILIADA_KM2": 0.07725, "Areapopulacional_AREA_KM2": 0.077252206, "Areapopulacional_DENSIDADE_DEMOGRAFICA_DOMICILIADA_HAB_KM2": 12854.36893, "Areapopulacional_DENSIDADE_DEMOGRAFICA_SETOR_HAB_KM2": 12854.0018, "teste200(2)_fid": 180551, "teste200(2)_CD_SIT": 1, "teste200(2)_CD_TIPO": 0, "teste200(2)_v0001": 993, "teste200(2)_v0002": 382, "teste200(2)_v0003": 382, "teste200(2)_v0004": 0, "teste200(2)_v0005": 3.0, "teste200(2)_v0006": 0.0, "teste200(2)_v0007": 335, "teste200(2)_AREA_DOMICILIADA_KM2": 0.07725, "teste200(2)_AREA_KM2": 0.077252206, "teste200(2)_DENSIDADE_DEMOGRAFICA_DOMICILIADA_HAB_KM2": 12854.36893, "teste200(2)_DENSIDADE_DEMOGRAFICA_SETOR_HAB_KM2": 12854.0018, "teste200(2)_V00111SISTEMAGERALÁGUA": 327, "teste200(2)_V00112POÇO": 4, "teste200(2)_V00113POÇORASO": 3, "teste200(2)_V00114NASCENTE,FONTE": 0, "teste200(2)_V00115CARROPIPA": 0, "teste200(2)_V00116CHUVA": 0, "teste200(2)_V00117RIOS,AÇUDES,CORREGOS": null, "teste200(2)_V00118OUTRAFORMA": 0 }, "geometry": { "type": "MultiPolygon", "coordinates": [ [ [ [ -40.985019, -3.727017299999943 ], [ -40.984679099999937, -3.728625099999931 ], [ -40.984608899999955, -3.728893199999959 ], [ -40.983905399999969, -3.728741299999967 ], [ -40.983438899999953, -3.728630399999929 ], [ -40.984012399999983, -3.729064699999981 ], [ -40.984779099999969, -3.729558299999951 ], [ -40.985094, -3.729798399999936 ], [ -40.98635319999994, -3.730522 ], [ -40.98649759999995, -3.73060739999994 ], [ -40.986569, -3.73028979999998 ], [ -40.986751799999979, -3.729373499999951 ], [ -40.986980499999959, -3.728291599999977 ], [ -40.987317899999937, -3.726696299999958 ], [ -40.986574699999949, -3.72684419999996 ], [ -40.98626, -3.728337099999976 ], [ -40.985555, -3.72815049999997 ], [ -40.985769699999935, -3.726953 ], [ -40.985019, -3.727017299999943 ] ] ] ] } },
{ "type": "Feature", "properties": { "CD_SETOR": "231340105000059", "SITUACAO": "Urbana", "CD_SIT": "1", "CD_TIPO": "0", "AREA_KM2": 0.051244885267631997, "CD_REGIAO": "2", "NM_REGIAO": "Nordeste", "CD_UF": "23", "NM_UF": "Ceará", "CD_MUN": "2313401", "NM_MUN": "Tianguá", "CD_DIST": "231340105", "NM_DIST": "Tianguá", "CD_SUBDIST": "23134010500", "NM_SUBDIST": null, "CD_BAIRRO": "2313401004", "NM_BAIRRO": "Laurão", "CD_NU": null, "NM_NU": null, "CD_FCU": null, "NM_FCU": null, "CD_AGLOM": null, "NM_AGLOM": null, "CD_RGINT": "2306", "NM_RGINT": "Sobral", "CD_RGI": "230016", "NM_RGI": "São Benedito - Ipu - Guaraciaba do Norte - Tianguá", "CD_CONCURB": null, "NM_CONCURB": null, "Areapopulacional_CD_SIT": 1, "Areapopulacional_CD_TIPO": 0, "Areapopulacional_v0001": 753, "Areapopulacional_v0002": 269, "Areapopulacional_v0003": 269, "Areapopulacional_v0004": 0, "Areapopulacional_v0005": 3.2, "Areapopulacional_v0006": 0.0043, "Areapopulacional_v0007": 233, "Areapopulacional_AREA_DOMICILIADA_KM2": 0.05124, "Areapopulacional_AREA_KM2": 0.051244885, "Areapopulacional_DENSIDADE_DEMOGRAFICA_DOMICILIADA_HAB_KM2": 14695.55035, "Areapopulacional_DENSIDADE_DEMOGRAFICA_SETOR_HAB_KM2": 14694.1494, "teste200(2)_fid": 227340, "teste200(2)_CD_SIT": 1, "teste200(2)_CD_TIPO": 0, "teste200(2)_v0001": 753, "teste200(2)_v0002": 269, "teste200(2)_v0003": 269, "teste200(2)_v0004": 0, "teste200(2)_v0005": 3.2, "teste200(2)_v0006": 0.0043, "teste200(2)_v0007": 233, "teste200(2)_AREA_DOMICILIADA_KM2": 0.05124, "teste200(2)_AREA_KM2": 0.051244885, "teste200(2)_DENSIDADE_DEMOGRAFICA_DOMICILIADA_HAB_KM2": 14695.55035, "teste200(2)_DENSIDADE_DEMOGRAFICA_SETOR_HAB_KM2": 14694.1494, "teste200(2)_V00111SISTEMAGERALÁGUA": 226, "teste200(2)_V00112POÇO": 4, "teste200(2)_V00113POÇORASO": 3, "teste200(2)_V00114NASCENTE,FONTE": 0, "teste200(2)_V00115CARROPIPA": 0, "teste200(2)_V00116CHUVA": 0, "teste200(2)_V00117RIOS,AÇUDES,CORREGOS": 0, "teste200(2)_V00118OUTRAFORMA": 0 }, "geometry": { "type": "MultiPolygon", "coordinates": [ [ [ [ -40.986980499999959, -3.728291599999977 ], [ -40.986751799999979, -3.729373499999951 ], [ -40.986569, -3.73028979999998 ], [ -40.987552799999946, -3.730170899999962 ], [ -40.988354699999945, -3.730045599999926 ], [ -40.989400199999977, -3.729890799999964 ], [ -40.989295699999957, -3.729089299999941 ], [ -40.988552599999935, -3.729178899999965 ], [ -40.988827799999967, -3.728100799999936 ], [ -40.988429899999971, -3.728177899999935 ], [ -40.988275099999953, -3.728203899999926 ], [ -40.988127099999986, -3.728240899999946 ], [ -40.986980499999959, -3.728291599999977 ] ] ] ] } },
{ "type": "Feature", "properties": { "CD_SETOR": "231340105000060", "SITUACAO": "Urbana", "CD_SIT": "2", "CD_TIPO": "0", "AREA_KM2": 0.115470601752115, "CD_REGIAO": "2", "NM_REGIAO": "Nordeste", "CD_UF": "23", "NM_UF": "Ceará", "CD_MUN": "2313401", "NM_MUN": "Tianguá", "CD_DIST": "231340105", "NM_DIST": "Tianguá", "CD_SUBDIST": "23134010500", "NM_SUBDIST": null, "CD_BAIRRO": null, "NM_BAIRRO": null, "CD_NU": null, "NM_NU": null, "CD_FCU": null, "NM_FCU": null, "CD_AGLOM": null, "NM_AGLOM": null, "CD_RGINT": "2306", "NM_RGINT": "Sobral", "CD_RGI": "230016", "NM_RGI": "São Benedito - Ipu - Guaraciaba do Norte - Tianguá", "CD_CONCURB": null, "NM_CONCURB": null, "Areapopulacional_CD_SIT": 2, "Areapopulacional_CD_TIPO": 0, "Areapopulacional_v0001": 486, "Areapopulacional_v0002": 208, "Areapopulacional_v0003": 208, "Areapopulacional_v0004": 0, "Areapopulacional_v0005": 3.0, "Areapopulacional_v0006": 0.0, "Areapopulacional_v0007": 163, "Areapopulacional_AREA_DOMICILIADA_KM2": 0.11547, "Areapopulacional_AREA_KM2": 0.115470602, "Areapopulacional_DENSIDADE_DEMOGRAFICA_DOMICILIADA_HAB_KM2": 4208.885425, "Areapopulacional_DENSIDADE_DEMOGRAFICA_SETOR_HAB_KM2": 4208.863491, "teste200(2)_fid": 138354, "teste200(2)_CD_SIT": 2, "teste200(2)_CD_TIPO": 0, "teste200(2)_v0001": 486, "teste200(2)_v0002": 208, "teste200(2)_v0003": 208, "teste200(2)_v0004": 0, "teste200(2)_v0005": 3.0, "teste200(2)_v0006": 0.0, "teste200(2)_v0007": 163, "teste200(2)_AREA_DOMICILIADA_KM2": 0.11547, "teste200(2)_AREA_KM2": 0.115470602, "teste200(2)_DENSIDADE_DEMOGRAFICA_DOMICILIADA_HAB_KM2": 4208.885425, "teste200(2)_DENSIDADE_DEMOGRAFICA_SETOR_HAB_KM2": 4208.863491, "teste200(2)_V00111SISTEMAGERALÁGUA": 162, "teste200(2)_V00112POÇO": 0, "teste200(2)_V00113POÇORASO": 0, "teste200(2)_V00114NASCENTE,FONTE": 0, "teste200(2)_V00115CARROPIPA": 0, "teste200(2)_V00116CHUVA": 0, "teste200(2)_V00117RIOS,AÇUDES,CORREGOS": 0, "teste200(2)_V00118OUTRAFORMA": null }, "geometry": { "type": "MultiPolygon", "coordinates": [ [ [ [ -40.994917, -3.720322 ], [ -40.995381, -3.721125 ], [ -40.996497, -3.723111899999935 ], [ -40.998081199999945, -3.722018899999966 ], [ -40.998156, -3.721208 ], [ -40.998263599999973, -3.720388599999978 ], [ -40.998314799999946, -3.71967049999995 ], [ -40.998236799999972, -3.719568099999947 ], [ -40.998291599999959, -3.719125 ], [ -40.99836449999998, -3.71823269999993 ], [ -40.997422599999936, -3.718787299999974 ], [ -40.997024599999975, -3.719022099999961 ], [ -40.994917, -3.720322 ] ] ] ] } },
{ "type": "Feature", "properties": { "CD_SETOR": "231340105000061", "SITUACAO": "Urbana", "CD_SIT": "2", "CD_TIPO": "0", "AREA_KM2": 0.24547060598758599, "CD_REGIAO": "2", "NM_REGIAO": "Nordeste", "CD_UF": "23", "NM_UF": "Ceará", "CD_MUN": "2313401", "NM_MUN": "Tianguá", "CD_DIST": "231340105", "NM_DIST": "Tianguá", "CD_SUBDIST": "23134010500", "NM_SUBDIST": null, "CD_BAIRRO": "2313401004", "NM_BAIRRO": "Laurão", "CD_NU": null, "NM_NU": null, "CD_FCU": null, "NM_FCU": null, "CD_AGLOM": null, "NM_AGLOM": null, "CD_RGINT": "2306", "NM_RGINT": "Sobral", "CD_RGI": "230016", "NM_RGI": "São Benedito - Ipu - Guaraciaba do Norte - Tianguá", "CD_CONCURB": null, "NM_CONCURB": null, "Areapopulacional_CD_SIT": 2, "Areapopulacional_CD_TIPO": 0, "Areapopulacional_v0001": 400, "Areapopulacional_v0002": 192, "Areapopulacional_v0003": 192, "Areapopulacional_v0004": 0, "Areapopulacional_v0005": 2.9, "Areapopulacional_v0006": 0.0143, "Areapopulacional_v0007": 140, "Areapopulacional_AREA_DOMICILIADA_KM2": 0.21535, "Areapopulacional_AREA_KM2": 0.245470606, "Areapopulacional_DENSIDADE_DEMOGRAFICA_DOMICILIADA_HAB_KM2": 1857.441375, "Areapopulacional_DENSIDADE_DEMOGRAFICA_SETOR_HAB_KM2": 1629.523007, "teste200(2)_fid": 301397, "teste200(2)_CD_SIT": 2, "teste200(2)_CD_TIPO": 0, "teste200(2)_v0001": 400, "teste200(2)_v0002": 192, "teste200(2)_v0003": 192, "teste200(2)_v0004": 0, "teste200(2)_v0005": 2.9, "teste200(2)_v0006": 0.0143, "teste200(2)_v0007": 140, "teste200(2)_AREA_DOMICILIADA_KM2": 0.21535, "teste200(2)_AREA_KM2": 0.245470606, "teste200(2)_DENSIDADE_DEMOGRAFICA_DOMICILIADA_HAB_KM2": 1857.441375, "teste200(2)_DENSIDADE_DEMOGRAFICA_SETOR_HAB_KM2": 1629.523007, "teste200(2)_V00111SISTEMAGERALÁGUA": 138, "teste200(2)_V00112POÇO": null, "teste200(2)_V00113POÇORASO": 0, "teste200(2)_V00114NASCENTE,FONTE": 0, "teste200(2)_V00115CARROPIPA": 0, "teste200(2)_V00116CHUVA": 0, "teste200(2)_V00117RIOS,AÇUDES,CORREGOS": 0, "teste200(2)_V00118OUTRAFORMA": null }, "geometry": { "type": "MultiPolygon", "coordinates": [ [ [ [ -40.984051199999953, -3.732722399999943 ], [ -40.98492, -3.733005 ], [ -40.985469, -3.733279 ], [ -40.98579, -3.733553 ], [ -40.985881, -3.733872 ], [ -40.986064, -3.734055 ], [ -40.986522, -3.734146 ], [ -40.986933, -3.734192 ], [ -40.987574, -3.734374 ], [ -40.98826, -3.734648 ], [ -40.988489, -3.735013 ], [ -40.988946, -3.735059 ], [ -40.989495, -3.735059 ], [ -40.989679599999931, -3.735098499999935 ], [ -40.990135, -3.735196 ], [ -40.990501, -3.735379 ], [ -40.991425, -3.735723 ], [ -40.991907899999944, -3.732524299999966 ], [ -40.990511, -3.732221799999934 ], [ -40.990260099999944, -3.730956499999934 ], [ -40.988250499999936, -3.730848199999969 ], [ -40.987478199999941, -3.730767299999968 ], [ -40.987387699999942, -3.73130169999996 ], [ -40.987187199999937, -3.731848299999967 ], [ -40.987009399999977, -3.732082099999957 ], [ -40.986783799999955, -3.732260799999949 ], [ -40.986504, -3.732403 ], [ -40.985728599999959, -3.732578599999954 ], [ -40.98547549999995, -3.732600899999966 ], [ -40.985134699999946, -3.73263 ], [ -40.984675099999947, -3.732582599999944 ], [ -40.984281099999976, -3.732542399999943 ], [ -40.984051199999953, -3.732722399999943 ] ] ] ] } },
{ "type": "Feature", "properties": { "CD_SETOR": "231340105000063", "SITUACAO": "Urbana", "CD_SIT": "2", "CD_TIPO": "0", "AREA_KM2": 0.29716030808833499, "CD_REGIAO": "2", "NM_REGIAO": "Nordeste", "CD_UF": "23", "NM_UF": "Ceará", "CD_MUN": "2313401", "NM_MUN": "Tianguá", "CD_DIST": "231340105", "NM_DIST": "Tianguá", "CD_SUBDIST": "23134010500", "NM_SUBDIST": null, "CD_BAIRRO": "2313401008", "NM_BAIRRO": "Régis Diniz", "CD_NU": null, "NM_NU": null, "CD_FCU": null, "NM_FCU": null, "CD_AGLOM": null, "NM_AGLOM": null, "CD_RGINT": "2306", "NM_RGINT": "Sobral", "CD_RGI": "230016", "NM_RGI": "São Benedito - Ipu - Guaraciaba do Norte - Tianguá", "CD_CONCURB": null, "NM_CONCURB": null, "Areapopulacional_CD_SIT": 2, "Areapopulacional_CD_TIPO": 0, "Areapopulacional_v0001": 403, "Areapopulacional_v0002": 172, "Areapopulacional_v0003": 172, "Areapopulacional_v0004": 0, "Areapopulacional_v0005": 3.1, "Areapopulacional_v0006": 0.0076, "Areapopulacional_v0007": 131, "Areapopulacional_AREA_DOMICILIADA_KM2": 0.29716, "Areapopulacional_AREA_KM2": 0.297160308, "Areapopulacional_DENSIDADE_DEMOGRAFICA_DOMICILIADA_HAB_KM2": 1356.171759, "Areapopulacional_DENSIDADE_DEMOGRAFICA_SETOR_HAB_KM2": 1356.170353, "teste200(2)_fid": 129710, "teste200(2)_CD_SIT": 2, "teste200(2)_CD_TIPO": 0, "teste200(2)_v0001": 403, "teste200(2)_v0002": 172, "teste200(2)_v0003": 172, "teste200(2)_v0004": 0, "teste200(2)_v0005": 3.1, "teste200(2)_v0006": 0.0076, "teste200(2)_v0007": 131, "teste200(2)_AREA_DOMICILIADA_KM2": 0.29716, "teste200(2)_AREA_KM2": 0.297160308, "teste200(2)_DENSIDADE_DEMOGRAFICA_DOMICILIADA_HAB_KM2": 1356.171759, "teste200(2)_DENSIDADE_DEMOGRAFICA_SETOR_HAB_KM2": 1356.170353, "teste200(2)_V00111SISTEMAGERALÁGUA": 130, "teste200(2)_V00112POÇO": 0, "teste200(2)_V00113POÇORASO": null, "teste200(2)_V00114NASCENTE,FONTE": 0, "teste200(2)_V00115CARROPIPA": 0, "teste200(2)_V00116CHUVA": 0, "teste200(2)_V00117RIOS,AÇUDES,CORREGOS": 0, "teste200(2)_V00118OUTRAFORMA": 0 }, "geometry": { "type": "MultiPolygon", "coordinates": [ [ [ [ -40.993869, -3.730853 ], [ -40.993894499999953, -3.731033299999979 ], [ -40.99379179999994, -3.732191799999953 ], [ -40.993591, -3.735612 ], [ -40.994135, -3.735888 ], [ -40.994306, -3.736101 ], [ -40.994604, -3.736546899999951 ], [ -40.994902899999943, -3.736717 ], [ -40.995137, -3.736717 ], [ -40.995243, -3.736802 ], [ -40.99535, -3.736992899999962 ], [ -40.995627, -3.737185 ], [ -40.995947, -3.737375899999961 ], [ -40.996032, -3.737674 ], [ -40.996351, -3.738057 ], [ -40.996671, -3.738332899999932 ], [ -40.996947299999931, -3.738841399999956 ], [ -40.997076, -3.73912 ], [ -40.997395, -3.739417 ], [ -40.997843, -3.739545 ], [ -40.998002, -3.739215899999977 ], [ -40.998602299999959, -3.738279299999931 ], [ -40.998760399999981, -3.738056899999947 ], [ -40.998627, -3.737954699999932 ], [ -40.998325099999931, -3.737311599999941 ], [ -40.998095899999953, -3.736288899999977 ], [ -40.997603699999956, -3.734662499999956 ], [ -40.996847699999933, -3.733269199999938 ], [ -40.996375299999954, -3.731580399999928 ], [ -40.994011, -3.730848 ], [ -40.993869, -3.730853 ] ] ] ] } },
{ "type": "Feature", "properties": { "CD_SETOR": "231340105000064", "SITUACAO": "Urbana", "CD_SIT": "1", "CD_TIPO": "0", "AREA_KM2": 0.086063991534179998, "CD_REGIAO": "2", "NM_REGIAO": "Nordeste", "CD_UF": "23", "NM_UF": "Ceará", "CD_MUN": "2313401", "NM_MUN": "Tianguá", "CD_DIST": "231340105", "NM_DIST": "Tianguá", "CD_SUBDIST": "23134010500", "NM_SUBDIST": null, "CD_BAIRRO": "2313401001", "NM_BAIRRO": "Centro", "CD_NU": null, "NM_NU": null, "CD_FCU": null, "NM_FCU": null, "CD_AGLOM": null, "NM_AGLOM": null, "CD_RGINT": "2306", "NM_RGINT": "Sobral", "CD_RGI": "230016", "NM_RGI": "São Benedito - Ipu - Guaraciaba do Norte - Tianguá", "CD_CONCURB": null, "NM_CONCURB": null, "Areapopulacional_CD_SIT": 1, "Areapopulacional_CD_TIPO": 0, "Areapopulacional_v0001": 665, "Areapopulacional_v0002": 263, "Areapopulacional_v0003": 263, "Areapopulacional_v0004": 0, "Areapopulacional_v0005": 3.1, "Areapopulacional_v0006": 0.0092, "Areapopulacional_v0007": 218, "Areapopulacional_AREA_DOMICILIADA_KM2": 0.08606, "Areapopulacional_AREA_KM2": 0.086063992, "Areapopulacional_DENSIDADE_DEMOGRAFICA_DOMICILIADA_HAB_KM2": 7727.167093, "Areapopulacional_DENSIDADE_DEMOGRAFICA_SETOR_HAB_KM2": 7726.808717, "teste200(2)_fid": 200520, "teste200(2)_CD_SIT": 1, "teste200(2)_CD_TIPO": 0, "teste200(2)_v0001": 665, "teste200(2)_v0002": 263, "teste200(2)_v0003": 263, "teste200(2)_v0004": 0, "teste200(2)_v0005": 3.1, "teste200(2)_v0006": 0.0092, "teste200(2)_v0007": 218, "teste200(2)_AREA_DOMICILIADA_KM2": 0.08606, "teste200(2)_AREA_KM2": 0.086063992, "teste200(2)_DENSIDADE_DEMOGRAFICA_DOMICILIADA_HAB_KM2": 7727.167093, "teste200(2)_DENSIDADE_DEMOGRAFICA_SETOR_HAB_KM2": 7726.808717, "teste200(2)_V00111SISTEMAGERALÁGUA": 208, "teste200(2)_V00112POÇO": 10, "teste200(2)_V00113POÇORASO": 0, "teste200(2)_V00114NASCENTE,FONTE": 0, "teste200(2)_V00115CARROPIPA": 0, "teste200(2)_V00116CHUVA": 0, "teste200(2)_V00117RIOS,AÇUDES,CORREGOS": 0, "teste200(2)_V00118OUTRAFORMA": 0 }, "geometry": { "type": "MultiPolygon", "coordinates": [ [ [ [ -40.994417099999964, -3.727058199999931 ], [ -40.994533899999965, -3.728250299999956 ], [ -40.995184599999959, -3.72894569999994 ], [ -40.996264, -3.728782 ], [ -40.997543, -3.728547 ], [ -40.997859, -3.728485 ], [ -40.998395699999946, -3.728370499999926 ], [ -40.997895599999936, -3.727246699999966 ], [ -40.997453, -3.726612 ], [ -40.997854, -3.726305 ], [ -40.994417099999964, -3.727058199999931 ] ] ] ] } },
{ "type": "Feature", "properties": { "CD_SETOR": "231340105000065", "SITUACAO": "Urbana", "CD_SIT": "1", "CD_TIPO": "0", "AREA_KM2": 0.066531544233216, "CD_REGIAO": "2", "NM_REGIAO": "Nordeste", "CD_UF": "23", "NM_UF": "Ceará", "CD_MUN": "2313401", "NM_MUN": "Tianguá", "CD_DIST": "231340105", "NM_DIST": "Tianguá", "CD_SUBDIST": "23134010500", "NM_SUBDIST": null, "CD_BAIRRO": "2313401006", "NM_BAIRRO": "Santo Antônio", "CD_NU": null, "NM_NU": null, "CD_FCU": null, "NM_FCU": null, "CD_AGLOM": null, "NM_AGLOM": null, "CD_RGINT": "2306", "NM_RGINT": "Sobral", "CD_RGI": "230016", "NM_RGI": "São Benedito - Ipu - Guaraciaba do Norte - Tianguá", "CD_CONCURB": null, "NM_CONCURB": null, "Areapopulacional_CD_SIT": 1, "Areapopulacional_CD_TIPO": 0, "Areapopulacional_v0001": 972, "Areapopulacional_v0002": 332, "Areapopulacional_v0003": 332, "Areapopulacional_v0004": 0, "Areapopulacional_v0005": 3.3, "Areapopulacional_v0006": 0.0201, "Areapopulacional_v0007": 299, "Areapopulacional_AREA_DOMICILIADA_KM2": 0.06653, "Areapopulacional_AREA_KM2": 0.066531544, "Areapopulacional_DENSIDADE_DEMOGRAFICA_DOMICILIADA_HAB_KM2": 14609.9504, "Areapopulacional_DENSIDADE_DEMOGRAFICA_SETOR_HAB_KM2": 14609.61129, "teste200(2)_fid": 172616, "teste200(2)_CD_SIT": 1, "teste200(2)_CD_TIPO": 0, "teste200(2)_v0001": 972, "teste200(2)_v0002": 332, "teste200(2)_v0003": 332, "teste200(2)_v0004": 0, "teste200(2)_v0005": 3.3, "teste200(2)_v0006": 0.0201, "teste200(2)_v0007": 299, "teste200(2)_AREA_DOMICILIADA_KM2": 0.06653, "teste200(2)_AREA_KM2": 0.066531544, "teste200(2)_DENSIDADE_DEMOGRAFICA_DOMICILIADA_HAB_KM2": 14609.9504, "teste200(2)_DENSIDADE_DEMOGRAFICA_SETOR_HAB_KM2": 14609.61129, "teste200(2)_V00111SISTEMAGERALÁGUA": 289, "teste200(2)_V00112POÇO": 9, "teste200(2)_V00113POÇORASO": 0, "teste200(2)_V00114NASCENTE,FONTE": 0, "teste200(2)_V00115CARROPIPA": 0, "teste200(2)_V00116CHUVA": 0, "teste200(2)_V00117RIOS,AÇUDES,CORREGOS": 0, "teste200(2)_V00118OUTRAFORMA": null }, "geometry": { "type": "MultiPolygon", "coordinates": [ [ [ [ -41.001235899999983, -3.724301399999945 ], [ -41.001183199999957, -3.724380499999938 ], [ -41.001614299999972, -3.725067199999955 ], [ -41.002200399999936, -3.725901399999941 ], [ -41.003481, -3.728348 ], [ -41.00458169999996, -3.727977899999928 ], [ -41.00328559999997, -3.725360199999955 ], [ -41.003162499999974, -3.725437199999931 ], [ -41.002356299999974, -3.72394989999998 ], [ -41.001235899999983, -3.724301399999945 ] ] ] ] } },
{ "type": "Feature", "properties": { "CD_SETOR": "231340105000066", "SITUACAO": "Urbana", "CD_SIT": "1", "CD_TIPO": "0", "AREA_KM2": 0.098990898684584994, "CD_REGIAO": "2", "NM_REGIAO": "Nordeste", "CD_UF": "23", "NM_UF": "Ceará", "CD_MUN": "2313401", "NM_MUN": "Tianguá", "CD_DIST": "231340105", "NM_DIST": "Tianguá", "CD_SUBDIST": "23134010500", "NM_SUBDIST": null, "CD_BAIRRO": "2313401006", "NM_BAIRRO": "Santo Antônio", "CD_NU": null, "NM_NU": null, "CD_FCU": null, "NM_FCU": null, "CD_AGLOM": null, "NM_AGLOM": null, "CD_RGINT": "2306", "NM_RGINT": "Sobral", "CD_RGI": "230016", "NM_RGI": "São Benedito - Ipu - Guaraciaba do Norte - Tianguá", "CD_CONCURB": null, "NM_CONCURB": null, "Areapopulacional_CD_SIT": 1, "Areapopulacional_CD_TIPO": 0, "Areapopulacional_v0001": 599, "Areapopulacional_v0002": 237, "Areapopulacional_v0003": 237, "Areapopulacional_v0004": 0, "Areapopulacional_v0005": 3.3, "Areapopulacional_v0006": 0.022, "Areapopulacional_v0007": 182, "Areapopulacional_AREA_DOMICILIADA_KM2": 0.09899, "Areapopulacional_AREA_KM2": 0.098990899, "Areapopulacional_DENSIDADE_DEMOGRAFICA_DOMICILIADA_HAB_KM2": 6051.116274, "Areapopulacional_DENSIDADE_DEMOGRAFICA_SETOR_HAB_KM2": 6051.06134, "teste200(2)_fid": 146480, "teste200(2)_CD_SIT": 1, "teste200(2)_CD_TIPO": 0, "teste200(2)_v0001": 599, "teste200(2)_v0002": 237, "teste200(2)_v0003": 237, "teste200(2)_v0004": 0, "teste200(2)_v0005": 3.3, "teste200(2)_v0006": 0.022, "teste200(2)_v0007": 182, "teste200(2)_AREA_DOMICILIADA_KM2": 0.09899, "teste200(2)_AREA_KM2": 0.098990899, "teste200(2)_DENSIDADE_DEMOGRAFICA_DOMICILIADA_HAB_KM2": 6051.116274, "teste200(2)_DENSIDADE_DEMOGRAFICA_SETOR_HAB_KM2": 6051.06134, "teste200(2)_V00111SISTEMAGERALÁGUA": 182, "teste200(2)_V00112POÇO": 0, "teste200(2)_V00113POÇORASO": 0, "teste200(2)_V00114NASCENTE,FONTE": 0, "teste200(2)_V00115CARROPIPA": 0, "teste200(2)_V00116CHUVA": 0, "teste200(2)_V00117RIOS,AÇUDES,CORREGOS": 0, "teste200(2)_V00118OUTRAFORMA": 0 }, "geometry": { "type": "MultiPolygon", "coordinates": [ [ [ [ -41.002011499999981, -3.733355899999935 ], [ -41.003422399999977, -3.733529 ], [ -41.004700499999956, -3.733698299999958 ], [ -41.00543719999996, -3.733795399999963 ], [ -41.005470799999955, -3.733799799999929 ], [ -41.006253799999968, -3.733922599999971 ], [ -41.006236899999976, -3.733753299999933 ], [ -41.006137399999943, -3.733600299999978 ], [ -41.006113, -3.733559 ], [ -41.006014099999959, -3.733391499999925 ], [ -41.005485399999941, -3.73230719999998 ], [ -41.004601599999944, -3.732737399999962 ], [ -41.003939699999933, -3.73152639999995 ], [ -41.000775799999985, -3.731014699999946 ], [ -41.002011499999981, -3.733355899999935 ] ] ] ] } },
{ "type": "Feature", "properties": { "CD_SETOR": "231340105000068", "SITUACAO": "Urbana", "CD_SIT": "2", "CD_TIPO": "0", "AREA_KM2": 0.28682361440437898, "CD_REGIAO": "2", "NM_REGIAO": "Nordeste", "CD_UF": "23", "NM_UF": "Ceará", "CD_MUN": "2313401", "NM_MUN": "Tianguá", "CD_DIST": "231340105", "NM_DIST": "Tianguá", "CD_SUBDIST": "23134010500", "NM_SUBDIST": null, "CD_BAIRRO": "2313401024", "NM_BAIRRO": "Afonso Maranguape", "CD_NU": null, "NM_NU": null, "CD_FCU": null, "NM_FCU": null, "CD_AGLOM": null, "NM_AGLOM": null, "CD_RGINT": "2306", "NM_RGINT": "Sobral", "CD_RGI": "230016", "NM_RGI": "São Benedito - Ipu - Guaraciaba do Norte - Tianguá", "CD_CONCURB": null, "NM_CONCURB": null, "Areapopulacional_CD_SIT": 2, "Areapopulacional_CD_TIPO": 0, "Areapopulacional_v0001": 818, "Areapopulacional_v0002": 276, "Areapopulacional_v0003": 276, "Areapopulacional_v0004": 0, "Areapopulacional_v0005": 3.5, "Areapopulacional_v0006": 0.0086, "Areapopulacional_v0007": 232, "Areapopulacional_AREA_DOMICILIADA_KM2": 0.22848, "Areapopulacional_AREA_KM2": 0.286823614, "Areapopulacional_DENSIDADE_DEMOGRAFICA_DOMICILIADA_HAB_KM2": 3580.182073, "Areapopulacional_DENSIDADE_DEMOGRAFICA_SETOR_HAB_KM2": 2851.926965, "teste200(2)_fid": 314883, "teste200(2)_CD_SIT": 2, "teste200(2)_CD_TIPO": 0, "teste200(2)_v0001": 818, "teste200(2)_v0002": 276, "teste200(2)_v0003": 276, "teste200(2)_v0004": 0, "teste200(2)_v0005": 3.5, "teste200(2)_v0006": 0.0086, "teste200(2)_v0007": 232, "teste200(2)_AREA_DOMICILIADA_KM2": 0.22848, "teste200(2)_AREA_KM2": 0.286823614, "teste200(2)_DENSIDADE_DEMOGRAFICA_DOMICILIADA_HAB_KM2": 3580.182073, "teste200(2)_DENSIDADE_DEMOGRAFICA_SETOR_HAB_KM2": 2851.926965, "teste200(2)_V00111SISTEMAGERALÁGUA": 232, "teste200(2)_V00112POÇO": 0, "teste200(2)_V00113POÇORASO": 0, "teste200(2)_V00114NASCENTE,FONTE": 0, "teste200(2)_V00115CARROPIPA": 0, "teste200(2)_V00116CHUVA": 0, "teste200(2)_V00117RIOS,AÇUDES,CORREGOS": 0, "teste200(2)_V00118OUTRAFORMA": 0 }, "geometry": { "type": "MultiPolygon", "coordinates": [ [ [ [ -40.977550899999983, -3.71262459999997 ], [ -40.976970599999959, -3.714957899999945 ], [ -40.979328499999951, -3.715680799999973 ], [ -40.980433, -3.716285199999959 ], [ -40.980973, -3.716579 ], [ -40.98127, -3.709832 ], [ -40.979952, -3.708861 ], [ -40.978876899999932, -3.708190499999944 ], [ -40.978103099999942, -3.710676099999944 ], [ -40.977550899999983, -3.71262459999997 ] ] ] ] } },
{ "type": "Feature", "properties": { "CD_SETOR": "231340105000069", "SITUACAO": "Urbana", "CD_SIT": "1", "CD_TIPO": "0", "AREA_KM2": 0.059547806609147998, "CD_REGIAO": "2", "NM_REGIAO": "Nordeste", "CD_UF": "23", "NM_UF": "Ceará", "CD_MUN": "2313401", "NM_MUN": "Tianguá", "CD_DIST": "231340105", "NM_DIST": "Tianguá", "CD_SUBDIST": "23134010500", "NM_SUBDIST": null, "CD_BAIRRO": "2313401006", "NM_BAIRRO": "Santo Antônio", "CD_NU": null, "NM_NU": null, "CD_FCU": null, "NM_FCU": null, "CD_AGLOM": null, "NM_AGLOM": null, "CD_RGINT": "2306", "NM_RGINT": "Sobral", "CD_RGI": "230016", "NM_RGI": "São Benedito - Ipu - Guaraciaba do Norte - Tianguá", "CD_CONCURB": null, "NM_CONCURB": null, "Areapopulacional_CD_SIT": 1, "Areapopulacional_CD_TIPO": 0, "Areapopulacional_v0001": 698, "Areapopulacional_v0002": 259, "Areapopulacional_v0003": 259, "Areapopulacional_v0004": 0, "Areapopulacional_v0005": 3.2, "Areapopulacional_v0006": 0.0137, "Areapopulacional_v0007": 219, "Areapopulacional_AREA_DOMICILIADA_KM2": 0.059547807, "Areapopulacional_AREA_KM2": 0.059547807, "Areapopulacional_DENSIDADE_DEMOGRAFICA_DOMICILIADA_HAB_KM2": 11721.67439, "Areapopulacional_DENSIDADE_DEMOGRAFICA_SETOR_HAB_KM2": 11721.67439, "teste200(2)_fid": 64607, "teste200(2)_CD_SIT": 1, "teste200(2)_CD_TIPO": 0, "teste200(2)_v0001": 698, "teste200(2)_v0002": 259, "teste200(2)_v0003": 259, "teste200(2)_v0004": 0, "teste200(2)_v0005": 3.2, "teste200(2)_v0006": 0.0137, "teste200(2)_v0007": 219, "teste200(2)_AREA_DOMICILIADA_KM2": 0.059547807, "teste200(2)_AREA_KM2": 0.059547807, "teste200(2)_DENSIDADE_DEMOGRAFICA_DOMICILIADA_HAB_KM2": 11721.67439, "teste200(2)_DENSIDADE_DEMOGRAFICA_SETOR_HAB_KM2": 11721.67439, "teste200(2)_V00111SISTEMAGERALÁGUA": 218, "teste200(2)_V00112POÇO": null, "teste200(2)_V00113POÇORASO": 0, "teste200(2)_V00114NASCENTE,FONTE": 0, "teste200(2)_V00115CARROPIPA": 0, "teste200(2)_V00116CHUVA": 0, "teste200(2)_V00117RIOS,AÇUDES,CORREGOS": 0, "teste200(2)_V00118OUTRAFORMA": 0 }, "geometry": { "type": "MultiPolygon", "coordinates": [ [ [ [ -41.00032269999997, -3.730208699999935 ], [ -41.000775799999985, -3.731014699999946 ], [ -41.003939699999933, -3.73152639999995 ], [ -41.003431199999966, -3.730438 ], [ -41.003859299999931, -3.730407299999968 ], [ -41.004327799999942, -3.730174299999931 ], [ -41.004438799999946, -3.730199499999969 ], [ -41.004028099999971, -3.729374399999926 ], [ -41.001675599999942, -3.729834399999959 ], [ -41.001802, -3.730277 ], [ -41.000751899999955, -3.730166 ], [ -41.00032269999997, -3.730208699999935 ] ] ] ] } },
{ "type": "Feature", "properties": { "CD_SETOR": "231340105000070", "SITUACAO": "Urbana", "CD_SIT": "1", "CD_TIPO": "0", "AREA_KM2": 0.052667008413298001, "CD_REGIAO": "2", "NM_REGIAO": "Nordeste", "CD_UF": "23", "NM_UF": "Ceará", "CD_MUN": "2313401", "NM_MUN": "Tianguá", "CD_DIST": "231340105", "NM_DIST": "Tianguá", "CD_SUBDIST": "23134010500", "NM_SUBDIST": null, "CD_BAIRRO": "2313401001", "NM_BAIRRO": "Centro", "CD_NU": null, "NM_NU": null, "CD_FCU": null, "NM_FCU": null, "CD_AGLOM": null, "NM_AGLOM": null, "CD_RGINT": "2306", "NM_RGINT": "Sobral", "CD_RGI": "230016", "NM_RGI": "São Benedito - Ipu - Guaraciaba do Norte - Tianguá", "CD_CONCURB": null, "NM_CONCURB": null, "Areapopulacional_CD_SIT": 1, "Areapopulacional_CD_TIPO": 0, "Areapopulacional_v0001": 282, "Areapopulacional_v0002": 96, "Areapopulacional_v0003": 96, "Areapopulacional_v0004": 0, "Areapopulacional_v0005": 3.2, "Areapopulacional_v0006": 0.0455, "Areapopulacional_v0007": 88, "Areapopulacional_AREA_DOMICILIADA_KM2": 0.052667008, "Areapopulacional_AREA_KM2": 0.052667008, "Areapopulacional_DENSIDADE_DEMOGRAFICA_DOMICILIADA_HAB_KM2": 5354.395636, "Areapopulacional_DENSIDADE_DEMOGRAFICA_SETOR_HAB_KM2": 5354.395636, "teste200(2)_fid": 46643, "teste200(2)_CD_SIT": 1, "teste200(2)_CD_TIPO": 0, "teste200(2)_v0001": 282, "teste200(2)_v0002": 96, "teste200(2)_v0003": 96, "teste200(2)_v0004": 0, "teste200(2)_v0005": 3.2, "teste200(2)_v0006": 0.0455, "teste200(2)_v0007": 88, "teste200(2)_AREA_DOMICILIADA_KM2": 0.052667008, "teste200(2)_AREA_KM2": 0.052667008, "teste200(2)_DENSIDADE_DEMOGRAFICA_DOMICILIADA_HAB_KM2": 5354.395636, "teste200(2)_DENSIDADE_DEMOGRAFICA_SETOR_HAB_KM2": 5354.395636, "teste200(2)_V00111SISTEMAGERALÁGUA": 85, "teste200(2)_V00112POÇO": null, "teste200(2)_V00113POÇORASO": null, "teste200(2)_V00114NASCENTE,FONTE": 0, "teste200(2)_V00115CARROPIPA": 0, "teste200(2)_V00116CHUVA": 0, "teste200(2)_V00117RIOS,AÇUDES,CORREGOS": 0, "teste200(2)_V00118OUTRAFORMA": 0 }, "geometry": { "type": "MultiPolygon", "coordinates": [ [ [ [ -40.994898, -3.723348 ], [ -40.995244, -3.725515 ], [ -40.997577899999953, -3.725051899999926 ], [ -40.996497, -3.723111899999935 ], [ -40.994898, -3.723348 ] ] ] ] } },
{ "type": "Feature", "properties": { "CD_SETOR": "231340105000071", "SITUACAO": "Urbana", "CD_SIT": "1", "CD_TIPO": "0", "AREA_KM2": 0.047562452684455997, "CD_REGIAO": "2", "NM_REGIAO": "Nordeste", "CD_UF": "23", "NM_UF": "Ceará", "CD_MUN": "2313401", "NM_MUN": "Tianguá", "CD_DIST": "231340105", "NM_DIST": "Tianguá", "CD_SUBDIST": "23134010500", "NM_SUBDIST": null, "CD_BAIRRO": "2313401003", "NM_BAIRRO": "Nenê Plácido", "CD_NU": null, "NM_NU": null, "CD_FCU": null, "NM_FCU": null, "CD_AGLOM": null, "NM_AGLOM": null, "CD_RGINT": "2306", "NM_RGINT": "Sobral", "CD_RGI": "230016", "NM_RGI": "São Benedito - Ipu - Guaraciaba do Norte - Tianguá", "CD_CONCURB": null, "NM_CONCURB": null, "Areapopulacional_CD_SIT": 1, "Areapopulacional_CD_TIPO": 0, "Areapopulacional_v0001": 589, "Areapopulacional_v0002": 210, "Areapopulacional_v0003": 210, "Areapopulacional_v0004": 0, "Areapopulacional_v0005": 3.1, "Areapopulacional_v0006": 0.0104, "Areapopulacional_v0007": 192, "Areapopulacional_AREA_DOMICILIADA_KM2": 0.04756, "Areapopulacional_AREA_KM2": 0.047562453, "Areapopulacional_DENSIDADE_DEMOGRAFICA_DOMICILIADA_HAB_KM2": 12384.3566, "Areapopulacional_DENSIDADE_DEMOGRAFICA_SETOR_HAB_KM2": 12383.71797, "teste200(2)_fid": 204877, "teste200(2)_CD_SIT": 1, "teste200(2)_CD_TIPO": 0, "teste200(2)_v0001": 589, "teste200(2)_v0002": 210, "teste200(2)_v0003": 210, "teste200(2)_v0004": 0, "teste200(2)_v0005": 3.1, "teste200(2)_v0006": 0.0104, "teste200(2)_v0007": 192, "teste200(2)_AREA_DOMICILIADA_KM2": 0.04756, "teste200(2)_AREA_KM2": 0.047562453, "teste200(2)_DENSIDADE_DEMOGRAFICA_DOMICILIADA_HAB_KM2": 12384.3566, "teste200(2)_DENSIDADE_DEMOGRAFICA_SETOR_HAB_KM2": 12383.71797, "teste200(2)_V00111SISTEMAGERALÁGUA": 192, "teste200(2)_V00112POÇO": 0, "teste200(2)_V00113POÇORASO": 0, "teste200(2)_V00114NASCENTE,FONTE": 0, "teste200(2)_V00115CARROPIPA": 0, "teste200(2)_V00116CHUVA": 0, "teste200(2)_V00117RIOS,AÇUDES,CORREGOS": 0, "teste200(2)_V00118OUTRAFORMA": 0 }, "geometry": { "type": "MultiPolygon", "coordinates": [ [ [ [ -40.985815399999979, -3.718613499999947 ], [ -40.986771199999964, -3.718419099999949 ], [ -40.988028799999938, -3.718232 ], [ -40.98776, -3.716486099999941 ], [ -40.987336399999947, -3.716316399999926 ], [ -40.986424099999965, -3.716038099999935 ], [ -40.985859599999969, -3.71827449999995 ], [ -40.985815399999979, -3.718613499999947 ] ] ] ] } },
{ "type": "Feature", "properties": { "CD_SETOR": "231340105000072", "SITUACAO": "Urbana", "CD_SIT": "1", "CD_TIPO": "0", "AREA_KM2": 0.067348091628545007, "CD_REGIAO": "2", "NM_REGIAO": "Nordeste", "CD_UF": "23", "NM_UF": "Ceará", "CD_MUN": "2313401", "NM_MUN": "Tianguá", "CD_DIST": "231340105", "NM_DIST": "Tianguá", "CD_SUBDIST": "23134010500", "NM_SUBDIST": null, "CD_BAIRRO": "2313401010", "NM_BAIRRO": "Dom Timóteo", "CD_NU": null, "NM_NU": null, "CD_FCU": null, "NM_FCU": null, "CD_AGLOM": null, "NM_AGLOM": null, "CD_RGINT": "2306", "NM_RGINT": "Sobral", "CD_RGI": "230016", "NM_RGI": "São Benedito - Ipu - Guaraciaba do Norte - Tianguá", "CD_CONCURB": null, "NM_CONCURB": null, "Areapopulacional_CD_SIT": 1, "Areapopulacional_CD_TIPO": 0, "Areapopulacional_v0001": 487, "Areapopulacional_v0002": 181, "Areapopulacional_v0003": 181, "Areapopulacional_v0004": 0, "Areapopulacional_v0005": 3.3, "Areapopulacional_v0006": 0.0, "Areapopulacional_v0007": 148, "Areapopulacional_AREA_DOMICILIADA_KM2": 0.067348092, "Areapopulacional_AREA_KM2": 0.067348092, "Areapopulacional_DENSIDADE_DEMOGRAFICA_DOMICILIADA_HAB_KM2": 7231.088339, "Areapopulacional_DENSIDADE_DEMOGRAFICA_SETOR_HAB_KM2": 7231.088339, "teste200(2)_fid": 75204, "teste200(2)_CD_SIT": 1, "teste200(2)_CD_TIPO": 0, "teste200(2)_v0001": 487, "teste200(2)_v0002": 181, "teste200(2)_v0003": 181, "teste200(2)_v0004": 0, "teste200(2)_v0005": 3.3, "teste200(2)_v0006": 0.0, "teste200(2)_v0007": 148, "teste200(2)_AREA_DOMICILIADA_KM2": 0.067348092, "teste200(2)_AREA_KM2": 0.067348092, "teste200(2)_DENSIDADE_DEMOGRAFICA_DOMICILIADA_HAB_KM2": 7231.088339, "teste200(2)_DENSIDADE_DEMOGRAFICA_SETOR_HAB_KM2": 7231.088339, "teste200(2)_V00111SISTEMAGERALÁGUA": 146, "teste200(2)_V00112POÇO": null, "teste200(2)_V00113POÇORASO": 0, "teste200(2)_V00114NASCENTE,FONTE": 0, "teste200(2)_V00115CARROPIPA": 0, "teste200(2)_V00116CHUVA": 0, "teste200(2)_V00117RIOS,AÇUDES,CORREGOS": 0, "teste200(2)_V00118OUTRAFORMA": 0 }, "geometry": { "type": "MultiPolygon", "coordinates": [ [ [ [ -40.985781199999963, -3.741854099999955 ], [ -40.986049499999979, -3.742618299999947 ], [ -40.986554299999966, -3.743748899999957 ], [ -40.986886799999979, -3.744483 ], [ -40.985100399999965, -3.745474199999933 ], [ -40.985935499999982, -3.74753069999997 ], [ -40.986185299999931, -3.747079299999939 ], [ -40.98718839999998, -3.745603099999926 ], [ -40.987668099999951, -3.744952 ], [ -40.987310199999968, -3.744195 ], [ -40.987018499999976, -3.74339329999998 ], [ -40.986725299999932, -3.742576 ], [ -40.986523499999976, -3.741651799999943 ], [ -40.985781199999963, -3.741854099999955 ] ] ] ] } },
{ "type": "Feature", "properties": { "CD_SETOR": "231340105000073", "SITUACAO": "Urbana", "CD_SIT": "1", "CD_TIPO": "0", "AREA_KM2": 0.083392394990801005, "CD_REGIAO": "2", "NM_REGIAO": "Nordeste", "CD_UF": "23", "NM_UF": "Ceará", "CD_MUN": "2313401", "NM_MUN": "Tianguá", "CD_DIST": "231340105", "NM_DIST": "Tianguá", "CD_SUBDIST": "23134010500", "NM_SUBDIST": null, "CD_BAIRRO": "2313401008", "NM_BAIRRO": "Régis Diniz", "CD_NU": null, "NM_NU": null, "CD_FCU": null, "NM_FCU": null, "CD_AGLOM": null, "NM_AGLOM": null, "CD_RGINT": "2306", "NM_RGINT": "Sobral", "CD_RGI": "230016", "NM_RGI": "São Benedito - Ipu - Guaraciaba do Norte - Tianguá", "CD_CONCURB": null, "NM_CONCURB": null, "Areapopulacional_CD_SIT": 1, "Areapopulacional_CD_TIPO": 0, "Areapopulacional_v0001": 313, "Areapopulacional_v0002": 126, "Areapopulacional_v0003": 126, "Areapopulacional_v0004": 0, "Areapopulacional_v0005": 3.1, "Areapopulacional_v0006": 0.0, "Areapopulacional_v0007": 102, "Areapopulacional_AREA_DOMICILIADA_KM2": 0.08339, "Areapopulacional_AREA_KM2": 0.083392395, "Areapopulacional_DENSIDADE_DEMOGRAFICA_DOMICILIADA_HAB_KM2": 3753.447656, "Areapopulacional_DENSIDADE_DEMOGRAFICA_SETOR_HAB_KM2": 3753.339858, "teste200(2)_fid": 180774, "teste200(2)_CD_SIT": 1, "teste200(2)_CD_TIPO": 0, "teste200(2)_v0001": 313, "teste200(2)_v0002": 126, "teste200(2)_v0003": 126, "teste200(2)_v0004": 0, "teste200(2)_v0005": 3.1, "teste200(2)_v0006": 0.0, "teste200(2)_v0007": 102, "teste200(2)_AREA_DOMICILIADA_KM2": 0.08339, "teste200(2)_AREA_KM2": 0.083392395, "teste200(2)_DENSIDADE_DEMOGRAFICA_DOMICILIADA_HAB_KM2": 3753.447656, "teste200(2)_DENSIDADE_DEMOGRAFICA_SETOR_HAB_KM2": 3753.339858, "teste200(2)_V00111SISTEMAGERALÁGUA": 99, "teste200(2)_V00112POÇO": null, "teste200(2)_V00113POÇORASO": null, "teste200(2)_V00114NASCENTE,FONTE": 0, "teste200(2)_V00115CARROPIPA": 0, "teste200(2)_V00116CHUVA": 0, "teste200(2)_V00117RIOS,AÇUDES,CORREGOS": 0, "teste200(2)_V00118OUTRAFORMA": 0 }, "geometry": { "type": "MultiPolygon", "coordinates": [ [ [ [ -41.001379, -3.735476 ], [ -41.001778499999944, -3.735872799999925 ], [ -41.003199099999961, -3.737461699999926 ], [ -41.005004, -3.739480399999934 ], [ -41.006054099999972, -3.740686799999935 ], [ -41.006304899999975, -3.740664599999945 ], [ -41.005521299999941, -3.739373 ], [ -41.005358499999943, -3.739108099999953 ], [ -41.004997399999979, -3.73852039999997 ], [ -41.004696799999977, -3.737490799999932 ], [ -41.00423539999997, -3.736829099999966 ], [ -41.003647599999965, -3.735698599999978 ], [ -41.003451299999938, -3.735458799999947 ], [ -41.002784399999939, -3.734644 ], [ -41.002701099999967, -3.734693399999969 ], [ -41.001379, -3.735476 ] ] ] ] } },
{ "type": "Feature", "properties": { "CD_SETOR": "231340105000076", "SITUACAO": "Rural", "CD_SIT": "8", "CD_TIPO": "0", "AREA_KM2": 9.7486422005974021, "CD_REGIAO": "2", "NM_REGIAO": "Nordeste", "CD_UF": "23", "NM_UF": "Ceará", "CD_MUN": "2313401", "NM_MUN": "Tianguá", "CD_DIST": "231340105", "NM_DIST": "Tianguá", "CD_SUBDIST": "23134010500", "NM_SUBDIST": null, "CD_BAIRRO": null, "NM_BAIRRO": null, "CD_NU": null, "NM_NU": null, "CD_FCU": null, "NM_FCU": null, "CD_AGLOM": null, "NM_AGLOM": null, "CD_RGINT": "2306", "NM_RGINT": "Sobral", "CD_RGI": "230016", "NM_RGI": "São Benedito - Ipu - Guaraciaba do Norte - Tianguá", "CD_CONCURB": null, "NM_CONCURB": null, "Areapopulacional_CD_SIT": null, "Areapopulacional_CD_TIPO": null, "Areapopulacional_v0001": null, "Areapopulacional_v0002": null, "Areapopulacional_v0003": null, "Areapopulacional_v0004": null, "Areapopulacional_v0005": null, "Areapopulacional_v0006": null, "Areapopulacional_v0007": null, "Areapopulacional_AREA_DOMICILIADA_KM2": null, "Areapopulacional_AREA_KM2": null, "Areapopulacional_DENSIDADE_DEMOGRAFICA_DOMICILIADA_HAB_KM2": null, "Areapopulacional_DENSIDADE_DEMOGRAFICA_SETOR_HAB_KM2": null, "teste200(2)_fid": null, "teste200(2)_CD_SIT": null, "teste200(2)_CD_TIPO": null, "teste200(2)_v0001": null, "teste200(2)_v0002": null, "teste200(2)_v0003": null, "teste200(2)_v0004": null, "teste200(2)_v0005": null, "teste200(2)_v0006": null, "teste200(2)_v0007": null, "teste200(2)_AREA_DOMICILIADA_KM2": null, "teste200(2)_AREA_KM2": null, "teste200(2)_DENSIDADE_DEMOGRAFICA_DOMICILIADA_HAB_KM2": null, "teste200(2)_DENSIDADE_DEMOGRAFICA_SETOR_HAB_KM2": null, "teste200(2)_V00111SISTEMAGERALÁGUA": null, "teste200(2)_V00112POÇO": null, "teste200(2)_V00113POÇORASO": null, "teste200(2)_V00114NASCENTE,FONTE": null, "teste200(2)_V00115CARROPIPA": null, "teste200(2)_V00116CHUVA": null, "teste200(2)_V00117RIOS,AÇUDES,CORREGOS": null, "teste200(2)_V00118OUTRAFORMA": null }, "geometry": { "type": "MultiPolygon", "coordinates": [ [ [ [ -41.008305, -3.657850199999928 ], [ -41.008411899999942, -3.658379899999943 ], [ -41.007890699999962, -3.658753499999932 ], [ -41.006352499999934, -3.659339799999941 ], [ -41.006333799999936, -3.659730499999966 ], [ -41.005393899999945, -3.659572399999945 ], [ -41.005393199999958, -3.659996 ], [ -41.005472099999963, -3.660487199999977 ], [ -41.005515, -3.661259599999937 ], [ -41.005767399999968, -3.661920299999963 ], [ -41.005818199999965, -3.662233 ], [ -41.005696099999966, -3.662673799999936 ], [ -41.005665499999964, -3.663079599999946 ], [ -41.006678699999952, -3.664671 ], [ -41.007471199999941, -3.665766499999961 ], [ -41.007157099999972, -3.666451199999926 ], [ -41.006921599999941, -3.667135099999939 ], [ -41.006745099999932, -3.668519699999933 ], [ -41.003667, -3.669917899999973 ], [ -41.003560899999968, -3.670561 ], [ -41.002475899999979, -3.672018099999946 ], [ -41.002350199999967, -3.673183499999936 ], [ -41.003058, -3.673827 ], [ -41.003100899999936, -3.675585799999965 ], [ -41.003658499999972, -3.676057599999979 ], [ -41.005889199999956, -3.676593799999978 ], [ -41.006682799999965, -3.677709199999981 ], [ -41.006725599999982, -3.679103299999952 ], [ -41.006382499999972, -3.680476 ], [ -41.005674699999929, -3.681848699999932 ], [ -41.005417299999976, -3.683500199999969 ], [ -41.005588899999964, -3.684937299999945 ], [ -41.006060699999978, -3.685666499999968 ], [ -41.007562099999973, -3.686395799999957 ], [ -41.008677499999976, -3.687403899999936 ], [ -41.00913879999996, -3.688494099999957 ], [ -41.009457299999951, -3.689538199999959 ], [ -41.010392399999944, -3.690372799999977 ], [ -41.012772499999983, -3.691016099999956 ], [ -41.013749899999937, -3.692501199999981 ], [ -41.014330799999982, -3.692953599999953 ], [ -41.014703199999985, -3.692447699999946 ], [ -41.01678069999997, -3.690333099999975 ], [ -41.01725, -3.690075199999967 ], [ -41.017987699999935, -3.689924399999938 ], [ -41.018713399999967, -3.689612099999977 ], [ -41.021597399999962, -3.687753099999952 ], [ -41.023395199999982, -3.686842299999967 ], [ -41.024345199999971, -3.685177 ], [ -41.02493469999996, -3.684702199999947 ], [ -41.027566099999945, -3.683911699999953 ], [ -41.029081299999973, -3.682745499999953 ], [ -41.029375199999947, -3.682163299999957 ], [ -41.029374099999984, -3.681689799999958 ], [ -41.02972, -3.680025499999942 ], [ -41.03018789999993, -3.679307399999971 ], [ -41.030926, -3.677696799999978 ], [ -41.032936399999983, -3.676853599999959 ], [ -41.033195599999942, -3.675797099999954 ], [ -41.034042099999965, -3.674639699999943 ], [ -41.035908599999971, -3.672776099999965 ], [ -41.037313199999971, -3.670923099999925 ], [ -41.037957899999981, -3.669808899999964 ], [ -41.038676499999951, -3.667582799999934 ], [ -41.039026699999965, -3.665503499999943 ], [ -41.038800399999957, -3.665444199999968 ], [ -41.038562099999979, -3.665361099999927 ], [ -41.038204399999984, -3.665122699999927 ], [ -41.035223599999938, -3.661955599999942 ], [ -41.029706099999942, -3.658688099999949 ], [ -41.02908, -3.657920899999965 ], [ -41.025563599999941, -3.65361489999998 ], [ -41.022287199999937, -3.653207299999963 ], [ -41.02154319999994, -3.654688399999941 ], [ -41.021931799999948, -3.656840299999942 ], [ -41.021833799999968, -3.658213199999977 ], [ -41.021345799999949, -3.659208299999932 ], [ -41.020875299999943, -3.661364399999968 ], [ -41.020663599999978, -3.662483599999973 ], [ -41.020345799999973, -3.662534 ], [ -41.019589399999973, -3.662638299999969 ], [ -41.019100599999945, -3.662568599999929 ], [ -41.018547199999944, -3.66243019999996 ], [ -41.018031099999973, -3.662360599999943 ], [ -41.017682499999978, -3.662222699999973 ], [ -41.017318399999965, -3.662153499999931 ], [ -41.016870099999949, -3.662233 ], [ -41.015983799999958, -3.661603399999933 ], [ -41.015295899999956, -3.661427199999935 ], [ -41.014433299999951, -3.661498599999959 ], [ -41.013670299999944, -3.661427199999935 ], [ -41.01315139999997, -3.66111589999997 ], [ -41.012563399999976, -3.66090829999996 ], [ -41.011692, -3.660711299999946 ], [ -41.010903199999973, -3.659766899999966 ], [ -41.010176799999954, -3.659213499999964 ], [ -41.009066, -3.658345099999963 ], [ -41.008376099999964, -3.65789639999997 ], [ -41.008305, -3.657850199999928 ] ], [ [ -41.022104, -3.68259009999997 ], [ -41.02108439999995, -3.681740399999967 ], [ -41.027671199999929, -3.672800099999961 ], [ -41.028181099999983, -3.673217699999952 ], [ -41.027604199999985, -3.673956699999962 ], [ -41.029693699999939, -3.675711199999967 ], [ -41.023240899999962, -3.683537499999943 ], [ -41.022104, -3.68259009999997 ] ] ] ] } },
{ "type": "Feature", "properties": { "CD_SETOR": "231340105000077", "SITUACAO": "Rural", "CD_SIT": "8", "CD_TIPO": "0", "AREA_KM2": 3.602061728646528, "CD_REGIAO": "2", "NM_REGIAO": "Nordeste", "CD_UF": "23", "NM_UF": "Ceará", "CD_MUN": "2313401", "NM_MUN": "Tianguá", "CD_DIST": "231340105", "NM_DIST": "Tianguá", "CD_SUBDIST": "23134010500", "NM_SUBDIST": null, "CD_BAIRRO": null, "NM_BAIRRO": null, "CD_NU": null, "NM_NU": null, "CD_FCU": null, "NM_FCU": null, "CD_AGLOM": null, "NM_AGLOM": null, "CD_RGINT": "2306", "NM_RGINT": "Sobral", "CD_RGI": "230016", "NM_RGI": "São Benedito - Ipu - Guaraciaba do Norte - Tianguá", "CD_CONCURB": null, "NM_CONCURB": null, "Areapopulacional_CD_SIT": null, "Areapopulacional_CD_TIPO": null, "Areapopulacional_v0001": null, "Areapopulacional_v0002": null, "Areapopulacional_v0003": null, "Areapopulacional_v0004": null, "Areapopulacional_v0005": null, "Areapopulacional_v0006": null, "Areapopulacional_v0007": null, "Areapopulacional_AREA_DOMICILIADA_KM2": null, "Areapopulacional_AREA_KM2": null, "Areapopulacional_DENSIDADE_DEMOGRAFICA_DOMICILIADA_HAB_KM2": null, "Areapopulacional_DENSIDADE_DEMOGRAFICA_SETOR_HAB_KM2": null, "teste200(2)_fid": null, "teste200(2)_CD_SIT": null, "teste200(2)_CD_TIPO": null, "teste200(2)_v0001": null, "teste200(2)_v0002": null, "teste200(2)_v0003": null, "teste200(2)_v0004": null, "teste200(2)_v0005": null, "teste200(2)_v0006": null, "teste200(2)_v0007": null, "teste200(2)_AREA_DOMICILIADA_KM2": null, "teste200(2)_AREA_KM2": null, "teste200(2)_DENSIDADE_DEMOGRAFICA_DOMICILIADA_HAB_KM2": null, "teste200(2)_DENSIDADE_DEMOGRAFICA_SETOR_HAB_KM2": null, "teste200(2)_V00111SISTEMAGERALÁGUA": null, "teste200(2)_V00112POÇO": null, "teste200(2)_V00113POÇORASO": null, "teste200(2)_V00114NASCENTE,FONTE": null, "teste200(2)_V00115CARROPIPA": null, "teste200(2)_V00116CHUVA": null, "teste200(2)_V00117RIOS,AÇUDES,CORREGOS": null, "teste200(2)_V00118OUTRAFORMA": null }, "geometry": { "type": "MultiPolygon", "coordinates": [ [ [ [ -40.91574369999995, -3.732293099999936 ], [ -40.916352599999982, -3.735728399999971 ], [ -40.914197199999933, -3.738162799999941 ], [ -40.911449399999981, -3.738795399999958 ], [ -40.911431499999935, -3.744356 ], [ -40.916538799999955, -3.746423099999959 ], [ -40.916526399999952, -3.746786 ], [ -40.918690399999946, -3.747616499999936 ], [ -40.919795799999974, -3.748040699999933 ], [ -40.919789299999934, -3.748112899999967 ], [ -40.91967109999996, -3.749421499999926 ], [ -40.919647, -3.749688399999968 ], [ -40.919404799999938, -3.75237089999996 ], [ -40.921718599999963, -3.75279919999997 ], [ -40.923216799999977, -3.753001099999949 ], [ -40.923976899999957, -3.753460699999948 ], [ -40.925403299999971, -3.753448799999944 ], [ -40.926336499999934, -3.753557799999953 ], [ -40.925517199999945, -3.752368 ], [ -40.924677499999973, -3.751120299999968 ], [ -40.923983799999974, -3.749719199999959 ], [ -40.923582499999952, -3.747959499999979 ], [ -40.922856499999966, -3.746721399999956 ], [ -40.922687099999962, -3.744518599999935 ], [ -40.922869799999944, -3.743255499999975 ], [ -40.922731, -3.740680499999939 ], [ -40.923116399999969, -3.738745299999948 ], [ -40.925785799999971, -3.736382 ], [ -40.928198399999985, -3.736599599999977 ], [ -40.930337899999984, -3.735233099999959 ], [ -40.93470039999994, -3.735022799999967 ], [ -40.936672099999953, -3.735397899999953 ], [ -40.938375899999983, -3.734881599999937 ], [ -40.939508799999942, -3.733883499999934 ], [ -40.936306699999932, -3.733744399999978 ], [ -40.935413399999959, -3.733577199999957 ], [ -40.934342199999946, -3.732904899999937 ], [ -40.933940699999937, -3.731346899999949 ], [ -40.932717699999955, -3.729157199999975 ], [ -40.932453299999963, -3.728356499999961 ], [ -40.931252, -3.727179699999965 ], [ -40.920024699999942, -3.727360899999951 ], [ -40.916502299999934, -3.730252399999927 ], [ -40.91574369999995, -3.732293099999936 ] ] ] ] } },
{ "type": "Feature", "properties": { "CD_SETOR": "231340105000078", "SITUACAO": "Rural", "CD_SIT": "8", "CD_TIPO": "0", "AREA_KM2": 1.558653818853484, "CD_REGIAO": "2", "NM_REGIAO": "Nordeste", "CD_UF": "23", "NM_UF": "Ceará", "CD_MUN": "2313401", "NM_MUN": "Tianguá", "CD_DIST": "231340105", "NM_DIST": "Tianguá", "CD_SUBDIST": "23134010500", "NM_SUBDIST": null, "CD_BAIRRO": null, "NM_BAIRRO": null, "CD_NU": null, "NM_NU": null, "CD_FCU": null, "NM_FCU": null, "CD_AGLOM": null, "NM_AGLOM": null, "CD_RGINT": "2306", "NM_RGINT": "Sobral", "CD_RGI": "230016", "NM_RGI": "São Benedito - Ipu - Guaraciaba do Norte - Tianguá", "CD_CONCURB": null, "NM_CONCURB": null, "Areapopulacional_CD_SIT": null, "Areapopulacional_CD_TIPO": null, "Areapopulacional_v0001": null, "Areapopulacional_v0002": null, "Areapopulacional_v0003": null, "Areapopulacional_v0004": null, "Areapopulacional_v0005": null, "Areapopulacional_v0006": null, "Areapopulacional_v0007": null, "Areapopulacional_AREA_DOMICILIADA_KM2": null, "Areapopulacional_AREA_KM2": null, "Areapopulacional_DENSIDADE_DEMOGRAFICA_DOMICILIADA_HAB_KM2": null, "Areapopulacional_DENSIDADE_DEMOGRAFICA_SETOR_HAB_KM2": null, "teste200(2)_fid": null, "teste200(2)_CD_SIT": null, "teste200(2)_CD_TIPO": null, "teste200(2)_v0001": null, "teste200(2)_v0002": null, "teste200(2)_v0003": null, "teste200(2)_v0004": null, "teste200(2)_v0005": null, "teste200(2)_v0006": null, "teste200(2)_v0007": null, "teste200(2)_AREA_DOMICILIADA_KM2": null, "teste200(2)_AREA_KM2": null, "teste200(2)_DENSIDADE_DEMOGRAFICA_DOMICILIADA_HAB_KM2": null, "teste200(2)_DENSIDADE_DEMOGRAFICA_SETOR_HAB_KM2": null, "teste200(2)_V00111SISTEMAGERALÁGUA": null, "teste200(2)_V00112POÇO": null, "teste200(2)_V00113POÇORASO": null, "teste200(2)_V00114NASCENTE,FONTE": null, "teste200(2)_V00115CARROPIPA": null, "teste200(2)_V00116CHUVA": null, "teste200(2)_V00117RIOS,AÇUDES,CORREGOS": null, "teste200(2)_V00118OUTRAFORMA": null }, "geometry": { "type": "MultiPolygon", "coordinates": [ [ [ [ -40.948590199999956, -3.766388499999948 ], [ -40.948180199999967, -3.772073899999953 ], [ -40.94833639999996, -3.77275579999997 ], [ -40.948313199999973, -3.773276399999929 ], [ -40.94800719999995, -3.774219499999958 ], [ -40.948065399999962, -3.77465669999998 ], [ -40.948599099999967, -3.775436799999966 ], [ -40.948642699999937, -3.775891399999978 ], [ -40.948466799999949, -3.776801199999966 ], [ -40.94862059999997, -3.777223899999967 ], [ -40.94944739999994, -3.777855799999941 ], [ -40.949651, -3.778326799999945 ], [ -40.949757599999941, -3.77889609999994 ], [ -40.949762499999963, -3.779070399999966 ], [ -40.949744499999952, -3.779437299999927 ], [ -40.952066499999944, -3.778582 ], [ -40.953444699999977, -3.776227 ], [ -40.955035099999975, -3.774681899999962 ], [ -40.956079199999976, -3.773971899999935 ], [ -40.956396899999959, -3.773755799999947 ], [ -40.957366199999967, -3.773033599999962 ], [ -40.957725399999958, -3.772766 ], [ -40.958298499999955, -3.771984499999974 ], [ -40.960553899999979, -3.771358 ], [ -40.960642899999982, -3.771333299999981 ], [ -40.961834099999976, -3.771337799999969 ], [ -40.962852699999985, -3.77064409999997 ], [ -40.963460699999985, -3.77023 ], [ -40.963638499999945, -3.770109 ], [ -40.963725299999965, -3.766819099999964 ], [ -40.96334029999997, -3.76670919999998 ], [ -40.961159, -3.766086 ], [ -40.958278199999938, -3.766018799999927 ], [ -40.956916199999966, -3.766092599999979 ], [ -40.955946399999959, -3.766104899999959 ], [ -40.954950099999962, -3.766108499999973 ], [ -40.953992599999935, -3.76624279999993 ], [ -40.95323529999996, -3.766142399999978 ], [ -40.952752099999941, -3.766137199999946 ], [ -40.951627299999984, -3.766125199999976 ], [ -40.951293899999939, -3.766121699999928 ], [ -40.948590199999956, -3.766388499999948 ] ] ] ] } },
{ "type": "Feature", "properties": { "CD_SETOR": "231340105000079", "SITUACAO": "Rural", "CD_SIT": "8", "CD_TIPO": "0", "AREA_KM2": 3.1265039189969839, "CD_REGIAO": "2", "NM_REGIAO": "Nordeste", "CD_UF": "23", "NM_UF": "Ceará", "CD_MUN": "2313401", "NM_MUN": "Tianguá", "CD_DIST": "231340105", "NM_DIST": "Tianguá", "CD_SUBDIST": "23134010500", "NM_SUBDIST": null, "CD_BAIRRO": "2313401019", "NM_BAIRRO": "João Nunes", "CD_NU": null, "NM_NU": null, "CD_FCU": null, "NM_FCU": null, "CD_AGLOM": null, "NM_AGLOM": null, "CD_RGINT": "2306", "NM_RGINT": "Sobral", "CD_RGI": "230016", "NM_RGI": "São Benedito - Ipu - Guaraciaba do Norte - Tianguá", "CD_CONCURB": null, "NM_CONCURB": null, "Areapopulacional_CD_SIT": null, "Areapopulacional_CD_TIPO": null, "Areapopulacional_v0001": null, "Areapopulacional_v0002": null, "Areapopulacional_v0003": null, "Areapopulacional_v0004": null, "Areapopulacional_v0005": null, "Areapopulacional_v0006": null, "Areapopulacional_v0007": null, "Areapopulacional_AREA_DOMICILIADA_KM2": null, "Areapopulacional_AREA_KM2": null, "Areapopulacional_DENSIDADE_DEMOGRAFICA_DOMICILIADA_HAB_KM2": null, "Areapopulacional_DENSIDADE_DEMOGRAFICA_SETOR_HAB_KM2": null, "teste200(2)_fid": null, "teste200(2)_CD_SIT": null, "teste200(2)_CD_TIPO": null, "teste200(2)_v0001": null, "teste200(2)_v0002": null, "teste200(2)_v0003": null, "teste200(2)_v0004": null, "teste200(2)_v0005": null, "teste200(2)_v0006": null, "teste200(2)_v0007": null, "teste200(2)_AREA_DOMICILIADA_KM2": null, "teste200(2)_AREA_KM2": null, "teste200(2)_DENSIDADE_DEMOGRAFICA_DOMICILIADA_HAB_KM2": null, "teste200(2)_DENSIDADE_DEMOGRAFICA_SETOR_HAB_KM2": null, "teste200(2)_V00111SISTEMAGERALÁGUA": null, "teste200(2)_V00112POÇO": null, "teste200(2)_V00113POÇORASO": null, "teste200(2)_V00114NASCENTE,FONTE": null, "teste200(2)_V00115CARROPIPA": null, "teste200(2)_V00116CHUVA": null, "teste200(2)_V00117RIOS,AÇUDES,CORREGOS": null, "teste200(2)_V00118OUTRAFORMA": null }, "geometry": { "type": "MultiPolygon", "coordinates": [ [ [ [ -40.976847199999952, -3.687174 ], [ -40.976829399999986, -3.687559699999952 ], [ -40.976830299999961, -3.687734 ], [ -40.976830399999983, -3.687984799999981 ], [ -40.976698699999929, -3.688919599999963 ], [ -40.976677, -3.689627099999939 ], [ -40.976486499999965, -3.690357699999936 ], [ -40.976444599999979, -3.690856399999973 ], [ -40.976279399999953, -3.69137429999995 ], [ -40.975843099999963, -3.692358299999967 ], [ -40.975533199999973, -3.693815399999949 ], [ -40.975483199999985, -3.695351099999925 ], [ -40.975603199999966, -3.696697099999938 ], [ -40.975704199999939, -3.697735799999975 ], [ -40.975777299999947, -3.698815199999956 ], [ -40.975882099999978, -3.699576299999933 ], [ -40.978095499999938, -3.698705 ], [ -40.978645699999959, -3.69848879999995 ], [ -40.979157, -3.6985 ], [ -40.990154699999948, -3.706547899999975 ], [ -40.990421399999946, -3.705888899999934 ], [ -40.990790799999957, -3.704016599999932 ], [ -40.991168699999946, -3.702553399999942 ], [ -40.991525899999942, -3.701095299999963 ], [ -40.991762499999936, -3.700765399999966 ], [ -40.991506799999968, -3.696643 ], [ -40.991239099999973, -3.694855199999949 ], [ -40.991234399999939, -3.693934099999979 ], [ -40.991744099999949, -3.693140199999959 ], [ -40.991968, -3.692606799999965 ], [ -40.992165599999964, -3.691705599999977 ], [ -40.993508899999938, -3.689017499999977 ], [ -40.993612599999949, -3.688562299999944 ], [ -40.980708099999958, -3.683969 ], [ -40.980578399999956, -3.684084799999937 ], [ -40.976847199999952, -3.687174 ] ] ] ] } },
{ "type": "Feature", "properties": { "CD_SETOR": "231340105000081", "SITUACAO": "Rural", "CD_SIT": "8", "CD_TIPO": "0", "AREA_KM2": 1.835751682236261, "CD_REGIAO": "2", "NM_REGIAO": "Nordeste", "CD_UF": "23", "NM_UF": "Ceará", "CD_MUN": "2313401", "NM_MUN": "Tianguá", "CD_DIST": "231340105", "NM_DIST": "Tianguá", "CD_SUBDIST": "23134010500", "NM_SUBDIST": null, "CD_BAIRRO": "2313401024", "NM_BAIRRO": "Afonso Maranguape", "CD_NU": null, "NM_NU": null, "CD_FCU": null, "NM_FCU": null, "CD_AGLOM": null, "NM_AGLOM": null, "CD_RGINT": "2306", "NM_RGINT": "Sobral", "CD_RGI": "230016", "NM_RGI": "São Benedito - Ipu - Guaraciaba do Norte - Tianguá", "CD_CONCURB": null, "NM_CONCURB": null, "Areapopulacional_CD_SIT": null, "Areapopulacional_CD_TIPO": null, "Areapopulacional_v0001": null, "Areapopulacional_v0002": null, "Areapopulacional_v0003": null, "Areapopulacional_v0004": null, "Areapopulacional_v0005": null, "Areapopulacional_v0006": null, "Areapopulacional_v0007": null, "Areapopulacional_AREA_DOMICILIADA_KM2": null, "Areapopulacional_AREA_KM2": null, "Areapopulacional_DENSIDADE_DEMOGRAFICA_DOMICILIADA_HAB_KM2": null, "Areapopulacional_DENSIDADE_DEMOGRAFICA_SETOR_HAB_KM2": null, "teste200(2)_fid": null, "teste200(2)_CD_SIT": null, "teste200(2)_CD_TIPO": null, "teste200(2)_v0001": null, "teste200(2)_v0002": null, "teste200(2)_v0003": null, "teste200(2)_v0004": null, "teste200(2)_v0005": null, "teste200(2)_v0006": null, "teste200(2)_v0007": null, "teste200(2)_AREA_DOMICILIADA_KM2": null, "teste200(2)_AREA_KM2": null, "teste200(2)_DENSIDADE_DEMOGRAFICA_DOMICILIADA_HAB_KM2": null, "teste200(2)_DENSIDADE_DEMOGRAFICA_SETOR_HAB_KM2": null, "teste200(2)_V00111SISTEMAGERALÁGUA": null, "teste200(2)_V00112POÇO": null, "teste200(2)_V00113POÇORASO": null, "teste200(2)_V00114NASCENTE,FONTE": null, "teste200(2)_V00115CARROPIPA": null, "teste200(2)_V00116CHUVA": null, "teste200(2)_V00117RIOS,AÇUDES,CORREGOS": null, "teste200(2)_V00118OUTRAFORMA": null }, "geometry": { "type": "MultiPolygon", "coordinates": [ [ [ [ -40.953389099999981, -3.707222599999966 ], [ -40.958420299999943, -3.704008699999974 ], [ -40.961452299999962, -3.702543799999944 ], [ -40.96312249999994, -3.702730599999938 ], [ -40.964534899999933, -3.703456699999947 ], [ -40.967569199999957, -3.704580799999974 ], [ -40.969501199999968, -3.70439749999997 ], [ -40.970478799999967, -3.704406799999958 ], [ -40.971540199999936, -3.704138199999932 ], [ -40.972042199999976, -3.70411009999998 ], [ -40.973222699999951, -3.704471699999942 ], [ -40.97382639999995, -3.704526399999963 ], [ -40.974213299999974, -3.704589699999929 ], [ -40.974500899999953, -3.704547399999967 ], [ -40.974666599999978, -3.704457 ], [ -40.974742799999945, -3.70441459999995 ], [ -40.97636, -3.70428 ], [ -40.975882099999978, -3.699576299999933 ], [ -40.975777299999947, -3.698815199999956 ], [ -40.975704199999939, -3.697735799999975 ], [ -40.975603199999966, -3.696697099999938 ], [ -40.975483199999985, -3.695351099999925 ], [ -40.975533199999973, -3.693815399999949 ], [ -40.975843099999963, -3.692358299999967 ], [ -40.976279399999953, -3.69137429999995 ], [ -40.976444599999979, -3.690856399999973 ], [ -40.976486499999965, -3.690357699999936 ], [ -40.976677, -3.689627099999939 ], [ -40.976698699999929, -3.688919599999963 ], [ -40.976830399999983, -3.687984799999981 ], [ -40.975682499999948, -3.688931 ], [ -40.95647619999994, -3.704057299999931 ], [ -40.953389099999981, -3.707222599999966 ] ] ] ] } },
{ "type": "Feature", "properties": { "CD_SETOR": "231340105000082", "SITUACAO": "Rural", "CD_SIT": "8", "CD_TIPO": "0", "AREA_KM2": 4.7883539661971302, "CD_REGIAO": "2", "NM_REGIAO": "Nordeste", "CD_UF": "23", "NM_UF": "Ceará", "CD_MUN": "2313401", "NM_MUN": "Tianguá", "CD_DIST": "231340105", "NM_DIST": "Tianguá", "CD_SUBDIST": "23134010500", "NM_SUBDIST": null, "CD_BAIRRO": "2313401013", "NM_BAIRRO": "São José", "CD_NU": null, "NM_NU": null, "CD_FCU": null, "NM_FCU": null, "CD_AGLOM": null, "NM_AGLOM": null, "CD_RGINT": "2306", "NM_RGINT": "Sobral", "CD_RGI": "230016", "NM_RGI": "São Benedito - Ipu - Guaraciaba do Norte - Tianguá", "CD_CONCURB": null, "NM_CONCURB": null, "Areapopulacional_CD_SIT": null, "Areapopulacional_CD_TIPO": null, "Areapopulacional_v0001": null, "Areapopulacional_v0002": null, "Areapopulacional_v0003": null, "Areapopulacional_v0004": null, "Areapopulacional_v0005": null, "Areapopulacional_v0006": null, "Areapopulacional_v0007": null, "Areapopulacional_AREA_DOMICILIADA_KM2": null, "Areapopulacional_AREA_KM2": null, "Areapopulacional_DENSIDADE_DEMOGRAFICA_DOMICILIADA_HAB_KM2": null, "Areapopulacional_DENSIDADE_DEMOGRAFICA_SETOR_HAB_KM2": null, "teste200(2)_fid": null, "teste200(2)_CD_SIT": null, "teste200(2)_CD_TIPO": null, "teste200(2)_v0001": null, "teste200(2)_v0002": null, "teste200(2)_v0003": null, "teste200(2)_v0004": null, "teste200(2)_v0005": null, "teste200(2)_v0006": null, "teste200(2)_v0007": null, "teste200(2)_AREA_DOMICILIADA_KM2": null, "teste200(2)_AREA_KM2": null, "teste200(2)_DENSIDADE_DEMOGRAFICA_DOMICILIADA_HAB_KM2": null, "teste200(2)_DENSIDADE_DEMOGRAFICA_SETOR_HAB_KM2": null, "teste200(2)_V00111SISTEMAGERALÁGUA": null, "teste200(2)_V00112POÇO": null, "teste200(2)_V00113POÇORASO": null, "teste200(2)_V00114NASCENTE,FONTE": null, "teste200(2)_V00115CARROPIPA": null, "teste200(2)_V00116CHUVA": null, "teste200(2)_V00117RIOS,AÇUDES,CORREGOS": null, "teste200(2)_V00118OUTRAFORMA": null }, "geometry": { "type": "MultiPolygon", "coordinates": [ [ [ [ -40.933744599999955, -3.75056479999995 ], [ -40.933370699999955, -3.75114119999995 ], [ -40.932515499999965, -3.751830899999959 ], [ -40.932153399999947, -3.752257799999938 ], [ -40.932054799999946, -3.753474599999947 ], [ -40.931527499999959, -3.754266299999927 ], [ -40.931263599999966, -3.755319199999974 ], [ -40.932781599999942, -3.75848689999998 ], [ -40.933244499999944, -3.758951499999966 ], [ -40.934104, -3.759313199999951 ], [ -40.935175299999969, -3.761077399999976 ], [ -40.936024599999939, -3.761529499999938 ], [ -40.936430199999961, -3.762335 ], [ -40.936255899999935, -3.763158899999951 ], [ -40.936212299999966, -3.763532199999929 ], [ -40.93631, -3.76385369999997 ], [ -40.936309499999936, -3.765008699999953 ], [ -40.936821399999985, -3.765358599999956 ], [ -40.936330799999951, -3.767277399999955 ], [ -40.935349599999938, -3.77111489999993 ], [ -40.934858199999951, -3.771334099999933 ], [ -40.934275499999956, -3.771331199999963 ], [ -40.93338, -3.771550299999944 ], [ -40.93244089999996, -3.77266069999996 ], [ -40.931190699999945, -3.77327779999996 ], [ -40.930074699999977, -3.774701199999924 ], [ -40.929044599999941, -3.776759499999969 ], [ -40.928463699999952, -3.777338899999961 ], [ -40.928150499999958, -3.778320599999972 ], [ -40.928099299999985, -3.778377099999943 ], [ -40.931300299999975, -3.779530799999975 ], [ -40.940329799999972, -3.781975799999941 ], [ -40.944414799999947, -3.783630499999958 ], [ -40.947435599999949, -3.785874399999955 ], [ -40.947400899999934, -3.785432199999946 ], [ -40.947133199999939, -3.784978699999954 ], [ -40.947139499999935, -3.784442 ], [ -40.947743399999979, -3.782391599999926 ], [ -40.948072899999943, -3.782035099999973 ], [ -40.949744499999952, -3.779437299999927 ], [ -40.949762499999963, -3.779070399999966 ], [ -40.949757599999941, -3.77889609999994 ], [ -40.949651, -3.778326799999945 ], [ -40.94944739999994, -3.777855799999941 ], [ -40.94862059999997, -3.777223899999967 ], [ -40.948466799999949, -3.776801199999966 ], [ -40.948642699999937, -3.775891399999978 ], [ -40.948599099999967, -3.775436799999966 ], [ -40.948065399999962, -3.77465669999998 ], [ -40.94800719999995, -3.774219499999958 ], [ -40.948313199999973, -3.773276399999929 ], [ -40.94833639999996, -3.77275579999997 ], [ -40.948180199999967, -3.772073899999953 ], [ -40.948590199999956, -3.766388499999948 ], [ -40.947273099999961, -3.766471199999955 ], [ -40.945852299999956, -3.766603799999928 ], [ -40.944837199999938, -3.766726899999981 ], [ -40.944207199999937, -3.76676759999998 ], [ -40.943440599999974, -3.766817199999934 ], [ -40.943047499999977, -3.766842699999927 ], [ -40.942321299999946, -3.766889699999979 ], [ -40.942408199999932, -3.766661399999975 ], [ -40.94295, -3.766139599999974 ], [ -40.942405099999974, -3.765442299999961 ], [ -40.941941699999973, -3.763996899999938 ], [ -40.94198, -3.763428899999951 ], [ -40.941888699999936, -3.762991099999965 ], [ -40.941813599999932, -3.762411699999973 ], [ -40.941358199999968, -3.762472199999934 ], [ -40.941216199999985, -3.76203229999993 ], [ -40.94181709999998, -3.761296699999946 ], [ -40.942175, -3.756019399999957 ], [ -40.941897, -3.754931899999974 ], [ -40.942080799999985, -3.754838499999948 ], [ -40.942433199999982, -3.751172299999951 ], [ -40.942740699999945, -3.751096199999949 ], [ -40.94289619999995, -3.750839499999927 ], [ -40.943116299999986, -3.748819899999944 ], [ -40.941965499999981, -3.749403599999937 ], [ -40.940784899999983, -3.749788799999976 ], [ -40.939765, -3.74995279999996 ], [ -40.93885, -3.750015899999937 ], [ -40.93787569999995, -3.750040499999955 ], [ -40.937279599999954, -3.750155 ], [ -40.936320099999932, -3.750399099999925 ], [ -40.935064499999953, -3.750492299999962 ], [ -40.933744599999955, -3.75056479999995 ] ] ] ] } },
{ "type": "Feature", "properties": { "CD_SETOR": "231340105000086", "SITUACAO": "Rural", "CD_SIT": "8", "CD_TIPO": "0", "AREA_KM2": 5.3180867746145157, "CD_REGIAO": "2", "NM_REGIAO": "Nordeste", "CD_UF": "23", "NM_UF": "Ceará", "CD_MUN": "2313401", "NM_MUN": "Tianguá", "CD_DIST": "231340105", "NM_DIST": "Tianguá", "CD_SUBDIST": "23134010500", "NM_SUBDIST": null, "CD_BAIRRO": "2313401020", "NM_BAIRRO": "Industrial", "CD_NU": null, "NM_NU": null, "CD_FCU": null, "NM_FCU": null, "CD_AGLOM": null, "NM_AGLOM": null, "CD_RGINT": "2306", "NM_RGINT": "Sobral", "CD_RGI": "230016", "NM_RGI": "São Benedito - Ipu - Guaraciaba do Norte - Tianguá", "CD_CONCURB": null, "NM_CONCURB": null, "Areapopulacional_CD_SIT": null, "Areapopulacional_CD_TIPO": null, "Areapopulacional_v0001": null, "Areapopulacional_v0002": null, "Areapopulacional_v0003": null, "Areapopulacional_v0004": null, "Areapopulacional_v0005": null, "Areapopulacional_v0006": null, "Areapopulacional_v0007": null, "Areapopulacional_AREA_DOMICILIADA_KM2": null, "Areapopulacional_AREA_KM2": null, "Areapopulacional_DENSIDADE_DEMOGRAFICA_DOMICILIADA_HAB_KM2": null, "Areapopulacional_DENSIDADE_DEMOGRAFICA_SETOR_HAB_KM2": null, "teste200(2)_fid": null, "teste200(2)_CD_SIT": null, "teste200(2)_CD_TIPO": null, "teste200(2)_v0001": null, "teste200(2)_v0002": null, "teste200(2)_v0003": null, "teste200(2)_v0004": null, "teste200(2)_v0005": null, "teste200(2)_v0006": null, "teste200(2)_v0007": null, "teste200(2)_AREA_DOMICILIADA_KM2": null, "teste200(2)_AREA_KM2": null, "teste200(2)_DENSIDADE_DEMOGRAFICA_DOMICILIADA_HAB_KM2": null, "teste200(2)_DENSIDADE_DEMOGRAFICA_SETOR_HAB_KM2": null, "teste200(2)_V00111SISTEMAGERALÁGUA": null, "teste200(2)_V00112POÇO": null, "teste200(2)_V00113POÇORASO": null, "teste200(2)_V00114NASCENTE,FONTE": null, "teste200(2)_V00115CARROPIPA": null, "teste200(2)_V00116CHUVA": null, "teste200(2)_V00117RIOS,AÇUDES,CORREGOS": null, "teste200(2)_V00118OUTRAFORMA": null }, "geometry": { "type": "MultiPolygon", "coordinates": [ [ [ [ -41.03082059999997, -3.772001899999964 ], [ -41.031437299999936, -3.774104 ], [ -41.033490499999971, -3.78087759999994 ], [ -41.034656599999948, -3.781589199999928 ], [ -41.036001, -3.782599 ], [ -41.036428, -3.783426199999951 ], [ -41.036450899999977, -3.78369129999993 ], [ -41.0363, -3.784662599999933 ], [ -41.036041399999931, -3.785236199999929 ], [ -41.036003, -3.785710299999948 ], [ -41.035611699999947, -3.787476099999935 ], [ -41.034143799999981, -3.791385799999944 ], [ -41.033661499999937, -3.793208399999969 ], [ -41.034300599999938, -3.794901299999935 ], [ -41.034452099999953, -3.796004 ], [ -41.035195399999964, -3.798055799999929 ], [ -41.035390699999937, -3.798553199999958 ], [ -41.035409899999934, -3.800742199999945 ], [ -41.035673699999961, -3.801173099999971 ], [ -41.037357699999973, -3.801992499999926 ], [ -41.038573299999939, -3.801842 ], [ -41.040352799999937, -3.80122769999997 ], [ -41.041867399999944, -3.800434399999972 ], [ -41.04244749999998, -3.799866 ], [ -41.043081299999983, -3.799488799999949 ], [ -41.045215399999961, -3.79698929999995 ], [ -41.046782299999961, -3.796384299999943 ], [ -41.048335899999984, -3.795859399999927 ], [ -41.05209009999993, -3.793683499999929 ], [ -41.050594199999978, -3.781589899999972 ], [ -41.032460599999979, -3.765386 ], [ -41.03082059999997, -3.772001899999964 ] ] ] ] } },
{ "type": "Feature", "properties": { "CD_SETOR": "231340105000090", "SITUACAO": "Rural", "CD_SIT": "8", "CD_TIPO": "0", "AREA_KM2": 1.9681029791769089, "CD_REGIAO": "2", "NM_REGIAO": "Nordeste", "CD_UF": "23", "NM_UF": "Ceará", "CD_MUN": "2313401", "NM_MUN": "Tianguá", "CD_DIST": "231340105", "NM_DIST": "Tianguá", "CD_SUBDIST": "23134010500", "NM_SUBDIST": null, "CD_BAIRRO": "2313401018", "NM_BAIRRO": "Santo Expedito", "CD_NU": null, "NM_NU": null, "CD_FCU": null, "NM_FCU": null, "CD_AGLOM": null, "NM_AGLOM": null, "CD_RGINT": "2306", "NM_RGINT": "Sobral", "CD_RGI": "230016", "NM_RGI": "São Benedito - Ipu - Guaraciaba do Norte - Tianguá", "CD_CONCURB": null, "NM_CONCURB": null, "Areapopulacional_CD_SIT": null, "Areapopulacional_CD_TIPO": null, "Areapopulacional_v0001": null, "Areapopulacional_v0002": null, "Areapopulacional_v0003": null, "Areapopulacional_v0004": null, "Areapopulacional_v0005": null, "Areapopulacional_v0006": null, "Areapopulacional_v0007": null, "Areapopulacional_AREA_DOMICILIADA_KM2": null, "Areapopulacional_AREA_KM2": null, "Areapopulacional_DENSIDADE_DEMOGRAFICA_DOMICILIADA_HAB_KM2": null, "Areapopulacional_DENSIDADE_DEMOGRAFICA_SETOR_HAB_KM2": null, "teste200(2)_fid": null, "teste200(2)_CD_SIT": null, "teste200(2)_CD_TIPO": null, "teste200(2)_v0001": null, "teste200(2)_v0002": null, "teste200(2)_v0003": null, "teste200(2)_v0004": null, "teste200(2)_v0005": null, "teste200(2)_v0006": null, "teste200(2)_v0007": null, "teste200(2)_AREA_DOMICILIADA_KM2": null, "teste200(2)_AREA_KM2": null, "teste200(2)_DENSIDADE_DEMOGRAFICA_DOMICILIADA_HAB_KM2": null, "teste200(2)_DENSIDADE_DEMOGRAFICA_SETOR_HAB_KM2": null, "teste200(2)_V00111SISTEMAGERALÁGUA": null, "teste200(2)_V00112POÇO": null, "teste200(2)_V00113POÇORASO": null, "teste200(2)_V00114NASCENTE,FONTE": null, "teste200(2)_V00115CARROPIPA": null, "teste200(2)_V00116CHUVA": null, "teste200(2)_V00117RIOS,AÇUDES,CORREGOS": null, "teste200(2)_V00118OUTRAFORMA": null }, "geometry": { "type": "MultiPolygon", "coordinates": [ [ [ [ -40.995699299999956, -3.710605199999975 ], [ -40.995947599999965, -3.710760099999959 ], [ -40.997141699999929, -3.711504899999966 ], [ -40.99906569999996, -3.711768699999936 ], [ -41.00038909999995, -3.711954499999933 ], [ -41.005470399999979, -3.713286 ], [ -41.005037199999947, -3.716091499999948 ], [ -41.006973599999981, -3.715114699999958 ], [ -41.00764479999998, -3.715253599999926 ], [ -41.00865749999997, -3.71506519999997 ], [ -41.008890199999939, -3.715199699999971 ], [ -41.009266099999934, -3.71528509999996 ], [ -41.009591499999942, -3.715439899999978 ], [ -41.009710499999983, -3.716887799999938 ], [ -41.009766899999931, -3.718001 ], [ -41.009573399999965, -3.718902299999968 ], [ -41.010353899999984, -3.718741199999954 ], [ -41.010756199999946, -3.71880989999994 ], [ -41.010954799999979, -3.718811399999936 ], [ -41.011148, -3.718714 ], [ -41.011634, -3.718197399999951 ], [ -41.012292399999978, -3.716894199999956 ], [ -41.012431099999958, -3.716264899999942 ], [ -41.013666, -3.71577689999998 ], [ -41.015078799999969, -3.715308499999935 ], [ -41.016403099999934, -3.715375 ], [ -41.017157499999939, -3.715316899999948 ], [ -41.017967899999974, -3.715074699999946 ], [ -41.018600799999945, -3.714876299999958 ], [ -41.019407699999931, -3.714777599999934 ], [ -41.020114, -3.713919099999941 ], [ -41.020292799999936, -3.713630199999955 ], [ -41.02004519999997, -3.713616399999978 ], [ -41.019811299999958, -3.71354759999997 ], [ -41.019192299999929, -3.713327499999934 ], [ -41.017183499999931, -3.713263599999948 ], [ -41.011281599999961, -3.713358399999947 ], [ -41.006553, -3.697271 ], [ -41.006241099999954, -3.696209799999963 ], [ -41.00621179999996, -3.696110199999964 ], [ -41.002967499999954, -3.699632 ], [ -41.002063499999963, -3.700754899999936 ], [ -41.001787099999945, -3.701511 ], [ -41.002761899999939, -3.70426759999998 ], [ -41.001629899999955, -3.705951299999981 ], [ -41.001030199999946, -3.706796899999972 ], [ -41.000292199999933, -3.707565699999975 ], [ -40.999434099999974, -3.708597599999962 ], [ -40.999403699999959, -3.708634099999927 ], [ -40.998184799999933, -3.709665899999948 ], [ -40.99743239999998, -3.709933399999954 ], [ -40.996786699999973, -3.710194799999954 ], [ -40.995699299999956, -3.710605199999975 ] ] ] ] } },
{ "type": "Feature", "properties": { "CD_SETOR": "231340105000091", "SITUACAO": "Urbana", "CD_SIT": "2", "CD_TIPO": "0", "AREA_KM2": 2.4998708299498871, "CD_REGIAO": "2", "NM_REGIAO": "Nordeste", "CD_UF": "23", "NM_UF": "Ceará", "CD_MUN": "2313401", "NM_MUN": "Tianguá", "CD_DIST": "231340105", "NM_DIST": "Tianguá", "CD_SUBDIST": "23134010500", "NM_SUBDIST": null, "CD_BAIRRO": "2313401019", "NM_BAIRRO": "João Nunes", "CD_NU": null, "NM_NU": null, "CD_FCU": null, "NM_FCU": null, "CD_AGLOM": null, "NM_AGLOM": null, "CD_RGINT": "2306", "NM_RGINT": "Sobral", "CD_RGI": "230016", "NM_RGI": "São Benedito - Ipu - Guaraciaba do Norte - Tianguá", "CD_CONCURB": null, "NM_CONCURB": null, "Areapopulacional_CD_SIT": 2, "Areapopulacional_CD_TIPO": 0, "Areapopulacional_v0001": 388, "Areapopulacional_v0002": 144, "Areapopulacional_v0003": 144, "Areapopulacional_v0004": 0, "Areapopulacional_v0005": 3.5, "Areapopulacional_v0006": 0.0089, "Areapopulacional_v0007": 112, "Areapopulacional_AREA_DOMICILIADA_KM2": 1.23628, "Areapopulacional_AREA_KM2": 2.49987083, "Areapopulacional_DENSIDADE_DEMOGRAFICA_DOMICILIADA_HAB_KM2": 313.8447601, "Areapopulacional_DENSIDADE_DEMOGRAFICA_SETOR_HAB_KM2": 155.2080193, "teste200(2)_fid": 342683, "teste200(2)_CD_SIT": 2, "teste200(2)_CD_TIPO": 0, "teste200(2)_v0001": 388, "teste200(2)_v0002": 144, "teste200(2)_v0003": 144, "teste200(2)_v0004": 0, "teste200(2)_v0005": 3.5, "teste200(2)_v0006": 0.0089, "teste200(2)_v0007": 112, "teste200(2)_AREA_DOMICILIADA_KM2": 1.23628, "teste200(2)_AREA_KM2": 2.49987083, "teste200(2)_DENSIDADE_DEMOGRAFICA_DOMICILIADA_HAB_KM2": 313.8447601, "teste200(2)_DENSIDADE_DEMOGRAFICA_SETOR_HAB_KM2": 155.2080193, "teste200(2)_V00111SISTEMAGERALÁGUA": 105, "teste200(2)_V00112POÇO": null, "teste200(2)_V00113POÇORASO": null, "teste200(2)_V00114NASCENTE,FONTE": null, "teste200(2)_V00115CARROPIPA": null, "teste200(2)_V00116CHUVA": null, "teste200(2)_V00117RIOS,AÇUDES,CORREGOS": 0, "teste200(2)_V00118OUTRAFORMA": 0 }, "geometry": { "type": "MultiPolygon", "coordinates": [ [ [ [ -40.990154699999948, -3.706547899999975 ], [ -40.991859899999952, -3.707795699999963 ], [ -40.993410299999937, -3.708930199999941 ], [ -40.995699299999956, -3.710605199999975 ], [ -40.996786699999973, -3.710194799999954 ], [ -40.99743239999998, -3.709933399999954 ], [ -40.998184799999933, -3.709665899999948 ], [ -40.999403699999959, -3.708634099999927 ], [ -40.999434099999974, -3.708597599999962 ], [ -41.000292199999933, -3.707565699999975 ], [ -41.001030199999946, -3.706796899999972 ], [ -41.001629899999955, -3.705951299999981 ], [ -41.002761899999939, -3.70426759999998 ], [ -41.001787099999945, -3.701511 ], [ -41.002063499999963, -3.700754899999936 ], [ -41.002967499999954, -3.699632 ], [ -41.00621179999996, -3.696110199999964 ], [ -40.994058499999937, -3.689324399999975 ], [ -40.993508899999938, -3.689017499999977 ], [ -40.992165599999964, -3.691705599999977 ], [ -40.991968, -3.692606799999965 ], [ -40.991744099999949, -3.693140199999959 ], [ -40.991234399999939, -3.693934099999979 ], [ -40.991239099999973, -3.694855199999949 ], [ -40.991506799999968, -3.696643 ], [ -40.991762499999936, -3.700765399999966 ], [ -40.991525899999942, -3.701095299999963 ], [ -40.991168699999946, -3.702553399999942 ], [ -40.990790799999957, -3.704016599999932 ], [ -40.990421399999946, -3.705888899999934 ], [ -40.990154699999948, -3.706547899999975 ] ] ] ] } },
{ "type": "Feature", "properties": { "CD_SETOR": "231340105000093", "SITUACAO": "Rural", "CD_SIT": "5", "CD_TIPO": "0", "AREA_KM2": 0.35906481615994101, "CD_REGIAO": "2", "NM_REGIAO": "Nordeste", "CD_UF": "23", "NM_UF": "Ceará", "CD_MUN": "2313401", "NM_MUN": "Tianguá", "CD_DIST": "231340105", "NM_DIST": "Tianguá", "CD_SUBDIST": "23134010500", "NM_SUBDIST": null, "CD_BAIRRO": null, "NM_BAIRRO": null, "CD_NU": null, "NM_NU": null, "CD_FCU": null, "NM_FCU": null, "CD_AGLOM": "231340100009", "NM_AGLOM": "Bom Jesus", "CD_RGINT": "2306", "NM_RGINT": "Sobral", "CD_RGI": "230016", "NM_RGI": "São Benedito - Ipu - Guaraciaba do Norte - Tianguá", "CD_CONCURB": null, "NM_CONCURB": null, "Areapopulacional_CD_SIT": null, "Areapopulacional_CD_TIPO": null, "Areapopulacional_v0001": null, "Areapopulacional_v0002": null, "Areapopulacional_v0003": null, "Areapopulacional_v0004": null, "Areapopulacional_v0005": null, "Areapopulacional_v0006": null, "Areapopulacional_v0007": null, "Areapopulacional_AREA_DOMICILIADA_KM2": null, "Areapopulacional_AREA_KM2": null, "Areapopulacional_DENSIDADE_DEMOGRAFICA_DOMICILIADA_HAB_KM2": null, "Areapopulacional_DENSIDADE_DEMOGRAFICA_SETOR_HAB_KM2": null, "teste200(2)_fid": null, "teste200(2)_CD_SIT": null, "teste200(2)_CD_TIPO": null, "teste200(2)_v0001": null, "teste200(2)_v0002": null, "teste200(2)_v0003": null, "teste200(2)_v0004": null, "teste200(2)_v0005": null, "teste200(2)_v0006": null, "teste200(2)_v0007": null, "teste200(2)_AREA_DOMICILIADA_KM2": null, "teste200(2)_AREA_KM2": null, "teste200(2)_DENSIDADE_DEMOGRAFICA_DOMICILIADA_HAB_KM2": null, "teste200(2)_DENSIDADE_DEMOGRAFICA_SETOR_HAB_KM2": null, "teste200(2)_V00111SISTEMAGERALÁGUA": null, "teste200(2)_V00112POÇO": null, "teste200(2)_V00113POÇORASO": null, "teste200(2)_V00114NASCENTE,FONTE": null, "teste200(2)_V00115CARROPIPA": null, "teste200(2)_V00116CHUVA": null, "teste200(2)_V00117RIOS,AÇUDES,CORREGOS": null, "teste200(2)_V00118OUTRAFORMA": null }, "geometry": { "type": "MultiPolygon", "coordinates": [ [ [ [ -41.079447699999946, -3.720685 ], [ -41.074705799999947, -3.722523899999942 ], [ -41.07269139999994, -3.723358399999938 ], [ -41.073124899999982, -3.72344709999993 ], [ -41.073175399999968, -3.723739199999955 ], [ -41.073103299999957, -3.723972199999935 ], [ -41.073399199999983, -3.724178499999937 ], [ -41.073321899999939, -3.72438829999993 ], [ -41.073129399999971, -3.724509299999966 ], [ -41.073073199999953, -3.724653599999954 ], [ -41.07360639999996, -3.725577599999951 ], [ -41.074190099999953, -3.72571279999994 ], [ -41.074303599999951, -3.725739099999942 ], [ -41.075837899999954, -3.72592579999997 ], [ -41.078912099999968, -3.724520699999971 ], [ -41.079122, -3.724424799999952 ], [ -41.079841699999974, -3.72412479999997 ], [ -41.080026499999974, -3.724621899999931 ], [ -41.080167299999971, -3.724596 ], [ -41.082461, -3.724175299999956 ], [ -41.081727699999931, -3.721149099999934 ], [ -41.079467899999941, -3.722042899999963 ], [ -41.079465099999936, -3.721858 ], [ -41.079447699999946, -3.720685 ] ] ] ] } },
{ "type": "Feature", "properties": { "CD_SETOR": "231340105000094", "SITUACAO": "Rural", "CD_SIT": "5", "CD_TIPO": "0", "AREA_KM2": 0.49850336439989801, "CD_REGIAO": "2", "NM_REGIAO": "Nordeste", "CD_UF": "23", "NM_UF": "Ceará", "CD_MUN": "2313401", "NM_MUN": "Tianguá", "CD_DIST": "231340105", "NM_DIST": "Tianguá", "CD_SUBDIST": "23134010500", "NM_SUBDIST": null, "CD_BAIRRO": null, "NM_BAIRRO": null, "CD_NU": null, "NM_NU": null, "CD_FCU": null, "NM_FCU": null, "CD_AGLOM": "231340100005", "NM_AGLOM": "Cipó", "CD_RGINT": "2306", "NM_RGINT": "Sobral", "CD_RGI": "230016", "NM_RGI": "São Benedito - Ipu - Guaraciaba do Norte - Tianguá", "CD_CONCURB": null, "NM_CONCURB": null, "Areapopulacional_CD_SIT": null, "Areapopulacional_CD_TIPO": null, "Areapopulacional_v0001": null, "Areapopulacional_v0002": null, "Areapopulacional_v0003": null, "Areapopulacional_v0004": null, "Areapopulacional_v0005": null, "Areapopulacional_v0006": null, "Areapopulacional_v0007": null, "Areapopulacional_AREA_DOMICILIADA_KM2": null, "Areapopulacional_AREA_KM2": null, "Areapopulacional_DENSIDADE_DEMOGRAFICA_DOMICILIADA_HAB_KM2": null, "Areapopulacional_DENSIDADE_DEMOGRAFICA_SETOR_HAB_KM2": null, "teste200(2)_fid": null, "teste200(2)_CD_SIT": null, "teste200(2)_CD_TIPO": null, "teste200(2)_v0001": null, "teste200(2)_v0002": null, "teste200(2)_v0003": null, "teste200(2)_v0004": null, "teste200(2)_v0005": null, "teste200(2)_v0006": null, "teste200(2)_v0007": null, "teste200(2)_AREA_DOMICILIADA_KM2": null, "teste200(2)_AREA_KM2": null, "teste200(2)_DENSIDADE_DEMOGRAFICA_DOMICILIADA_HAB_KM2": null, "teste200(2)_DENSIDADE_DEMOGRAFICA_SETOR_HAB_KM2": null, "teste200(2)_V00111SISTEMAGERALÁGUA": null, "teste200(2)_V00112POÇO": null, "teste200(2)_V00113POÇORASO": null, "teste200(2)_V00114NASCENTE,FONTE": null, "teste200(2)_V00115CARROPIPA": null, "teste200(2)_V00116CHUVA": null, "teste200(2)_V00117RIOS,AÇUDES,CORREGOS": null, "teste200(2)_V00118OUTRAFORMA": null }, "geometry": { "type": "MultiPolygon", "coordinates": [ [ [ [ -41.047301, -3.68227509999997 ], [ -41.047065599999939, -3.682442899999955 ], [ -41.045992299999966, -3.68354549999998 ], [ -41.045316199999945, -3.684710699999926 ], [ -41.043992599999967, -3.685779699999955 ], [ -41.043003599999963, -3.68753769999995 ], [ -41.040931399999977, -3.689034799999945 ], [ -41.039396299999964, -3.693619399999932 ], [ -41.039038499999947, -3.694064899999944 ], [ -41.038661099999956, -3.694340299999965 ], [ -41.037928299999976, -3.695966599999963 ], [ -41.037803499999939, -3.696035299999949 ], [ -41.036694399999931, -3.696645799999942 ], [ -41.036009099999944, -3.697435499999926 ], [ -41.036285499999963, -3.697631899999976 ], [ -41.037172599999963, -3.698468199999979 ], [ -41.039808299999947, -3.696983099999954 ], [ -41.040826, -3.695750499999974 ], [ -41.041155599999968, -3.69473389999996 ], [ -41.040911599999959, -3.693446399999971 ], [ -41.043030399999964, -3.69327 ], [ -41.047539, -3.682189499999936 ], [ -41.047301, -3.68227509999997 ] ] ] ] } },
{ "type": "Feature", "properties": { "CD_SETOR": "231340105000095", "SITUACAO": "Rural", "CD_SIT": "5", "CD_TIPO": "0", "AREA_KM2": 0.90417703036728503, "CD_REGIAO": "2", "NM_REGIAO": "Nordeste", "CD_UF": "23", "NM_UF": "Ceará", "CD_MUN": "2313401", "NM_MUN": "Tianguá", "CD_DIST": "231340105", "NM_DIST": "Tianguá", "CD_SUBDIST": "23134010500", "NM_SUBDIST": null, "CD_BAIRRO": null, "NM_BAIRRO": null, "CD_NU": null, "NM_NU": null, "CD_FCU": null, "NM_FCU": null, "CD_AGLOM": "231340100005", "NM_AGLOM": "Cipó", "CD_RGINT": "2306", "NM_RGINT": "Sobral", "CD_RGI": "230016", "NM_RGI": "São Benedito - Ipu - Guaraciaba do Norte - Tianguá", "CD_CONCURB": null, "NM_CONCURB": null, "Areapopulacional_CD_SIT": null, "Areapopulacional_CD_TIPO": null, "Areapopulacional_v0001": null, "Areapopulacional_v0002": null, "Areapopulacional_v0003": null, "Areapopulacional_v0004": null, "Areapopulacional_v0005": null, "Areapopulacional_v0006": null, "Areapopulacional_v0007": null, "Areapopulacional_AREA_DOMICILIADA_KM2": null, "Areapopulacional_AREA_KM2": null, "Areapopulacional_DENSIDADE_DEMOGRAFICA_DOMICILIADA_HAB_KM2": null, "Areapopulacional_DENSIDADE_DEMOGRAFICA_SETOR_HAB_KM2": null, "teste200(2)_fid": null, "teste200(2)_CD_SIT": null, "teste200(2)_CD_TIPO": null, "teste200(2)_v0001": null, "teste200(2)_v0002": null, "teste200(2)_v0003": null, "teste200(2)_v0004": null, "teste200(2)_v0005": null, "teste200(2)_v0006": null, "teste200(2)_v0007": null, "teste200(2)_AREA_DOMICILIADA_KM2": null, "teste200(2)_AREA_KM2": null, "teste200(2)_DENSIDADE_DEMOGRAFICA_DOMICILIADA_HAB_KM2": null, "teste200(2)_DENSIDADE_DEMOGRAFICA_SETOR_HAB_KM2": null, "teste200(2)_V00111SISTEMAGERALÁGUA": null, "teste200(2)_V00112POÇO": null, "teste200(2)_V00113POÇORASO": null, "teste200(2)_V00114NASCENTE,FONTE": null, "teste200(2)_V00115CARROPIPA": null, "teste200(2)_V00116CHUVA": null, "teste200(2)_V00117RIOS,AÇUDES,CORREGOS": null, "teste200(2)_V00118OUTRAFORMA": null }, "geometry": { "type": "MultiPolygon", "coordinates": [ [ [ [ -41.033682699999929, -3.700126099999977 ], [ -41.034034099999985, -3.700047 ], [ -41.034866299999976, -3.699239599999942 ], [ -41.035334199999966, -3.698365699999954 ], [ -41.036009099999944, -3.697435499999926 ], [ -41.036694399999931, -3.696645799999942 ], [ -41.037803499999939, -3.696035299999949 ], [ -41.037928299999976, -3.695966599999963 ], [ -41.038661099999956, -3.694340299999965 ], [ -41.039038499999947, -3.694064899999944 ], [ -41.039396299999964, -3.693619399999932 ], [ -41.040931399999977, -3.689034799999945 ], [ -41.043003599999963, -3.68753769999995 ], [ -41.043992599999967, -3.685779699999955 ], [ -41.045316199999945, -3.684710699999926 ], [ -41.045992299999966, -3.68354549999998 ], [ -41.047065599999939, -3.682442899999955 ], [ -41.047301, -3.68227509999997 ], [ -41.036553599999934, -3.686358199999972 ], [ -41.036118199999976, -3.686718599999949 ], [ -41.035682799999961, -3.68707889999996 ], [ -41.035704199999941, -3.688633299999935 ], [ -41.035439499999939, -3.689476099999979 ], [ -41.034677299999942, -3.691896199999974 ], [ -41.033682699999929, -3.700126099999977 ] ] ] ] } },
{ "type": "Feature", "properties": { "CD_SETOR": "231340105000096", "SITUACAO": "Rural", "CD_SIT": "5", "CD_TIPO": "0", "AREA_KM2": 0.39195569963156901, "CD_REGIAO": "2", "NM_REGIAO": "Nordeste", "CD_UF": "23", "NM_UF": "Ceará", "CD_MUN": "2313401", "NM_MUN": "Tianguá", "CD_DIST": "231340105", "NM_DIST": "Tianguá", "CD_SUBDIST": "23134010500", "NM_SUBDIST": null, "CD_BAIRRO": null, "NM_BAIRRO": null, "CD_NU": null, "NM_NU": null, "CD_FCU": null, "NM_FCU": null, "CD_AGLOM": "231340100007", "NM_AGLOM": "Pé de Morro", "CD_RGINT": "2306", "NM_RGINT": "Sobral", "CD_RGI": "230016", "NM_RGI": "São Benedito - Ipu - Guaraciaba do Norte - Tianguá", "CD_CONCURB": null, "NM_CONCURB": null, "Areapopulacional_CD_SIT": null, "Areapopulacional_CD_TIPO": null, "Areapopulacional_v0001": null, "Areapopulacional_v0002": null, "Areapopulacional_v0003": null, "Areapopulacional_v0004": null, "Areapopulacional_v0005": null, "Areapopulacional_v0006": null, "Areapopulacional_v0007": null, "Areapopulacional_AREA_DOMICILIADA_KM2": null, "Areapopulacional_AREA_KM2": null, "Areapopulacional_DENSIDADE_DEMOGRAFICA_DOMICILIADA_HAB_KM2": null, "Areapopulacional_DENSIDADE_DEMOGRAFICA_SETOR_HAB_KM2": null, "teste200(2)_fid": null, "teste200(2)_CD_SIT": null, "teste200(2)_CD_TIPO": null, "teste200(2)_v0001": null, "teste200(2)_v0002": null, "teste200(2)_v0003": null, "teste200(2)_v0004": null, "teste200(2)_v0005": null, "teste200(2)_v0006": null, "teste200(2)_v0007": null, "teste200(2)_AREA_DOMICILIADA_KM2": null, "teste200(2)_AREA_KM2": null, "teste200(2)_DENSIDADE_DEMOGRAFICA_DOMICILIADA_HAB_KM2": null, "teste200(2)_DENSIDADE_DEMOGRAFICA_SETOR_HAB_KM2": null, "teste200(2)_V00111SISTEMAGERALÁGUA": null, "teste200(2)_V00112POÇO": null, "teste200(2)_V00113POÇORASO": null, "teste200(2)_V00114NASCENTE,FONTE": null, "teste200(2)_V00115CARROPIPA": null, "teste200(2)_V00116CHUVA": null, "teste200(2)_V00117RIOS,AÇUDES,CORREGOS": null, "teste200(2)_V00118OUTRAFORMA": null }, "geometry": { "type": "MultiPolygon", "coordinates": [ [ [ [ -41.022104, -3.68259009999997 ], [ -41.023240899999962, -3.683537499999943 ], [ -41.029693699999939, -3.675711199999967 ], [ -41.027604199999985, -3.673956699999962 ], [ -41.028181099999983, -3.673217699999952 ], [ -41.027671199999929, -3.672800099999961 ], [ -41.02108439999995, -3.681740399999967 ], [ -41.022104, -3.68259009999997 ] ] ] ] } },
{ "type": "Feature", "properties": { "CD_SETOR": "231340105000097", "SITUACAO": "Rural", "CD_SIT": "5", "CD_TIPO": "0", "AREA_KM2": 0.036873516090472999, "CD_REGIAO": "2", "NM_REGIAO": "Nordeste", "CD_UF": "23", "NM_UF": "Ceará", "CD_MUN": "2313401", "NM_MUN": "Tianguá", "CD_DIST": "231340105", "NM_DIST": "Tianguá", "CD_SUBDIST": "23134010500", "NM_SUBDIST": null, "CD_BAIRRO": null, "NM_BAIRRO": null, "CD_NU": null, "NM_NU": null, "CD_FCU": null, "NM_FCU": null, "CD_AGLOM": "231340100006", "NM_AGLOM": "Lagoa dos Bitonhos", "CD_RGINT": "2306", "NM_RGINT": "Sobral", "CD_RGI": "230016", "NM_RGI": "São Benedito - Ipu - Guaraciaba do Norte - Tianguá", "CD_CONCURB": null, "NM_CONCURB": null, "Areapopulacional_CD_SIT": null, "Areapopulacional_CD_TIPO": null, "Areapopulacional_v0001": null, "Areapopulacional_v0002": null, "Areapopulacional_v0003": null, "Areapopulacional_v0004": null, "Areapopulacional_v0005": null, "Areapopulacional_v0006": null, "Areapopulacional_v0007": null, "Areapopulacional_AREA_DOMICILIADA_KM2": null, "Areapopulacional_AREA_KM2": null, "Areapopulacional_DENSIDADE_DEMOGRAFICA_DOMICILIADA_HAB_KM2": null, "Areapopulacional_DENSIDADE_DEMOGRAFICA_SETOR_HAB_KM2": null, "teste200(2)_fid": null, "teste200(2)_CD_SIT": null, "teste200(2)_CD_TIPO": null, "teste200(2)_v0001": null, "teste200(2)_v0002": null, "teste200(2)_v0003": null, "teste200(2)_v0004": null, "teste200(2)_v0005": null, "teste200(2)_v0006": null, "teste200(2)_v0007": null, "teste200(2)_AREA_DOMICILIADA_KM2": null, "teste200(2)_AREA_KM2": null, "teste200(2)_DENSIDADE_DEMOGRAFICA_DOMICILIADA_HAB_KM2": null, "teste200(2)_DENSIDADE_DEMOGRAFICA_SETOR_HAB_KM2": null, "teste200(2)_V00111SISTEMAGERALÁGUA": null, "teste200(2)_V00112POÇO": null, "teste200(2)_V00113POÇORASO": null, "teste200(2)_V00114NASCENTE,FONTE": null, "teste200(2)_V00115CARROPIPA": null, "teste200(2)_V00116CHUVA": null, "teste200(2)_V00117RIOS,AÇUDES,CORREGOS": null, "teste200(2)_V00118OUTRAFORMA": null }, "geometry": { "type": "MultiPolygon", "coordinates": [ [ [ [ -41.005619199999956, -3.658671699999957 ], [ -41.00525719999996, -3.65881719999993 ], [ -41.005108699999937, -3.659309099999973 ], [ -41.005169799999976, -3.659420399999931 ], [ -41.00520419999998, -3.659469399999978 ], [ -41.005393899999945, -3.659572399999945 ], [ -41.006333799999936, -3.659730499999966 ], [ -41.006352499999934, -3.659339799999941 ], [ -41.007890699999962, -3.658753499999932 ], [ -41.008411899999942, -3.658379899999943 ], [ -41.008305, -3.657850199999928 ], [ -41.008140599999933, -3.65774319999997 ], [ -41.007010399999956, -3.658148899999958 ], [ -41.006164599999977, -3.658452599999976 ], [ -41.005965699999933, -3.658532499999978 ], [ -41.005619199999956, -3.658671699999957 ] ] ] ] } },
{ "type": "Feature", "properties": { "CD_SETOR": "231340105000098", "SITUACAO": "Rural", "CD_SIT": "5", "CD_TIPO": "0", "AREA_KM2": 0.21142226852558399, "CD_REGIAO": "2", "NM_REGIAO": "Nordeste", "CD_UF": "23", "NM_UF": "Ceará", "CD_MUN": "2313401", "NM_MUN": "Tianguá", "CD_DIST": "231340105", "NM_DIST": "Tianguá", "CD_SUBDIST": "23134010500", "NM_SUBDIST": null, "CD_BAIRRO": null, "NM_BAIRRO": null, "CD_NU": null, "NM_NU": null, "CD_FCU": null, "NM_FCU": null, "CD_AGLOM": "231340100006", "NM_AGLOM": "Lagoa dos Bitonhos", "CD_RGINT": "2306", "NM_RGINT": "Sobral", "CD_RGI": "230016", "NM_RGI": "São Benedito - Ipu - Guaraciaba do Norte - Tianguá", "CD_CONCURB": null, "NM_CONCURB": null, "Areapopulacional_CD_SIT": null, "Areapopulacional_CD_TIPO": null, "Areapopulacional_v0001": null, "Areapopulacional_v0002": null, "Areapopulacional_v0003": null, "Areapopulacional_v0004": null, "Areapopulacional_v0005": null, "Areapopulacional_v0006": null, "Areapopulacional_v0007": null, "Areapopulacional_AREA_DOMICILIADA_KM2": null, "Areapopulacional_AREA_KM2": null, "Areapopulacional_DENSIDADE_DEMOGRAFICA_DOMICILIADA_HAB_KM2": null, "Areapopulacional_DENSIDADE_DEMOGRAFICA_SETOR_HAB_KM2": null, "teste200(2)_fid": null, "teste200(2)_CD_SIT": null, "teste200(2)_CD_TIPO": null, "teste200(2)_v0001": null, "teste200(2)_v0002": null, "teste200(2)_v0003": null, "teste200(2)_v0004": null, "teste200(2)_v0005": null, "teste200(2)_v0006": null, "teste200(2)_v0007": null, "teste200(2)_AREA_DOMICILIADA_KM2": null, "teste200(2)_AREA_KM2": null, "teste200(2)_DENSIDADE_DEMOGRAFICA_DOMICILIADA_HAB_KM2": null, "teste200(2)_DENSIDADE_DEMOGRAFICA_SETOR_HAB_KM2": null, "teste200(2)_V00111SISTEMAGERALÁGUA": null, "teste200(2)_V00112POÇO": null, "teste200(2)_V00113POÇORASO": null, "teste200(2)_V00114NASCENTE,FONTE": null, "teste200(2)_V00115CARROPIPA": null, "teste200(2)_V00116CHUVA": null, "teste200(2)_V00117RIOS,AÇUDES,CORREGOS": null, "teste200(2)_V00118OUTRAFORMA": null }, "geometry": { "type": "MultiPolygon", "coordinates": [ [ [ [ -41.005619199999956, -3.658671699999957 ], [ -41.005965699999933, -3.658532499999978 ], [ -41.006164599999977, -3.658452599999976 ], [ -41.007010399999956, -3.658148899999958 ], [ -41.008140599999933, -3.65774319999997 ], [ -41.008157099999949, -3.657731299999966 ], [ -41.008229899999947, -3.657701799999927 ], [ -41.008645699999931, -3.657542499999977 ], [ -41.008741499999985, -3.656833399999925 ], [ -41.004854899999941, -3.652411599999937 ], [ -41.004361199999948, -3.65258549999993 ], [ -41.003894, -3.652768899999955 ], [ -41.003189199999952, -3.653011699999979 ], [ -41.005240499999957, -3.657940599999961 ], [ -41.005205299999943, -3.658070799999962 ], [ -41.005356199999937, -3.65859759999995 ], [ -41.005587199999979, -3.658654899999931 ], [ -41.005619199999956, -3.658671699999957 ] ] ] ] } },
{ "type": "Feature", "properties": { "CD_SETOR": "231340105000099", "SITUACAO": "Rural", "CD_SIT": "5", "CD_TIPO": "0", "AREA_KM2": 0.072653011910589996, "CD_REGIAO": "2", "NM_REGIAO": "Nordeste", "CD_UF": "23", "NM_UF": "Ceará", "CD_MUN": "2313401", "NM_MUN": "Tianguá", "CD_DIST": "231340105", "NM_DIST": "Tianguá", "CD_SUBDIST": "23134010500", "NM_SUBDIST": null, "CD_BAIRRO": null, "NM_BAIRRO": null, "CD_NU": null, "NM_NU": null, "CD_FCU": null, "NM_FCU": null, "CD_AGLOM": "231340100011", "NM_AGLOM": "Acarape", "CD_RGINT": "2306", "NM_RGINT": "Sobral", "CD_RGI": "230016", "NM_RGI": "São Benedito - Ipu - Guaraciaba do Norte - Tianguá", "CD_CONCURB": null, "NM_CONCURB": null, "Areapopulacional_CD_SIT": null, "Areapopulacional_CD_TIPO": null, "Areapopulacional_v0001": null, "Areapopulacional_v0002": null, "Areapopulacional_v0003": null, "Areapopulacional_v0004": null, "Areapopulacional_v0005": null, "Areapopulacional_v0006": null, "Areapopulacional_v0007": null, "Areapopulacional_AREA_DOMICILIADA_KM2": null, "Areapopulacional_AREA_KM2": null, "Areapopulacional_DENSIDADE_DEMOGRAFICA_DOMICILIADA_HAB_KM2": null, "Areapopulacional_DENSIDADE_DEMOGRAFICA_SETOR_HAB_KM2": null, "teste200(2)_fid": null, "teste200(2)_CD_SIT": null, "teste200(2)_CD_TIPO": null, "teste200(2)_v0001": null, "teste200(2)_v0002": null, "teste200(2)_v0003": null, "teste200(2)_v0004": null, "teste200(2)_v0005": null, "teste200(2)_v0006": null, "teste200(2)_v0007": null, "teste200(2)_AREA_DOMICILIADA_KM2": null, "teste200(2)_AREA_KM2": null, "teste200(2)_DENSIDADE_DEMOGRAFICA_DOMICILIADA_HAB_KM2": null, "teste200(2)_DENSIDADE_DEMOGRAFICA_SETOR_HAB_KM2": null, "teste200(2)_V00111SISTEMAGERALÁGUA": null, "teste200(2)_V00112POÇO": null, "teste200(2)_V00113POÇORASO": null, "teste200(2)_V00114NASCENTE,FONTE": null, "teste200(2)_V00115CARROPIPA": null, "teste200(2)_V00116CHUVA": null, "teste200(2)_V00117RIOS,AÇUDES,CORREGOS": null, "teste200(2)_V00118OUTRAFORMA": null }, "geometry": { "type": "MultiPolygon", "coordinates": [ [ [ [ -40.968131399999947, -3.674871699999926 ], [ -40.968869599999948, -3.675637699999925 ], [ -40.969596199999955, -3.676347399999941 ], [ -40.969801099999984, -3.676586599999951 ], [ -40.969934299999977, -3.676750299999981 ], [ -40.970395699999983, -3.676783599999965 ], [ -40.970802299999946, -3.67662329999996 ], [ -40.97106569999994, -3.676512699999932 ], [ -40.971526399999959, -3.676283299999966 ], [ -40.971915599999932, -3.675998599999957 ], [ -40.970113, -3.673812899999973 ], [ -40.968131399999947, -3.674871699999926 ] ] ] ] } },
{ "type": "Feature", "properties": { "CD_SETOR": "231340105000100", "SITUACAO": "Rural", "CD_SIT": "5", "CD_TIPO": "0", "AREA_KM2": 0.053901074409365, "CD_REGIAO": "2", "NM_REGIAO": "Nordeste", "CD_UF": "23", "NM_UF": "Ceará", "CD_MUN": "2313401", "NM_MUN": "Tianguá", "CD_DIST": "231340105", "NM_DIST": "Tianguá", "CD_SUBDIST": "23134010500", "NM_SUBDIST": null, "CD_BAIRRO": null, "NM_BAIRRO": null, "CD_NU": null, "NM_NU": null, "CD_FCU": null, "NM_FCU": null, "CD_AGLOM": "231340100011", "NM_AGLOM": "Acarape", "CD_RGINT": "2306", "NM_RGINT": "Sobral", "CD_RGI": "230016", "NM_RGI": "São Benedito - Ipu - Guaraciaba do Norte - Tianguá", "CD_CONCURB": null, "NM_CONCURB": null, "Areapopulacional_CD_SIT": null, "Areapopulacional_CD_TIPO": null, "Areapopulacional_v0001": null, "Areapopulacional_v0002": null, "Areapopulacional_v0003": null, "Areapopulacional_v0004": null, "Areapopulacional_v0005": null, "Areapopulacional_v0006": null, "Areapopulacional_v0007": null, "Areapopulacional_AREA_DOMICILIADA_KM2": null, "Areapopulacional_AREA_KM2": null, "Areapopulacional_DENSIDADE_DEMOGRAFICA_DOMICILIADA_HAB_KM2": null, "Areapopulacional_DENSIDADE_DEMOGRAFICA_SETOR_HAB_KM2": null, "teste200(2)_fid": null, "teste200(2)_CD_SIT": null, "teste200(2)_CD_TIPO": null, "teste200(2)_v0001": null, "teste200(2)_v0002": null, "teste200(2)_v0003": null, "teste200(2)_v0004": null, "teste200(2)_v0005": null, "teste200(2)_v0006": null, "teste200(2)_v0007": null, "teste200(2)_AREA_DOMICILIADA_KM2": null, "teste200(2)_AREA_KM2": null, "teste200(2)_DENSIDADE_DEMOGRAFICA_DOMICILIADA_HAB_KM2": null, "teste200(2)_DENSIDADE_DEMOGRAFICA_SETOR_HAB_KM2": null, "teste200(2)_V00111SISTEMAGERALÁGUA": null, "teste200(2)_V00112POÇO": null, "teste200(2)_V00113POÇORASO": null, "teste200(2)_V00114NASCENTE,FONTE": null, "teste200(2)_V00115CARROPIPA": null, "teste200(2)_V00116CHUVA": null, "teste200(2)_V00117RIOS,AÇUDES,CORREGOS": null, "teste200(2)_V00118OUTRAFORMA": null }, "geometry": { "type": "MultiPolygon", "coordinates": [ [ [ [ -40.969934299999977, -3.676750299999981 ], [ -40.97072129999998, -3.677989799999978 ], [ -40.971055799999931, -3.678768599999955 ], [ -40.972022699999968, -3.678260099999932 ], [ -40.972420199999931, -3.678080699999953 ], [ -40.972594, -3.677982499999928 ], [ -40.973046099999976, -3.677679099999978 ], [ -40.972032299999967, -3.676145399999939 ], [ -40.971915599999932, -3.675998599999957 ], [ -40.971526399999959, -3.676283299999966 ], [ -40.97106569999994, -3.676512699999932 ], [ -40.970802299999946, -3.67662329999996 ], [ -40.970395699999983, -3.676783599999965 ], [ -40.969934299999977, -3.676750299999981 ] ] ] ] } },
{ "type": "Feature", "properties": { "CD_SETOR": "231340105000101", "SITUACAO": "Rural", "CD_SIT": "5", "CD_TIPO": "0", "AREA_KM2": 0.070617502571462001, "CD_REGIAO": "2", "NM_REGIAO": "Nordeste", "CD_UF": "23", "NM_UF": "Ceará", "CD_MUN": "2313401", "NM_MUN": "Tianguá", "CD_DIST": "231340105", "NM_DIST": "Tianguá", "CD_SUBDIST": "23134010500", "NM_SUBDIST": null, "CD_BAIRRO": null, "NM_BAIRRO": null, "CD_NU": null, "NM_NU": null, "CD_FCU": null, "NM_FCU": null, "CD_AGLOM": "231340100011", "NM_AGLOM": "Acarape", "CD_RGINT": "2306", "NM_RGINT": "Sobral", "CD_RGI": "230016", "NM_RGI": "São Benedito - Ipu - Guaraciaba do Norte - Tianguá", "CD_CONCURB": null, "NM_CONCURB": null, "Areapopulacional_CD_SIT": null, "Areapopulacional_CD_TIPO": null, "Areapopulacional_v0001": null, "Areapopulacional_v0002": null, "Areapopulacional_v0003": null, "Areapopulacional_v0004": null, "Areapopulacional_v0005": null, "Areapopulacional_v0006": null, "Areapopulacional_v0007": null, "Areapopulacional_AREA_DOMICILIADA_KM2": null, "Areapopulacional_AREA_KM2": null, "Areapopulacional_DENSIDADE_DEMOGRAFICA_DOMICILIADA_HAB_KM2": null, "Areapopulacional_DENSIDADE_DEMOGRAFICA_SETOR_HAB_KM2": null, "teste200(2)_fid": null, "teste200(2)_CD_SIT": null, "teste200(2)_CD_TIPO": null, "teste200(2)_v0001": null, "teste200(2)_v0002": null, "teste200(2)_v0003": null, "teste200(2)_v0004": null, "teste200(2)_v0005": null, "teste200(2)_v0006": null, "teste200(2)_v0007": null, "teste200(2)_AREA_DOMICILIADA_KM2": null, "teste200(2)_AREA_KM2": null, "teste200(2)_DENSIDADE_DEMOGRAFICA_DOMICILIADA_HAB_KM2": null, "teste200(2)_DENSIDADE_DEMOGRAFICA_SETOR_HAB_KM2": null, "teste200(2)_V00111SISTEMAGERALÁGUA": null, "teste200(2)_V00112POÇO": null, "teste200(2)_V00113POÇORASO": null, "teste200(2)_V00114NASCENTE,FONTE": null, "teste200(2)_V00115CARROPIPA": null, "teste200(2)_V00116CHUVA": null, "teste200(2)_V00117RIOS,AÇUDES,CORREGOS": null, "teste200(2)_V00118OUTRAFORMA": null }, "geometry": { "type": "MultiPolygon", "coordinates": [ [ [ [ -40.971055799999931, -3.678768599999955 ], [ -40.97072129999998, -3.677989799999978 ], [ -40.969934299999977, -3.676750299999981 ], [ -40.969801099999984, -3.676586599999951 ], [ -40.969596199999955, -3.676347399999941 ], [ -40.967214899999931, -3.676892399999929 ], [ -40.967776799999967, -3.677335099999937 ], [ -40.967912399999932, -3.677695899999947 ], [ -40.969240499999955, -3.679027699999949 ], [ -40.97073649999993, -3.678874199999939 ], [ -40.971055799999931, -3.678768599999955 ] ] ] ] } },
{ "type": "Feature", "properties": { "CD_SETOR": "231340105000104", "SITUACAO": "Rural", "CD_SIT": "8", "CD_TIPO": "0", "AREA_KM2": 3.306294426629635, "CD_REGIAO": "2", "NM_REGIAO": "Nordeste", "CD_UF": "23", "NM_UF": "Ceará", "CD_MUN": "2313401", "NM_MUN": "Tianguá", "CD_DIST": "231340105", "NM_DIST": "Tianguá", "CD_SUBDIST": "23134010500", "NM_SUBDIST": null, "CD_BAIRRO": "2313401009", "NM_BAIRRO": "Cândido Xavier de Sá", "CD_NU": null, "NM_NU": null, "CD_FCU": null, "NM_FCU": null, "CD_AGLOM": null, "NM_AGLOM": null, "CD_RGINT": "2306", "NM_RGINT": "Sobral", "CD_RGI": "230016", "NM_RGI": "São Benedito - Ipu - Guaraciaba do Norte - Tianguá", "CD_CONCURB": null, "NM_CONCURB": null, "Areapopulacional_CD_SIT": null, "Areapopulacional_CD_TIPO": null, "Areapopulacional_v0001": null, "Areapopulacional_v0002": null, "Areapopulacional_v0003": null, "Areapopulacional_v0004": null, "Areapopulacional_v0005": null, "Areapopulacional_v0006": null, "Areapopulacional_v0007": null, "Areapopulacional_AREA_DOMICILIADA_KM2": null, "Areapopulacional_AREA_KM2": null, "Areapopulacional_DENSIDADE_DEMOGRAFICA_DOMICILIADA_HAB_KM2": null, "Areapopulacional_DENSIDADE_DEMOGRAFICA_SETOR_HAB_KM2": null, "teste200(2)_fid": null, "teste200(2)_CD_SIT": null, "teste200(2)_CD_TIPO": null, "teste200(2)_v0001": null, "teste200(2)_v0002": null, "teste200(2)_v0003": null, "teste200(2)_v0004": null, "teste200(2)_v0005": null, "teste200(2)_v0006": null, "teste200(2)_v0007": null, "teste200(2)_AREA_DOMICILIADA_KM2": null, "teste200(2)_AREA_KM2": null, "teste200(2)_DENSIDADE_DEMOGRAFICA_DOMICILIADA_HAB_KM2": null, "teste200(2)_DENSIDADE_DEMOGRAFICA_SETOR_HAB_KM2": null, "teste200(2)_V00111SISTEMAGERALÁGUA": null, "teste200(2)_V00112POÇO": null, "teste200(2)_V00113POÇORASO": null, "teste200(2)_V00114NASCENTE,FONTE": null, "teste200(2)_V00115CARROPIPA": null, "teste200(2)_V00116CHUVA": null, "teste200(2)_V00117RIOS,AÇUDES,CORREGOS": null, "teste200(2)_V00118OUTRAFORMA": null }, "geometry": { "type": "MultiPolygon", "coordinates": [ [ [ [ -40.982871, -3.753455 ], [ -40.982279, -3.755111 ], [ -40.976660099999947, -3.771472699999947 ], [ -40.998031499999968, -3.75591739999993 ], [ -40.998045499999932, -3.755907199999967 ], [ -41.002751199999977, -3.752482199999974 ], [ -41.002835199999936, -3.752421099999935 ], [ -41.002905599999963, -3.75236979999994 ], [ -41.002914299999929, -3.752197199999955 ], [ -41.001906199999951, -3.749849899999958 ], [ -41.001585, -3.749341799999968 ], [ -41.001469199999974, -3.749247499999967 ], [ -41.001165299999968, -3.748848599999974 ], [ -41.000862199999972, -3.748370699999953 ], [ -41.000441099999932, -3.748027399999955 ], [ -41.00022139999993, -3.747746399999926 ], [ -41.000053699999967, -3.747406599999977 ], [ -40.999925099999984, -3.74729009999993 ], [ -40.999672399999952, -3.747172 ], [ -40.999110799999983, -3.746810699999969 ], [ -40.998834899999963, -3.746713299999954 ], [ -40.998723899999959, -3.746634899999947 ], [ -40.998497599999951, -3.74609659999993 ], [ -40.998827299999959, -3.745557499999961 ], [ -40.998890099999983, -3.74533619999994 ], [ -40.998977899999943, -3.744902499999966 ], [ -40.999122199999931, -3.744611299999974 ], [ -40.999406599999929, -3.744355499999926 ], [ -40.999650299999985, -3.74419 ], [ -41.000101899999947, -3.744044199999962 ], [ -40.99951539999995, -3.743752799999925 ], [ -40.998974, -3.743629699999929 ], [ -40.998381499999937, -3.74371 ], [ -40.997375799999929, -3.743023299999948 ], [ -40.996850599999959, -3.742356199999961 ], [ -40.996758199999931, -3.742464599999948 ], [ -40.996644299999957, -3.74260019999997 ], [ -40.996546599999931, -3.742776099999958 ], [ -40.99645739999994, -3.742877799999974 ], [ -40.996409099999937, -3.742933899999969 ], [ -40.996391099999983, -3.743010099999935 ], [ -40.996352199999933, -3.743046099999958 ], [ -40.99623669999994, -3.743061499999953 ], [ -40.996094399999947, -3.743068 ], [ -40.996005899999943, -3.743210699999963 ], [ -40.995970599999964, -3.743292199999928 ], [ -40.995978599999944, -3.74339759999998 ], [ -40.99592089999993, -3.743510199999946 ], [ -40.99582909999998, -3.743783399999927 ], [ -40.995839499999931, -3.743965799999955 ], [ -40.995789599999966, -3.744180899999947 ], [ -40.995905099999959, -3.744272199999955 ], [ -40.995730099999946, -3.744408899999939 ], [ -40.995451699999933, -3.744635399999936 ], [ -40.995354199999952, -3.744893399999967 ], [ -40.995379699999944, -3.745147899999949 ], [ -40.995445399999937, -3.745345899999961 ], [ -40.995344199999977, -3.745468899999935 ], [ -40.995196899999939, -3.745568899999967 ], [ -40.994997799999965, -3.745784899999933 ], [ -40.99497329999997, -3.746065 ], [ -40.994851199999971, -3.746367799999973 ], [ -40.994579599999952, -3.746547899999939 ], [ -40.994410599999981, -3.746787899999958 ], [ -40.994161399999939, -3.74702549999995 ], [ -40.993925699999977, -3.747343 ], [ -40.993716199999938, -3.747495 ], [ -40.99343719999996, -3.74745919999998 ], [ -40.992979599999956, -3.747674899999936 ], [ -40.991033199999947, -3.748491499999943 ], [ -40.990067, -3.748912 ], [ -40.989820899999984, -3.74931719999995 ], [ -40.989143499999955, -3.749840199999937 ], [ -40.988571499999978, -3.750196299999971 ], [ -40.987891599999955, -3.750617899999952 ], [ -40.987694399999953, -3.750420499999962 ], [ -40.987714799999935, -3.750128399999937 ], [ -40.987590799999964, -3.749931599999968 ], [ -40.986741799999947, -3.750260499999968 ], [ -40.986417499999959, -3.750348699999961 ], [ -40.986265399999979, -3.750514299999963 ], [ -40.986230899999953, -3.750793899999962 ], [ -40.986012399999936, -3.750962399999935 ], [ -40.985559899999942, -3.751096099999927 ], [ -40.985018799999978, -3.751593 ], [ -40.984774699999946, -3.752113699999938 ], [ -40.984576799999957, -3.752532499999973 ], [ -40.984315899999956, -3.752942499999961 ], [ -40.983894499999963, -3.753148 ], [ -40.982871, -3.753455 ] ] ] ] } },
{ "type": "Feature", "properties": { "CD_SETOR": "231340105000106", "SITUACAO": "Rural", "CD_SIT": "8", "CD_TIPO": "0", "AREA_KM2": 1.013557351184579, "CD_REGIAO": "2", "NM_REGIAO": "Nordeste", "CD_UF": "23", "NM_UF": "Ceará", "CD_MUN": "2313401", "NM_MUN": "Tianguá", "CD_DIST": "231340105", "NM_DIST": "Tianguá", "CD_SUBDIST": "23134010500", "NM_SUBDIST": null, "CD_BAIRRO": "2313401013", "NM_BAIRRO": "São José", "CD_NU": null, "NM_NU": null, "CD_FCU": null, "NM_FCU": null, "CD_AGLOM": null, "NM_AGLOM": null, "CD_RGINT": "2306", "NM_RGINT": "Sobral", "CD_RGI": "230016", "NM_RGI": "São Benedito - Ipu - Guaraciaba do Norte - Tianguá", "CD_CONCURB": null, "NM_CONCURB": null, "Areapopulacional_CD_SIT": null, "Areapopulacional_CD_TIPO": null, "Areapopulacional_v0001": null, "Areapopulacional_v0002": null, "Areapopulacional_v0003": null, "Areapopulacional_v0004": null, "Areapopulacional_v0005": null, "Areapopulacional_v0006": null, "Areapopulacional_v0007": null, "Areapopulacional_AREA_DOMICILIADA_KM2": null, "Areapopulacional_AREA_KM2": null, "Areapopulacional_DENSIDADE_DEMOGRAFICA_DOMICILIADA_HAB_KM2": null, "Areapopulacional_DENSIDADE_DEMOGRAFICA_SETOR_HAB_KM2": null, "teste200(2)_fid": null, "teste200(2)_CD_SIT": null, "teste200(2)_CD_TIPO": null, "teste200(2)_v0001": null, "teste200(2)_v0002": null, "teste200(2)_v0003": null, "teste200(2)_v0004": null, "teste200(2)_v0005": null, "teste200(2)_v0006": null, "teste200(2)_v0007": null, "teste200(2)_AREA_DOMICILIADA_KM2": null, "teste200(2)_AREA_KM2": null, "teste200(2)_DENSIDADE_DEMOGRAFICA_DOMICILIADA_HAB_KM2": null, "teste200(2)_DENSIDADE_DEMOGRAFICA_SETOR_HAB_KM2": null, "teste200(2)_V00111SISTEMAGERALÁGUA": null, "teste200(2)_V00112POÇO": null, "teste200(2)_V00113POÇORASO": null, "teste200(2)_V00114NASCENTE,FONTE": null, "teste200(2)_V00115CARROPIPA": null, "teste200(2)_V00116CHUVA": null, "teste200(2)_V00117RIOS,AÇUDES,CORREGOS": null, "teste200(2)_V00118OUTRAFORMA": null }, "geometry": { "type": "MultiPolygon", "coordinates": [ [ [ [ -40.975517199999956, -3.765922599999953 ], [ -40.975438699999984, -3.768044499999974 ], [ -40.975300499999946, -3.771781499999975 ], [ -40.976660099999947, -3.771472699999947 ], [ -40.982279, -3.755111 ], [ -40.982871, -3.753455 ], [ -40.983282, -3.752155 ], [ -40.983362899999975, -3.751948199999958 ], [ -40.983316599999966, -3.751959299999953 ], [ -40.979990499999985, -3.752755599999944 ], [ -40.97979289999995, -3.752743 ], [ -40.976130199999943, -3.751019699999972 ], [ -40.976110899999981, -3.751202199999966 ], [ -40.976094699999976, -3.751355499999931 ], [ -40.97587649999997, -3.760882 ], [ -40.975672199999963, -3.762437199999965 ], [ -40.975658399999929, -3.763033499999949 ], [ -40.975517199999956, -3.765922599999953 ] ] ] ] } },
{ "type": "Feature", "properties": { "CD_SETOR": "231340105000107", "SITUACAO": "Rural", "CD_SIT": "8", "CD_TIPO": "0", "AREA_KM2": 1.3684501950533989, "CD_REGIAO": "2", "NM_REGIAO": "Nordeste", "CD_UF": "23", "NM_UF": "Ceará", "CD_MUN": "2313401", "NM_MUN": "Tianguá", "CD_DIST": "231340105", "NM_DIST": "Tianguá", "CD_SUBDIST": "23134010500", "NM_SUBDIST": null, "CD_BAIRRO": "2313401019", "NM_BAIRRO": "João Nunes", "CD_NU": null, "NM_NU": null, "CD_FCU": null, "NM_FCU": null, "CD_AGLOM": null, "NM_AGLOM": null, "CD_RGINT": "2306", "NM_RGINT": "Sobral", "CD_RGI": "230016", "NM_RGI": "São Benedito - Ipu - Guaraciaba do Norte - Tianguá", "CD_CONCURB": null, "NM_CONCURB": null, "Areapopulacional_CD_SIT": null, "Areapopulacional_CD_TIPO": null, "Areapopulacional_v0001": null, "Areapopulacional_v0002": null, "Areapopulacional_v0003": null, "Areapopulacional_v0004": null, "Areapopulacional_v0005": null, "Areapopulacional_v0006": null, "Areapopulacional_v0007": null, "Areapopulacional_AREA_DOMICILIADA_KM2": null, "Areapopulacional_AREA_KM2": null, "Areapopulacional_DENSIDADE_DEMOGRAFICA_DOMICILIADA_HAB_KM2": null, "Areapopulacional_DENSIDADE_DEMOGRAFICA_SETOR_HAB_KM2": null, "teste200(2)_fid": null, "teste200(2)_CD_SIT": null, "teste200(2)_CD_TIPO": null, "teste200(2)_v0001": null, "teste200(2)_v0002": null, "teste200(2)_v0003": null, "teste200(2)_v0004": null, "teste200(2)_v0005": null, "teste200(2)_v0006": null, "teste200(2)_v0007": null, "teste200(2)_AREA_DOMICILIADA_KM2": null, "teste200(2)_AREA_KM2": null, "teste200(2)_DENSIDADE_DEMOGRAFICA_DOMICILIADA_HAB_KM2": null, "teste200(2)_DENSIDADE_DEMOGRAFICA_SETOR_HAB_KM2": null, "teste200(2)_V00111SISTEMAGERALÁGUA": null, "teste200(2)_V00112POÇO": null, "teste200(2)_V00113POÇORASO": null, "teste200(2)_V00114NASCENTE,FONTE": null, "teste200(2)_V00115CARROPIPA": null, "teste200(2)_V00116CHUVA": null, "teste200(2)_V00117RIOS,AÇUDES,CORREGOS": null, "teste200(2)_V00118OUTRAFORMA": null }, "geometry": { "type": "MultiPolygon", "coordinates": [ [ [ [ -40.975882099999978, -3.699576299999933 ], [ -40.97636, -3.70428 ], [ -40.976491, -3.705265 ], [ -40.976627, -3.70592 ], [ -40.976839, -3.706323 ], [ -40.976983, -3.706566 ], [ -40.977175, -3.706808 ], [ -40.977518, -3.707224 ], [ -40.978164, -3.707639 ], [ -40.978876899999932, -3.708190499999944 ], [ -40.979952, -3.708861 ], [ -40.98127, -3.709832 ], [ -40.983529, -3.711273 ], [ -40.984663, -3.712095 ], [ -40.985355, -3.712607 ], [ -40.985709, -3.71291 ], [ -40.985828, -3.71301 ], [ -40.986333, -3.713342 ], [ -40.986606, -3.713553 ], [ -40.986825799999963, -3.713699099999928 ], [ -40.986857599999951, -3.71347389999994 ], [ -40.987664699999982, -3.708849199999975 ], [ -40.988025099999959, -3.708261199999924 ], [ -40.988681799999938, -3.708740699999964 ], [ -40.989407, -3.709270199999935 ], [ -40.990154699999948, -3.706547899999975 ], [ -40.979157, -3.6985 ], [ -40.978645699999959, -3.69848879999995 ], [ -40.978095499999938, -3.698705 ], [ -40.975882099999978, -3.699576299999933 ] ] ] ] } },
{ "type": "Feature", "properties": { "CD_SETOR": "231340105000108", "SITUACAO": "Rural", "CD_SIT": "8", "CD_TIPO": "0", "AREA_KM2": 0.29814396456875197, "CD_REGIAO": "2", "NM_REGIAO": "Nordeste", "CD_UF": "23", "NM_UF": "Ceará", "CD_MUN": "2313401", "NM_MUN": "Tianguá", "CD_DIST": "231340105", "NM_DIST": "Tianguá", "CD_SUBDIST": "23134010500", "NM_SUBDIST": null, "CD_BAIRRO": null, "NM_BAIRRO": null, "CD_NU": null, "NM_NU": null, "CD_FCU": null, "NM_FCU": null, "CD_AGLOM": null, "NM_AGLOM": null, "CD_RGINT": "2306", "NM_RGINT": "Sobral", "CD_RGI": "230016", "NM_RGI": "São Benedito - Ipu - Guaraciaba do Norte - Tianguá", "CD_CONCURB": null, "NM_CONCURB": null, "Areapopulacional_CD_SIT": null, "Areapopulacional_CD_TIPO": null, "Areapopulacional_v0001": null, "Areapopulacional_v0002": null, "Areapopulacional_v0003": null, "Areapopulacional_v0004": null, "Areapopulacional_v0005": null, "Areapopulacional_v0006": null, "Areapopulacional_v0007": null, "Areapopulacional_AREA_DOMICILIADA_KM2": null, "Areapopulacional_AREA_KM2": null, "Areapopulacional_DENSIDADE_DEMOGRAFICA_DOMICILIADA_HAB_KM2": null, "Areapopulacional_DENSIDADE_DEMOGRAFICA_SETOR_HAB_KM2": null, "teste200(2)_fid": null, "teste200(2)_CD_SIT": null, "teste200(2)_CD_TIPO": null, "teste200(2)_v0001": null, "teste200(2)_v0002": null, "teste200(2)_v0003": null, "teste200(2)_v0004": null, "teste200(2)_v0005": null, "teste200(2)_v0006": null, "teste200(2)_v0007": null, "teste200(2)_AREA_DOMICILIADA_KM2": null, "teste200(2)_AREA_KM2": null, "teste200(2)_DENSIDADE_DEMOGRAFICA_DOMICILIADA_HAB_KM2": null, "teste200(2)_DENSIDADE_DEMOGRAFICA_SETOR_HAB_KM2": null, "teste200(2)_V00111SISTEMAGERALÁGUA": null, "teste200(2)_V00112POÇO": null, "teste200(2)_V00113POÇORASO": null, "teste200(2)_V00114NASCENTE,FONTE": null, "teste200(2)_V00115CARROPIPA": null, "teste200(2)_V00116CHUVA": null, "teste200(2)_V00117RIOS,AÇUDES,CORREGOS": null, "teste200(2)_V00118OUTRAFORMA": null }, "geometry": { "type": "MultiPolygon", "coordinates": [ [ [ [ -40.880044299999952, -3.738635899999963 ], [ -40.875385799999947, -3.723243399999944 ], [ -40.879289799999981, -3.709509199999957 ], [ -40.878450199999975, -3.708670799999936 ], [ -40.87421889999996, -3.722472599999946 ], [ -40.880044299999952, -3.738635899999963 ] ] ] ] } },
{ "type": "Feature", "properties": { "CD_SETOR": "231340105000109", "SITUACAO": "Rural", "CD_SIT": "5", "CD_TIPO": "8", "AREA_KM2": 0.39615354560674299, "CD_REGIAO": "2", "NM_REGIAO": "Nordeste", "CD_UF": "23", "NM_UF": "Ceará", "CD_MUN": "2313401", "NM_MUN": "Tianguá", "CD_DIST": "231340105", "NM_DIST": "Tianguá", "CD_SUBDIST": "23134010500", "NM_SUBDIST": null, "CD_BAIRRO": null, "NM_BAIRRO": null, "CD_NU": null, "NM_NU": null, "CD_FCU": null, "NM_FCU": null, "CD_AGLOM": "231340100016", "NM_AGLOM": "Agrovila do PA Bom Jesus / São João", "CD_RGINT": "2306", "NM_RGINT": "Sobral", "CD_RGI": "230016", "NM_RGI": "São Benedito - Ipu - Guaraciaba do Norte - Tianguá", "CD_CONCURB": null, "NM_CONCURB": null, "Areapopulacional_CD_SIT": null, "Areapopulacional_CD_TIPO": null, "Areapopulacional_v0001": null, "Areapopulacional_v0002": null, "Areapopulacional_v0003": null, "Areapopulacional_v0004": null, "Areapopulacional_v0005": null, "Areapopulacional_v0006": null, "Areapopulacional_v0007": null, "Areapopulacional_AREA_DOMICILIADA_KM2": null, "Areapopulacional_AREA_KM2": null, "Areapopulacional_DENSIDADE_DEMOGRAFICA_DOMICILIADA_HAB_KM2": null, "Areapopulacional_DENSIDADE_DEMOGRAFICA_SETOR_HAB_KM2": null, "teste200(2)_fid": null, "teste200(2)_CD_SIT": null, "teste200(2)_CD_TIPO": null, "teste200(2)_v0001": null, "teste200(2)_v0002": null, "teste200(2)_v0003": null, "teste200(2)_v0004": null, "teste200(2)_v0005": null, "teste200(2)_v0006": null, "teste200(2)_v0007": null, "teste200(2)_AREA_DOMICILIADA_KM2": null, "teste200(2)_AREA_KM2": null, "teste200(2)_DENSIDADE_DEMOGRAFICA_DOMICILIADA_HAB_KM2": null, "teste200(2)_DENSIDADE_DEMOGRAFICA_SETOR_HAB_KM2": null, "teste200(2)_V00111SISTEMAGERALÁGUA": null, "teste200(2)_V00112POÇO": null, "teste200(2)_V00113POÇORASO": null, "teste200(2)_V00114NASCENTE,FONTE": null, "teste200(2)_V00115CARROPIPA": null, "teste200(2)_V00116CHUVA": null, "teste200(2)_V00117RIOS,AÇUDES,CORREGOS": null, "teste200(2)_V00118OUTRAFORMA": null }, "geometry": { "type": "MultiPolygon", "coordinates": [ [ [ [ -41.043926, -3.727982899999972 ], [ -41.039878599999952, -3.72865429999996 ], [ -41.040822899999966, -3.734382499999981 ], [ -41.046293099999957, -3.733491399999934 ], [ -41.045347099999958, -3.727724199999955 ], [ -41.043926, -3.727982899999972 ] ] ] ] } },
{ "type": "Feature", "properties": { "CD_SETOR": "231340105000110", "SITUACAO": "Rural", "CD_SIT": "8", "CD_TIPO": "0", "AREA_KM2": 20.216927960477335, "CD_REGIAO": "2", "NM_REGIAO": "Nordeste", "CD_UF": "23", "NM_UF": "Ceará", "CD_MUN": "2313401", "NM_MUN": "Tianguá", "CD_DIST": "231340105", "NM_DIST": "Tianguá", "CD_SUBDIST": "23134010500", "NM_SUBDIST": null, "CD_BAIRRO": null, "NM_BAIRRO": null, "CD_NU": null, "NM_NU": null, "CD_FCU": null, "NM_FCU": null, "CD_AGLOM": null, "NM_AGLOM": null, "CD_RGINT": "2306", "NM_RGINT": "Sobral", "CD_RGI": "230016", "NM_RGI": "São Benedito - Ipu - Guaraciaba do Norte - Tianguá", "CD_CONCURB": null, "NM_CONCURB": null, "Areapopulacional_CD_SIT": null, "Areapopulacional_CD_TIPO": null, "Areapopulacional_v0001": null, "Areapopulacional_v0002": null, "Areapopulacional_v0003": null, "Areapopulacional_v0004": null, "Areapopulacional_v0005": null, "Areapopulacional_v0006": null, "Areapopulacional_v0007": null, "Areapopulacional_AREA_DOMICILIADA_KM2": null, "Areapopulacional_AREA_KM2": null, "Areapopulacional_DENSIDADE_DEMOGRAFICA_DOMICILIADA_HAB_KM2": null, "Areapopulacional_DENSIDADE_DEMOGRAFICA_SETOR_HAB_KM2": null, "teste200(2)_fid": null, "teste200(2)_CD_SIT": null, "teste200(2)_CD_TIPO": null, "teste200(2)_v0001": null, "teste200(2)_v0002": null, "teste200(2)_v0003": null, "teste200(2)_v0004": null, "teste200(2)_v0005": null, "teste200(2)_v0006": null, "teste200(2)_v0007": null, "teste200(2)_AREA_DOMICILIADA_KM2": null, "teste200(2)_AREA_KM2": null, "teste200(2)_DENSIDADE_DEMOGRAFICA_DOMICILIADA_HAB_KM2": null, "teste200(2)_DENSIDADE_DEMOGRAFICA_SETOR_HAB_KM2": null, "teste200(2)_V00111SISTEMAGERALÁGUA": null, "teste200(2)_V00112POÇO": null, "teste200(2)_V00113POÇORASO": null, "teste200(2)_V00114NASCENTE,FONTE": null, "teste200(2)_V00115CARROPIPA": null, "teste200(2)_V00116CHUVA": null, "teste200(2)_V00117RIOS,AÇUDES,CORREGOS": null, "teste200(2)_V00118OUTRAFORMA": null }, "geometry": { "type": "MultiPolygon", "coordinates": [ [ [ [ -41.047539, -3.682189499999936 ], [ -41.043030399999964, -3.69327 ], [ -41.040911599999959, -3.693446399999971 ], [ -41.041155599999968, -3.69473389999996 ], [ -41.040826, -3.695750499999974 ], [ -41.039808299999947, -3.696983099999954 ], [ -41.037172599999963, -3.698468199999979 ], [ -41.036285499999963, -3.697631899999976 ], [ -41.036009099999944, -3.697435499999926 ], [ -41.035334199999966, -3.698365699999954 ], [ -41.034866299999976, -3.699239599999942 ], [ -41.034034099999985, -3.700047 ], [ -41.033682699999929, -3.700126099999977 ], [ -41.03288, -3.701135499999964 ], [ -41.023847899999964, -3.710098799999969 ], [ -41.020292799999936, -3.713630199999955 ], [ -41.022531699999945, -3.713807299999928 ], [ -41.024377099999981, -3.714489499999956 ], [ -41.025229699999954, -3.715091599999937 ], [ -41.026097199999981, -3.715314399999954 ], [ -41.027040299999953, -3.715430799999979 ], [ -41.027549199999953, -3.715902399999948 ], [ -41.027878, -3.716510199999959 ], [ -41.02818069999995, -3.717138199999965 ], [ -41.028557599999942, -3.717867699999942 ], [ -41.029089, -3.718242699999962 ], [ -41.029435699999965, -3.718710499999929 ], [ -41.029622599999982, -3.719086699999934 ], [ -41.029809599999965, -3.719682599999942 ], [ -41.030302199999937, -3.719895599999973 ], [ -41.030739, -3.720298299999968 ], [ -41.031393, -3.720963899999958 ], [ -41.031877899999984, -3.721406099999967 ], [ -41.032613399999946, -3.721509599999933 ], [ -41.032706099999984, -3.721543399999973 ], [ -41.033144099999959, -3.721407499999941 ], [ -41.033773699999983, -3.721665899999948 ], [ -41.033976699999982, -3.722266499999932 ], [ -41.03386409999996, -3.723106799999925 ], [ -41.034022299999947, -3.723542299999963 ], [ -41.034877399999971, -3.723731199999975 ], [ -41.035484299999951, -3.724208899999951 ], [ -41.035854399999948, -3.725360499999965 ], [ -41.036840799999936, -3.724870799999962 ], [ -41.038321599999961, -3.724094499999978 ], [ -41.039905899999951, -3.72347179999997 ], [ -41.04109509999995, -3.722389199999952 ], [ -41.042329299999949, -3.721294199999932 ], [ -41.04349579999996, -3.720691299999942 ], [ -41.044530399999985, -3.720314899999948 ], [ -41.043926, -3.727982899999972 ], [ -41.045347099999958, -3.727724199999955 ], [ -41.046293099999957, -3.733491399999934 ], [ -41.040822899999966, -3.734382499999981 ], [ -41.039878599999952, -3.72865429999996 ], [ -41.03702149999998, -3.729128199999934 ], [ -41.036831499999948, -3.728863199999978 ], [ -41.034453599999949, -3.725545799999963 ], [ -41.032702499999971, -3.725404399999945 ], [ -41.03222169999998, -3.725774299999955 ], [ -41.031468299999972, -3.726491099999976 ], [ -41.030484199999933, -3.726834799999949 ], [ -41.029212799999982, -3.727355699999976 ], [ -41.028245899999945, -3.727323099999978 ], [ -41.027561599999956, -3.727322099999981 ], [ -41.029142699999966, -3.730159699999945 ], [ -41.029333599999973, -3.730502299999955 ], [ -41.029461, -3.730733499999928 ], [ -41.03620959999995, -3.742984099999944 ], [ -41.040848099999948, -3.751355499999931 ], [ -41.069496099999981, -3.703196799999944 ], [ -41.06929219999995, -3.702334099999973 ], [ -41.06884679999996, -3.701403499999969 ], [ -41.068245699999977, -3.700646199999937 ], [ -41.067472699999939, -3.700075099999935 ], [ -41.066815299999973, -3.699115099999972 ], [ -41.06664909999995, -3.698600299999953 ], [ -41.066438199999936, -3.696967499999971 ], [ -41.066654399999948, -3.695060399999932 ], [ -41.066044499999975, -3.693499599999939 ], [ -41.066064799999936, -3.693042199999979 ], [ -41.066542, -3.692609799999957 ], [ -41.067205399999978, -3.692552199999966 ], [ -41.067497099999969, -3.691819099999975 ], [ -41.067515399999934, -3.691002699999956 ], [ -41.066382099999942, -3.688296799999932 ], [ -41.065803499999959, -3.686323699999946 ], [ -41.066187199999945, -3.685329 ], [ -41.066584, -3.684666199999981 ], [ -41.066734, -3.684140099999979 ], [ -41.066427399999952, -3.683010399999944 ], [ -41.065573499999971, -3.682181599999979 ], [ -41.065376899999933, -3.680608199999938 ], [ -41.065373199999954, -3.678591199999971 ], [ -41.06590209999996, -3.678133899999978 ], [ -41.065424099999973, -3.678170899999941 ], [ -41.064053299999955, -3.678290299999958 ], [ -41.059581399999956, -3.679484399999978 ], [ -41.05649509999995, -3.680170799999928 ], [ -41.053538499999945, -3.681164899999942 ], [ -41.05141059999994, -3.681629399999963 ], [ -41.049829899999963, -3.681808 ], [ -41.048399699999948, -3.682337099999927 ], [ -41.047539, -3.682189499999936 ] ] ] ] } },
{ "type": "Feature", "properties": { "CD_SETOR": "231340105000111", "SITUACAO": "Urbana", "CD_SIT": "1", "CD_TIPO": "0", "AREA_KM2": 0.16189539502827499, "CD_REGIAO": "2", "NM_REGIAO": "Nordeste", "CD_UF": "23", "NM_UF": "Ceará", "CD_MUN": "2313401", "NM_MUN": "Tianguá", "CD_DIST": "231340105", "NM_DIST": "Tianguá", "CD_SUBDIST": "23134010500", "NM_SUBDIST": null, "CD_BAIRRO": "2313401007", "NM_BAIRRO": "Geraldo Saraiva", "CD_NU": null, "NM_NU": null, "CD_FCU": null, "NM_FCU": null, "CD_AGLOM": null, "NM_AGLOM": null, "CD_RGINT": "2306", "NM_RGINT": "Sobral", "CD_RGI": "230016", "NM_RGI": "São Benedito - Ipu - Guaraciaba do Norte - Tianguá", "CD_CONCURB": null, "NM_CONCURB": null, "Areapopulacional_CD_SIT": 1, "Areapopulacional_CD_TIPO": 0, "Areapopulacional_v0001": 1333, "Areapopulacional_v0002": 495, "Areapopulacional_v0003": 495, "Areapopulacional_v0004": 0, "Areapopulacional_v0005": 3.2, "Areapopulacional_v0006": 0.0048, "Areapopulacional_v0007": 417, "Areapopulacional_AREA_DOMICILIADA_KM2": 0.161895395, "Areapopulacional_AREA_KM2": 0.161895395, "Areapopulacional_DENSIDADE_DEMOGRAFICA_DOMICILIADA_HAB_KM2": 8233.711649000001, "Areapopulacional_DENSIDADE_DEMOGRAFICA_SETOR_HAB_KM2": 8233.711649000001, "teste200(2)_fid": 75046, "teste200(2)_CD_SIT": 1, "teste200(2)_CD_TIPO": 0, "teste200(2)_v0001": 1333, "teste200(2)_v0002": 495, "teste200(2)_v0003": 495, "teste200(2)_v0004": 0, "teste200(2)_v0005": 3.2, "teste200(2)_v0006": 0.0048, "teste200(2)_v0007": 417, "teste200(2)_AREA_DOMICILIADA_KM2": 0.161895395, "teste200(2)_AREA_KM2": 0.161895395, "teste200(2)_DENSIDADE_DEMOGRAFICA_DOMICILIADA_HAB_KM2": 8233.711649000001, "teste200(2)_DENSIDADE_DEMOGRAFICA_SETOR_HAB_KM2": 8233.711649000001, "teste200(2)_V00111SISTEMAGERALÁGUA": 417, "teste200(2)_V00112POÇO": 0, "teste200(2)_V00113POÇORASO": 0, "teste200(2)_V00114NASCENTE,FONTE": 0, "teste200(2)_V00115CARROPIPA": 0, "teste200(2)_V00116CHUVA": 0, "teste200(2)_V00117RIOS,AÇUDES,CORREGOS": 0, "teste200(2)_V00118OUTRAFORMA": 0 }, "geometry": { "type": "MultiPolygon", "coordinates": [ [ [ [ -40.992229, -3.717484 ], [ -40.993224399999974, -3.718180899999936 ], [ -40.993682899999953, -3.718658099999971 ], [ -40.993968199999983, -3.718976599999962 ], [ -40.994203499999969, -3.718458099999964 ], [ -40.994386, -3.717784199999926 ], [ -40.99485169999997, -3.716094899999973 ], [ -40.995357, -3.71415989999997 ], [ -40.995642499999974, -3.712959599999976 ], [ -40.994215199999985, -3.712604 ], [ -40.994147399999974, -3.712573499999962 ], [ -40.994540699999959, -3.71135419999996 ], [ -40.994096799999966, -3.711642499999925 ], [ -40.99363349999993, -3.711924599999975 ], [ -40.992826099999945, -3.714957199999958 ], [ -40.992649299999982, -3.715730699999938 ], [ -40.992229, -3.717484 ] ] ] ] } },
{ "type": "Feature", "properties": { "CD_SETOR": "231340105000112", "SITUACAO": "Urbana", "CD_SIT": "2", "CD_TIPO": "0", "AREA_KM2": 0.390989121030623, "CD_REGIAO": "2", "NM_REGIAO": "Nordeste", "CD_UF": "23", "NM_UF": "Ceará", "CD_MUN": "2313401", "NM_MUN": "Tianguá", "CD_DIST": "231340105", "NM_DIST": "Tianguá", "CD_SUBDIST": "23134010500", "NM_SUBDIST": null, "CD_BAIRRO": "2313401007", "NM_BAIRRO": "Geraldo Saraiva", "CD_NU": null, "NM_NU": null, "CD_FCU": null, "NM_FCU": null, "CD_AGLOM": null, "NM_AGLOM": null, "CD_RGINT": "2306", "NM_RGINT": "Sobral", "CD_RGI": "230016", "NM_RGI": "São Benedito - Ipu - Guaraciaba do Norte - Tianguá", "CD_CONCURB": null, "NM_CONCURB": null, "Areapopulacional_CD_SIT": 2, "Areapopulacional_CD_TIPO": 0, "Areapopulacional_v0001": 755, "Areapopulacional_v0002": 332, "Areapopulacional_v0003": 332, "Areapopulacional_v0004": 0, "Areapopulacional_v0005": 3.0, "Areapopulacional_v0006": 0.0236, "Areapopulacional_v0007": 254, "Areapopulacional_AREA_DOMICILIADA_KM2": 0.390989121, "Areapopulacional_AREA_KM2": 0.390989121, "Areapopulacional_DENSIDADE_DEMOGRAFICA_DOMICILIADA_HAB_KM2": 1931.000019, "Areapopulacional_DENSIDADE_DEMOGRAFICA_SETOR_HAB_KM2": 1931.000019, "teste200(2)_fid": 122906, "teste200(2)_CD_SIT": 2, "teste200(2)_CD_TIPO": 0, "teste200(2)_v0001": 755, "teste200(2)_v0002": 332, "teste200(2)_v0003": 332, "teste200(2)_v0004": 0, "teste200(2)_v0005": 3.0, "teste200(2)_v0006": 0.0236, "teste200(2)_v0007": 254, "teste200(2)_AREA_DOMICILIADA_KM2": 0.390989121, "teste200(2)_AREA_KM2": 0.390989121, "teste200(2)_DENSIDADE_DEMOGRAFICA_DOMICILIADA_HAB_KM2": 1931.000019, "teste200(2)_DENSIDADE_DEMOGRAFICA_SETOR_HAB_KM2": 1931.000019, "teste200(2)_V00111SISTEMAGERALÁGUA": 252, "teste200(2)_V00112POÇO": null, "teste200(2)_V00113POÇORASO": 0, "teste200(2)_V00114NASCENTE,FONTE": 0, "teste200(2)_V00115CARROPIPA": 0, "teste200(2)_V00116CHUVA": 0, "teste200(2)_V00117RIOS,AÇUDES,CORREGOS": 0, "teste200(2)_V00118OUTRAFORMA": 0 }, "geometry": { "type": "MultiPolygon", "coordinates": [ [ [ [ -40.994540699999959, -3.71135419999996 ], [ -40.994147399999974, -3.712573499999962 ], [ -40.994215199999985, -3.712604 ], [ -40.995642499999974, -3.712959599999976 ], [ -40.995357, -3.71415989999997 ], [ -40.99485169999997, -3.716094899999973 ], [ -40.994386, -3.717784199999926 ], [ -40.994203499999969, -3.718458099999964 ], [ -40.993968199999983, -3.718976599999962 ], [ -40.994306199999983, -3.71935389999993 ], [ -40.994917, -3.720322 ], [ -40.997024599999975, -3.719022099999961 ], [ -40.997422599999936, -3.718787299999974 ], [ -40.99836449999998, -3.71823269999993 ], [ -40.998669899999982, -3.715633399999945 ], [ -40.99906569999996, -3.711768699999936 ], [ -40.997141699999929, -3.711504899999966 ], [ -40.995947599999965, -3.710760099999959 ], [ -40.995699299999956, -3.710605199999975 ], [ -40.994866899999977, -3.711142299999949 ], [ -40.994540699999959, -3.71135419999996 ] ] ] ] } },
{ "type": "Feature", "properties": { "CD_SETOR": "231340105000113", "SITUACAO": "Urbana", "CD_SIT": "1", "CD_TIPO": "0", "AREA_KM2": 0.094348870510789995, "CD_REGIAO": "2", "NM_REGIAO": "Nordeste", "CD_UF": "23", "NM_UF": "Ceará", "CD_MUN": "2313401", "NM_MUN": "Tianguá", "CD_DIST": "231340105", "NM_DIST": "Tianguá", "CD_SUBDIST": "23134010500", "NM_SUBDIST": null, "CD_BAIRRO": "2313401023", "NM_BAIRRO": "Paturi", "CD_NU": null, "NM_NU": null, "CD_FCU": null, "NM_FCU": null, "CD_AGLOM": null, "NM_AGLOM": null, "CD_RGINT": "2306", "NM_RGINT": "Sobral", "CD_RGI": "230016", "NM_RGI": "São Benedito - Ipu - Guaraciaba do Norte - Tianguá", "CD_CONCURB": null, "NM_CONCURB": null, "Areapopulacional_CD_SIT": 1, "Areapopulacional_CD_TIPO": 0, "Areapopulacional_v0001": 324, "Areapopulacional_v0002": 129, "Areapopulacional_v0003": 129, "Areapopulacional_v0004": 0, "Areapopulacional_v0005": 3.5, "Areapopulacional_v0006": 0.0108, "Areapopulacional_v0007": 93, "Areapopulacional_AREA_DOMICILIADA_KM2": 0.094348871, "Areapopulacional_AREA_KM2": 0.094348871, "Areapopulacional_DENSIDADE_DEMOGRAFICA_DOMICILIADA_HAB_KM2": 3434.063368, "Areapopulacional_DENSIDADE_DEMOGRAFICA_SETOR_HAB_KM2": 3434.063368, "teste200(2)_fid": 103215, "teste200(2)_CD_SIT": 1, "teste200(2)_CD_TIPO": 0, "teste200(2)_v0001": 324, "teste200(2)_v0002": 129, "teste200(2)_v0003": 129, "teste200(2)_v0004": 0, "teste200(2)_v0005": 3.5, "teste200(2)_v0006": 0.0108, "teste200(2)_v0007": 93, "teste200(2)_AREA_DOMICILIADA_KM2": 0.094348871, "teste200(2)_AREA_KM2": 0.094348871, "teste200(2)_DENSIDADE_DEMOGRAFICA_DOMICILIADA_HAB_KM2": 3434.063368, "teste200(2)_DENSIDADE_DEMOGRAFICA_SETOR_HAB_KM2": 3434.063368, "teste200(2)_V00111SISTEMAGERALÁGUA": 93, "teste200(2)_V00112POÇO": 0, "teste200(2)_V00113POÇORASO": 0, "teste200(2)_V00114NASCENTE,FONTE": 0, "teste200(2)_V00115CARROPIPA": 0, "teste200(2)_V00116CHUVA": 0, "teste200(2)_V00117RIOS,AÇUDES,CORREGOS": 0, "teste200(2)_V00118OUTRAFORMA": 0 }, "geometry": { "type": "MultiPolygon", "coordinates": [ [ [ [ -40.981269, -3.721089099999972 ], [ -40.981506, -3.720066499999973 ], [ -40.981854799999951, -3.718530499999929 ], [ -40.982159899999942, -3.717209899999943 ], [ -40.982023, -3.717174 ], [ -40.981823, -3.717103 ], [ -40.981568, -3.716952 ], [ -40.980973, -3.716579 ], [ -40.980433, -3.716285199999959 ], [ -40.979550599999982, -3.720712099999957 ], [ -40.981269, -3.721089099999972 ] ] ] ] } },
{ "type": "Feature", "properties": { "CD_SETOR": "231340105000114", "SITUACAO": "Urbana", "CD_SIT": "1", "CD_TIPO": "0", "AREA_KM2": 0.065149458595309004, "CD_REGIAO": "2", "NM_REGIAO": "Nordeste", "CD_UF": "23", "NM_UF": "Ceará", "CD_MUN": "2313401", "NM_MUN": "Tianguá", "CD_DIST": "231340105", "NM_DIST": "Tianguá", "CD_SUBDIST": "23134010500", "NM_SUBDIST": null, "CD_BAIRRO": "2313401023", "NM_BAIRRO": "Paturi", "CD_NU": null, "NM_NU": null, "CD_FCU": null, "NM_FCU": null, "CD_AGLOM": null, "NM_AGLOM": null, "CD_RGINT": "2306", "NM_RGINT": "Sobral", "CD_RGI": "230016", "NM_RGI": "São Benedito - Ipu - Guaraciaba do Norte - Tianguá", "CD_CONCURB": null, "NM_CONCURB": null, "Areapopulacional_CD_SIT": 1, "Areapopulacional_CD_TIPO": 0, "Areapopulacional_v0001": 818, "Areapopulacional_v0002": 313, "Areapopulacional_v0003": 313, "Areapopulacional_v0004": 0, "Areapopulacional_v0005": 3.4, "Areapopulacional_v0006": 0.0, "Areapopulacional_v0007": 239, "Areapopulacional_AREA_DOMICILIADA_KM2": 0.065149459, "Areapopulacional_AREA_KM2": 0.065149459, "Areapopulacional_DENSIDADE_DEMOGRAFICA_DOMICILIADA_HAB_KM2": 12555.74517, "Areapopulacional_DENSIDADE_DEMOGRAFICA_SETOR_HAB_KM2": 12555.74517, "teste200(2)_fid": 110562, "teste200(2)_CD_SIT": 1, "teste200(2)_CD_TIPO": 0, "teste200(2)_v0001": 818, "teste200(2)_v0002": 313, "teste200(2)_v0003": 313, "teste200(2)_v0004": 0, "teste200(2)_v0005": 3.4, "teste200(2)_v0006": 0.0, "teste200(2)_v0007": 239, "teste200(2)_AREA_DOMICILIADA_KM2": 0.065149459, "teste200(2)_AREA_KM2": 0.065149459, "teste200(2)_DENSIDADE_DEMOGRAFICA_DOMICILIADA_HAB_KM2": 12555.74517, "teste200(2)_DENSIDADE_DEMOGRAFICA_SETOR_HAB_KM2": 12555.74517, "teste200(2)_V00111SISTEMAGERALÁGUA": 237, "teste200(2)_V00112POÇO": null, "teste200(2)_V00113POÇORASO": 0, "teste200(2)_V00114NASCENTE,FONTE": 0, "teste200(2)_V00115CARROPIPA": 0, "teste200(2)_V00116CHUVA": 0, "teste200(2)_V00117RIOS,AÇUDES,CORREGOS": 0, "teste200(2)_V00118OUTRAFORMA": 0 }, "geometry": { "type": "MultiPolygon", "coordinates": [ [ [ [ -40.981269, -3.721089099999972 ], [ -40.980676, -3.723942699999952 ], [ -40.981395199999952, -3.724059 ], [ -40.982368299999962, -3.720007599999974 ], [ -40.982808899999952, -3.717346799999973 ], [ -40.982727, -3.717327 ], [ -40.982305, -3.717248 ], [ -40.982159899999942, -3.717209899999943 ], [ -40.981854799999951, -3.718530499999929 ], [ -40.981506, -3.720066499999973 ], [ -40.981269, -3.721089099999972 ] ] ] ] } },
{ "type": "Feature", "properties": { "CD_SETOR": "231340105000116", "SITUACAO": "Urbana", "CD_SIT": "2", "CD_TIPO": "0", "AREA_KM2": 1.0329103097845489, "CD_REGIAO": "2", "NM_REGIAO": "Nordeste", "CD_UF": "23", "NM_UF": "Ceará", "CD_MUN": "2313401", "NM_MUN": "Tianguá", "CD_DIST": "231340105", "NM_DIST": "Tianguá", "CD_SUBDIST": "23134010500", "NM_SUBDIST": null, "CD_BAIRRO": "2313401016", "NM_BAIRRO": "Gaioso Nunes", "CD_NU": null, "NM_NU": null, "CD_FCU": null, "NM_FCU": null, "CD_AGLOM": null, "NM_AGLOM": null, "CD_RGINT": "2306", "NM_RGINT": "Sobral", "CD_RGI": "230016", "NM_RGI": "São Benedito - Ipu - Guaraciaba do Norte - Tianguá", "CD_CONCURB": null, "NM_CONCURB": null, "Areapopulacional_CD_SIT": 2, "Areapopulacional_CD_TIPO": 0, "Areapopulacional_v0001": 204, "Areapopulacional_v0002": 85, "Areapopulacional_v0003": 85, "Areapopulacional_v0004": 0, "Areapopulacional_v0005": 3.1, "Areapopulacional_v0006": 0.0303, "Areapopulacional_v0007": 66, "Areapopulacional_AREA_DOMICILIADA_KM2": 0.43235, "Areapopulacional_AREA_KM2": 1.03291031, "Areapopulacional_DENSIDADE_DEMOGRAFICA_DOMICILIADA_HAB_KM2": 471.8399445, "Areapopulacional_DENSIDADE_DEMOGRAFICA_SETOR_HAB_KM2": 197.500207, "teste200(2)_fid": 346500, "teste200(2)_CD_SIT": 2, "teste200(2)_CD_TIPO": 0, "teste200(2)_v0001": 204, "teste200(2)_v0002": 85, "teste200(2)_v0003": 85, "teste200(2)_v0004": 0, "teste200(2)_v0005": 3.1, "teste200(2)_v0006": 0.0303, "teste200(2)_v0007": 66, "teste200(2)_AREA_DOMICILIADA_KM2": 0.43235, "teste200(2)_AREA_KM2": 1.03291031, "teste200(2)_DENSIDADE_DEMOGRAFICA_DOMICILIADA_HAB_KM2": 471.8399445, "teste200(2)_DENSIDADE_DEMOGRAFICA_SETOR_HAB_KM2": 197.500207, "teste200(2)_V00111SISTEMAGERALÁGUA": 56, "teste200(2)_V00112POÇO": 9, "teste200(2)_V00113POÇORASO": 0, "teste200(2)_V00114NASCENTE,FONTE": 0, "teste200(2)_V00115CARROPIPA": 0, "teste200(2)_V00116CHUVA": 0, "teste200(2)_V00117RIOS,AÇUDES,CORREGOS": 0, "teste200(2)_V00118OUTRAFORMA": null }, "geometry": { "type": "MultiPolygon", "coordinates": [ [ [ [ -41.004696799999977, -3.737490799999932 ], [ -41.004997399999979, -3.73852039999997 ], [ -41.005358499999943, -3.739108099999953 ], [ -41.005521299999941, -3.739373 ], [ -41.006304899999975, -3.740664599999945 ], [ -41.007100799999932, -3.741854799999942 ], [ -41.007540499999948, -3.742321899999979 ], [ -41.007739899999933, -3.742534299999932 ], [ -41.008778799999959, -3.74364879999996 ], [ -41.009312199999954, -3.744221 ], [ -41.010597399999938, -3.745666899999947 ], [ -41.011194899999964, -3.746339099999943 ], [ -41.012252199999978, -3.74573259999994 ], [ -41.013173599999959, -3.744308099999955 ], [ -41.01317279999995, -3.744298699999945 ], [ -41.012992899999972, -3.74231519999995 ], [ -41.013126, -3.742207899999926 ], [ -41.017434, -3.738732 ], [ -41.023927399999934, -3.730796599999962 ], [ -41.023953699999936, -3.730757099999948 ], [ -41.012193599999932, -3.737075499999946 ], [ -41.010279, -3.737088899999947 ], [ -41.009314499999959, -3.737446899999952 ], [ -41.007477799999947, -3.738495099999966 ], [ -41.004696799999977, -3.737490799999932 ] ] ] ] } },
{ "type": "Feature", "properties": { "CD_SETOR": "231340105000117", "SITUACAO": "Urbana", "CD_SIT": "1", "CD_TIPO": "0", "AREA_KM2": 0.10270963176947299, "CD_REGIAO": "2", "NM_REGIAO": "Nordeste", "CD_UF": "23", "NM_UF": "Ceará", "CD_MUN": "2313401", "NM_MUN": "Tianguá", "CD_DIST": "231340105", "NM_DIST": "Tianguá", "CD_SUBDIST": "23134010500", "NM_SUBDIST": null, "CD_BAIRRO": "2313401008", "NM_BAIRRO": "Régis Diniz", "CD_NU": null, "NM_NU": null, "CD_FCU": null, "NM_FCU": null, "CD_AGLOM": null, "NM_AGLOM": null, "CD_RGINT": "2306", "NM_RGINT": "Sobral", "CD_RGI": "230016", "NM_RGI": "São Benedito - Ipu - Guaraciaba do Norte - Tianguá", "CD_CONCURB": null, "NM_CONCURB": null, "Areapopulacional_CD_SIT": 1, "Areapopulacional_CD_TIPO": 0, "Areapopulacional_v0001": 752, "Areapopulacional_v0002": 272, "Areapopulacional_v0003": 272, "Areapopulacional_v0004": 0, "Areapopulacional_v0005": 3.1, "Areapopulacional_v0006": 0.0292, "Areapopulacional_v0007": 240, "Areapopulacional_AREA_DOMICILIADA_KM2": 0.102709632, "Areapopulacional_AREA_KM2": 0.102709632, "Areapopulacional_DENSIDADE_DEMOGRAFICA_DOMICILIADA_HAB_KM2": 7321.611294, "Areapopulacional_DENSIDADE_DEMOGRAFICA_SETOR_HAB_KM2": 7321.611294, "teste200(2)_fid": 120177, "teste200(2)_CD_SIT": 1, "teste200(2)_CD_TIPO": 0, "teste200(2)_v0001": 752, "teste200(2)_v0002": 272, "teste200(2)_v0003": 272, "teste200(2)_v0004": 0, "teste200(2)_v0005": 3.1, "teste200(2)_v0006": 0.0292, "teste200(2)_v0007": 240, "teste200(2)_AREA_DOMICILIADA_KM2": 0.102709632, "teste200(2)_AREA_KM2": 0.102709632, "teste200(2)_DENSIDADE_DEMOGRAFICA_DOMICILIADA_HAB_KM2": 7321.611294, "teste200(2)_DENSIDADE_DEMOGRAFICA_SETOR_HAB_KM2": 7321.611294, "teste200(2)_V00111SISTEMAGERALÁGUA": 233, "teste200(2)_V00112POÇO": 3, "teste200(2)_V00113POÇORASO": 3, "teste200(2)_V00114NASCENTE,FONTE": 0, "teste200(2)_V00115CARROPIPA": 0, "teste200(2)_V00116CHUVA": 0, "teste200(2)_V00117RIOS,AÇUDES,CORREGOS": 0, "teste200(2)_V00118OUTRAFORMA": null }, "geometry": { "type": "MultiPolygon", "coordinates": [ [ [ [ -40.998095899999953, -3.736288899999977 ], [ -40.999124299999949, -3.735382199999947 ], [ -41.000313199999937, -3.734371299999964 ], [ -41.000126, -3.734177 ], [ -40.999894, -3.733936 ], [ -40.999109, -3.733114 ], [ -40.998668, -3.73265 ], [ -40.998326, -3.732293 ], [ -40.998219699999936, -3.732285499999932 ], [ -40.997977099999957, -3.732042899999954 ], [ -40.997544, -3.731895 ], [ -40.996375299999954, -3.731580399999928 ], [ -40.996847699999933, -3.733269199999938 ], [ -40.997603699999956, -3.734662499999956 ], [ -40.998095899999953, -3.736288899999977 ] ] ] ] } },
{ "type": "Feature", "properties": { "CD_SETOR": "231340105000118", "SITUACAO": "Urbana", "CD_SIT": "1", "CD_TIPO": "0", "AREA_KM2": 0.083826524165143995, "CD_REGIAO": "2", "NM_REGIAO": "Nordeste", "CD_UF": "23", "NM_UF": "Ceará", "CD_MUN": "2313401", "NM_MUN": "Tianguá", "CD_DIST": "231340105", "NM_DIST": "Tianguá", "CD_SUBDIST": "23134010500", "NM_SUBDIST": null, "CD_BAIRRO": "2313401008", "NM_BAIRRO": "Régis Diniz", "CD_NU": null, "NM_NU": null, "CD_FCU": null, "NM_FCU": null, "CD_AGLOM": null, "NM_AGLOM": null, "CD_RGINT": "2306", "NM_RGINT": "Sobral", "CD_RGI": "230016", "NM_RGI": "São Benedito - Ipu - Guaraciaba do Norte - Tianguá", "CD_CONCURB": null, "NM_CONCURB": null, "Areapopulacional_CD_SIT": 1, "Areapopulacional_CD_TIPO": 0, "Areapopulacional_v0001": 797, "Areapopulacional_v0002": 297, "Areapopulacional_v0003": 297, "Areapopulacional_v0004": 0, "Areapopulacional_v0005": 3.4, "Areapopulacional_v0006": 0.0043, "Areapopulacional_v0007": 233, "Areapopulacional_AREA_DOMICILIADA_KM2": 0.083826524, "Areapopulacional_AREA_KM2": 0.083826524, "Areapopulacional_DENSIDADE_DEMOGRAFICA_DOMICILIADA_HAB_KM2": 9507.730494, "Areapopulacional_DENSIDADE_DEMOGRAFICA_SETOR_HAB_KM2": 9507.730494, "teste200(2)_fid": 59575, "teste200(2)_CD_SIT": 1, "teste200(2)_CD_TIPO": 0, "teste200(2)_v0001": 797, "teste200(2)_v0002": 297, "teste200(2)_v0003": 297, "teste200(2)_v0004": 0, "teste200(2)_v0005": 3.4, "teste200(2)_v0006": 0.0043, "teste200(2)_v0007": 233, "teste200(2)_AREA_DOMICILIADA_KM2": 0.083826524, "teste200(2)_AREA_KM2": 0.083826524, "teste200(2)_DENSIDADE_DEMOGRAFICA_DOMICILIADA_HAB_KM2": 9507.730494, "teste200(2)_DENSIDADE_DEMOGRAFICA_SETOR_HAB_KM2": 9507.730494, "teste200(2)_V00111SISTEMAGERALÁGUA": 231, "teste200(2)_V00112POÇO": null, "teste200(2)_V00113POÇORASO": 0, "teste200(2)_V00114NASCENTE,FONTE": 0, "teste200(2)_V00115CARROPIPA": 0, "teste200(2)_V00116CHUVA": 0, "teste200(2)_V00117RIOS,AÇUDES,CORREGOS": 0, "teste200(2)_V00118OUTRAFORMA": 0 }, "geometry": { "type": "MultiPolygon", "coordinates": [ [ [ [ -40.998095899999953, -3.736288899999977 ], [ -40.998325099999931, -3.737311599999941 ], [ -40.998627, -3.737954699999932 ], [ -40.998760399999981, -3.738056899999947 ], [ -40.998886199999959, -3.737996199999941 ], [ -40.999312099999941, -3.737738299999933 ], [ -40.999407099999985, -3.737680799999964 ], [ -41.000325699999962, -3.737013599999955 ], [ -41.001486399999976, -3.736108799999954 ], [ -41.001778499999944, -3.735872799999925 ], [ -41.001379, -3.735476 ], [ -41.001, -3.735084 ], [ -41.00063, -3.7347 ], [ -41.000313199999937, -3.734371299999964 ], [ -40.999124299999949, -3.735382199999947 ], [ -40.998095899999953, -3.736288899999977 ] ] ] ] } },
{ "type": "Feature", "properties": { "CD_SETOR": "231340105000121", "SITUACAO": "Urbana", "CD_SIT": "1", "CD_TIPO": "1", "AREA_KM2": 0.11027921430194899, "CD_REGIAO": "2", "NM_REGIAO": "Nordeste", "CD_UF": "23", "NM_UF": "Ceará", "CD_MUN": "2313401", "NM_MUN": "Tianguá", "CD_DIST": "231340105", "NM_DIST": "Tianguá", "CD_SUBDIST": "23134010500", "NM_SUBDIST": null, "CD_BAIRRO": "2313401006", "NM_BAIRRO": "Santo Antônio", "CD_NU": null, "NM_NU": null, "CD_FCU": "23134010001", "NM_FCU": "Terra Prometida", "CD_AGLOM": null, "NM_AGLOM": null, "CD_RGINT": "2306", "NM_RGINT": "Sobral", "CD_RGI": "230016", "NM_RGI": "São Benedito - Ipu - Guaraciaba do Norte - Tianguá", "CD_CONCURB": null, "NM_CONCURB": null, "Areapopulacional_CD_SIT": 1, "Areapopulacional_CD_TIPO": 1, "Areapopulacional_v0001": 929, "Areapopulacional_v0002": 393, "Areapopulacional_v0003": 393, "Areapopulacional_v0004": 0, "Areapopulacional_v0005": 3.5, "Areapopulacional_v0006": 0.0301, "Areapopulacional_v0007": 266, "Areapopulacional_AREA_DOMICILIADA_KM2": 0.11027, "Areapopulacional_AREA_KM2": 0.110279214, "Areapopulacional_DENSIDADE_DEMOGRAFICA_DOMICILIADA_HAB_KM2": 8424.775551000001, "Areapopulacional_DENSIDADE_DEMOGRAFICA_SETOR_HAB_KM2": 8424.071625, "teste200(2)_fid": 223116, "teste200(2)_CD_SIT": 1, "teste200(2)_CD_TIPO": 1, "teste200(2)_v0001": 929, "teste200(2)_v0002": 393, "teste200(2)_v0003": 393, "teste200(2)_v0004": 0, "teste200(2)_v0005": 3.5, "teste200(2)_v0006": 0.0301, "teste200(2)_v0007": 266, "teste200(2)_AREA_DOMICILIADA_KM2": 0.11027, "teste200(2)_AREA_KM2": 0.110279214, "teste200(2)_DENSIDADE_DEMOGRAFICA_DOMICILIADA_HAB_KM2": 8424.775551000001, "teste200(2)_DENSIDADE_DEMOGRAFICA_SETOR_HAB_KM2": 8424.071625, "teste200(2)_V00111SISTEMAGERALÁGUA": 262, "teste200(2)_V00112POÇO": 0, "teste200(2)_V00113POÇORASO": 0, "teste200(2)_V00114NASCENTE,FONTE": 0, "teste200(2)_V00115CARROPIPA": 0, "teste200(2)_V00116CHUVA": 0, "teste200(2)_V00117RIOS,AÇUDES,CORREGOS": 0, "teste200(2)_V00118OUTRAFORMA": 4 }, "geometry": { "type": "MultiPolygon", "coordinates": [ [ [ [ -41.009293099999979, -3.730195899999956 ], [ -41.01005159999994, -3.731649399999981 ], [ -41.01265559999996, -3.730982399999959 ], [ -41.012072699999976, -3.729639499999962 ], [ -41.011835799999972, -3.729399299999955 ], [ -41.011082099999953, -3.727795 ], [ -41.010988299999951, -3.727832799999931 ], [ -41.008632599999942, -3.728782099999933 ], [ -41.008879399999955, -3.729330499999946 ], [ -41.009293099999979, -3.730195899999956 ] ] ] ] } },
{ "type": "Feature", "properties": { "CD_SETOR": "231340105000122", "SITUACAO": "Urbana", "CD_SIT": "2", "CD_TIPO": "0", "AREA_KM2": 0.31116254009385202, "CD_REGIAO": "2", "NM_REGIAO": "Nordeste", "CD_UF": "23", "NM_UF": "Ceará", "CD_MUN": "2313401", "NM_MUN": "Tianguá", "CD_DIST": "231340105", "NM_DIST": "Tianguá", "CD_SUBDIST": "23134010500", "NM_SUBDIST": null, "CD_BAIRRO": "2313401009", "NM_BAIRRO": "Cândido Xavier de Sá", "CD_NU": null, "NM_NU": null, "CD_FCU": null, "NM_FCU": null, "CD_AGLOM": null, "NM_AGLOM": null, "CD_RGINT": "2306", "NM_RGINT": "Sobral", "CD_RGI": "230016", "NM_RGI": "São Benedito - Ipu - Guaraciaba do Norte - Tianguá", "CD_CONCURB": null, "NM_CONCURB": null, "Areapopulacional_CD_SIT": 2, "Areapopulacional_CD_TIPO": 0, "Areapopulacional_v0001": 303, "Areapopulacional_v0002": 144, "Areapopulacional_v0003": 144, "Areapopulacional_v0004": 0, "Areapopulacional_v0005": 3.2, "Areapopulacional_v0006": 0.0, "Areapopulacional_v0007": 95, "Areapopulacional_AREA_DOMICILIADA_KM2": 0.24678, "Areapopulacional_AREA_KM2": 0.31116254, "Areapopulacional_DENSIDADE_DEMOGRAFICA_DOMICILIADA_HAB_KM2": 1227.814248, "Areapopulacional_DENSIDADE_DEMOGRAFICA_SETOR_HAB_KM2": 973.7676004, "teste200(2)_fid": 315410, "teste200(2)_CD_SIT": 2, "teste200(2)_CD_TIPO": 0, "teste200(2)_v0001": 303, "teste200(2)_v0002": 144, "teste200(2)_v0003": 144, "teste200(2)_v0004": 0, "teste200(2)_v0005": 3.2, "teste200(2)_v0006": 0.0, "teste200(2)_v0007": 95, "teste200(2)_AREA_DOMICILIADA_KM2": 0.24678, "teste200(2)_AREA_KM2": 0.31116254, "teste200(2)_DENSIDADE_DEMOGRAFICA_DOMICILIADA_HAB_KM2": 1227.814248, "teste200(2)_DENSIDADE_DEMOGRAFICA_SETOR_HAB_KM2": 973.7676004, "teste200(2)_V00111SISTEMAGERALÁGUA": 89, "teste200(2)_V00112POÇO": 3, "teste200(2)_V00113POÇORASO": 3, "teste200(2)_V00114NASCENTE,FONTE": 0, "teste200(2)_V00115CARROPIPA": 0, "teste200(2)_V00116CHUVA": 0, "teste200(2)_V00117RIOS,AÇUDES,CORREGOS": 0, "teste200(2)_V00118OUTRAFORMA": 0 }, "geometry": { "type": "MultiPolygon", "coordinates": [ [ [ [ -40.991425, -3.735723 ], [ -40.991418, -3.735788 ], [ -40.991345, -3.736299 ], [ -40.991232699999955, -3.737301499999944 ], [ -40.991318399999955, -3.737326699999926 ], [ -40.992086399999948, -3.737681599999974 ], [ -40.992409799999962, -3.737898499999972 ], [ -40.993206899999961, -3.738281299999926 ], [ -40.993954299999984, -3.738552599999935 ], [ -40.994527299999959, -3.739040799999941 ], [ -40.994678699999952, -3.739275799999973 ], [ -40.99535579999997, -3.740303 ], [ -40.996080199999938, -3.741344699999956 ], [ -40.996383899999955, -3.741743499999927 ], [ -40.996850599999959, -3.742356199999961 ], [ -40.998152599999969, -3.741903499999978 ], [ -40.999674, -3.74211 ], [ -41.000772, -3.741608 ], [ -41.001687, -3.74138 ], [ -41.002144, -3.741152 ], [ -41.002828, -3.740289 ], [ -41.002275, -3.740374 ], [ -41.001934, -3.740374 ], [ -41.00138, -3.740438 ], [ -41.001167, -3.740608 ], [ -41.001017, -3.740651 ], [ -41.000698, -3.740629 ], [ -41.000464, -3.740332 ], [ -41.000037, -3.74031 ], [ -40.999611, -3.740119 ], [ -40.999334, -3.740034 ], [ -40.999015, -3.740034 ], [ -40.998141, -3.739821 ], [ -40.997843, -3.739545 ], [ -40.997395, -3.739417 ], [ -40.997076, -3.73912 ], [ -40.996947299999931, -3.738841399999956 ], [ -40.996671, -3.738332899999932 ], [ -40.996351, -3.738057 ], [ -40.996032, -3.737674 ], [ -40.995947, -3.737375899999961 ], [ -40.995627, -3.737185 ], [ -40.99535, -3.736992899999962 ], [ -40.995243, -3.736802 ], [ -40.995137, -3.736717 ], [ -40.994902899999943, -3.736717 ], [ -40.994604, -3.736546899999951 ], [ -40.994306, -3.736101 ], [ -40.994135, -3.735888 ], [ -40.993591, -3.735612 ], [ -40.993414, -3.735767 ], [ -40.993193, -3.735656 ], [ -40.993012, -3.735662 ], [ -40.992702, -3.735662 ], [ -40.992592, -3.735662 ], [ -40.99226, -3.735684 ], [ -40.992172, -3.735706 ], [ -40.991906, -3.735706 ], [ -40.991425, -3.735723 ] ] ] ] } },
{ "type": "Feature", "properties": { "CD_SETOR": "231340105000123", "SITUACAO": "Urbana", "CD_SIT": "1", "CD_TIPO": "0", "AREA_KM2": 0.28492503593393098, "CD_REGIAO": "2", "NM_REGIAO": "Nordeste", "CD_UF": "23", "NM_UF": "Ceará", "CD_MUN": "2313401", "NM_MUN": "Tianguá", "CD_DIST": "231340105", "NM_DIST": "Tianguá", "CD_SUBDIST": "23134010500", "NM_SUBDIST": null, "CD_BAIRRO": "2313401009", "NM_BAIRRO": "Cândido Xavier de Sá", "CD_NU": null, "NM_NU": null, "CD_FCU": null, "NM_FCU": null, "CD_AGLOM": null, "NM_AGLOM": null, "CD_RGINT": "2306", "NM_RGINT": "Sobral", "CD_RGI": "230016", "NM_RGI": "São Benedito - Ipu - Guaraciaba do Norte - Tianguá", "CD_CONCURB": null, "NM_CONCURB": null, "Areapopulacional_CD_SIT": 1, "Areapopulacional_CD_TIPO": 0, "Areapopulacional_v0001": 1355, "Areapopulacional_v0002": 517, "Areapopulacional_v0003": 517, "Areapopulacional_v0004": 0, "Areapopulacional_v0005": 3.2, "Areapopulacional_v0006": 0.0, "Areapopulacional_v0007": 425, "Areapopulacional_AREA_DOMICILIADA_KM2": 0.28492, "Areapopulacional_AREA_KM2": 0.284925036, "Areapopulacional_DENSIDADE_DEMOGRAFICA_DOMICILIADA_HAB_KM2": 4755.720904, "Areapopulacional_DENSIDADE_DEMOGRAFICA_SETOR_HAB_KM2": 4755.636849, "teste200(2)_fid": 163159, "teste200(2)_CD_SIT": 1, "teste200(2)_CD_TIPO": 0, "teste200(2)_v0001": 1355, "teste200(2)_v0002": 517, "teste200(2)_v0003": 517, "teste200(2)_v0004": 0, "teste200(2)_v0005": 3.2, "teste200(2)_v0006": 0.0, "teste200(2)_v0007": 425, "teste200(2)_AREA_DOMICILIADA_KM2": 0.28492, "teste200(2)_AREA_KM2": 0.284925036, "teste200(2)_DENSIDADE_DEMOGRAFICA_DOMICILIADA_HAB_KM2": 4755.720904, "teste200(2)_DENSIDADE_DEMOGRAFICA_SETOR_HAB_KM2": 4755.636849, "teste200(2)_V00111SISTEMAGERALÁGUA": 416, "teste200(2)_V00112POÇO": 4, "teste200(2)_V00113POÇORASO": 5, "teste200(2)_V00114NASCENTE,FONTE": 0, "teste200(2)_V00115CARROPIPA": 0, "teste200(2)_V00116CHUVA": 0, "teste200(2)_V00117RIOS,AÇUDES,CORREGOS": 0, "teste200(2)_V00118OUTRAFORMA": 0 }, "geometry": { "type": "MultiPolygon", "coordinates": [ [ [ [ -40.990037399999949, -3.74127969999995 ], [ -40.991117599999939, -3.741677099999947 ], [ -40.99129279999994, -3.741827299999954 ], [ -40.99227639999998, -3.744305899999972 ], [ -40.992439399999967, -3.744228299999975 ], [ -40.993148599999984, -3.743890699999952 ], [ -40.99410359999996, -3.743405099999961 ], [ -40.995272799999952, -3.742472299999974 ], [ -40.995709499999975, -3.742218099999945 ], [ -40.996271599999943, -3.741859499999975 ], [ -40.996383899999955, -3.741743499999927 ], [ -40.996080199999938, -3.741344699999956 ], [ -40.99535579999997, -3.740303 ], [ -40.994678699999952, -3.739275799999973 ], [ -40.994527299999959, -3.739040799999941 ], [ -40.993954299999984, -3.738552599999935 ], [ -40.993206899999961, -3.738281299999926 ], [ -40.992409799999962, -3.737898499999972 ], [ -40.992086399999948, -3.737681599999974 ], [ -40.991318399999955, -3.737326699999926 ], [ -40.991232699999955, -3.737301499999944 ], [ -40.991205, -3.737549 ], [ -40.991082, -3.738647 ], [ -40.990916, -3.739769 ], [ -40.990818, -3.739943 ], [ -40.99037, -3.740777 ], [ -40.990037399999949, -3.74127969999995 ] ] ] ] } },
{ "type": "Feature", "properties": { "CD_SETOR": "231340105000124", "SITUACAO": "Urbana", "CD_SIT": "1", "CD_TIPO": "0", "AREA_KM2": 0.18702715072514101, "CD_REGIAO": "2", "NM_REGIAO": "Nordeste", "CD_UF": "23", "NM_UF": "Ceará", "CD_MUN": "2313401", "NM_MUN": "Tianguá", "CD_DIST": "231340105", "NM_DIST": "Tianguá", "CD_SUBDIST": "23134010500", "NM_SUBDIST": null, "CD_BAIRRO": "2313401009", "NM_BAIRRO": "Cândido Xavier de Sá", "CD_NU": null, "NM_NU": null, "CD_FCU": null, "NM_FCU": null, "CD_AGLOM": null, "NM_AGLOM": null, "CD_RGINT": "2306", "NM_RGINT": "Sobral", "CD_RGI": "230016", "NM_RGI": "São Benedito - Ipu - Guaraciaba do Norte - Tianguá", "CD_CONCURB": null, "NM_CONCURB": null, "Areapopulacional_CD_SIT": 1, "Areapopulacional_CD_TIPO": 0, "Areapopulacional_v0001": 987, "Areapopulacional_v0002": 396, "Areapopulacional_v0003": 395, "Areapopulacional_v0004": 1, "Areapopulacional_v0005": 3.0, "Areapopulacional_v0006": 0.0062, "Areapopulacional_v0007": 324, "Areapopulacional_AREA_DOMICILIADA_KM2": 0.187027151, "Areapopulacional_AREA_KM2": 0.187027151, "Areapopulacional_DENSIDADE_DEMOGRAFICA_DOMICILIADA_HAB_KM2": 5277.308648, "Areapopulacional_DENSIDADE_DEMOGRAFICA_SETOR_HAB_KM2": 5277.308648, "teste200(2)_fid": 96861, "teste200(2)_CD_SIT": 1, "teste200(2)_CD_TIPO": 0, "teste200(2)_v0001": 987, "teste200(2)_v0002": 396, "teste200(2)_v0003": 395, "teste200(2)_v0004": 1, "teste200(2)_v0005": 3.0, "teste200(2)_v0006": 0.0062, "teste200(2)_v0007": 324, "teste200(2)_AREA_DOMICILIADA_KM2": 0.187027151, "teste200(2)_AREA_KM2": 0.187027151, "teste200(2)_DENSIDADE_DEMOGRAFICA_DOMICILIADA_HAB_KM2": 5277.308648, "teste200(2)_DENSIDADE_DEMOGRAFICA_SETOR_HAB_KM2": 5277.308648, "teste200(2)_V00111SISTEMAGERALÁGUA": 319, "teste200(2)_V00112POÇO": 5, "teste200(2)_V00113POÇORASO": 0, "teste200(2)_V00114NASCENTE,FONTE": 0, "teste200(2)_V00115CARROPIPA": 0, "teste200(2)_V00116CHUVA": 0, "teste200(2)_V00117RIOS,AÇUDES,CORREGOS": 0, "teste200(2)_V00118OUTRAFORMA": 0 }, "geometry": { "type": "MultiPolygon", "coordinates": [ [ [ [ -40.987668099999951, -3.744952 ], [ -40.98718839999998, -3.745603099999926 ], [ -40.986185299999931, -3.747079299999939 ], [ -40.985935499999982, -3.74753069999997 ], [ -40.985757599999943, -3.747808099999929 ], [ -40.987012099999959, -3.747533499999975 ], [ -40.98743369999994, -3.747320299999956 ], [ -40.987632299999973, -3.746748499999967 ], [ -40.98787939999994, -3.746346299999971 ], [ -40.988364, -3.746128299999953 ], [ -40.989098299999966, -3.745989599999973 ], [ -40.989990599999942, -3.745530599999938 ], [ -40.990961199999958, -3.745031399999959 ], [ -40.992155799999978, -3.744407199999955 ], [ -40.99227639999998, -3.744305899999972 ], [ -40.99129279999994, -3.741827299999954 ], [ -40.991117599999939, -3.741677099999947 ], [ -40.990037399999949, -3.74127969999995 ], [ -40.98979479999997, -3.741659199999958 ], [ -40.989221, -3.74262 ], [ -40.989023, -3.742899 ], [ -40.988817, -3.743188 ], [ -40.988479899999959, -3.743724899999961 ], [ -40.988093499999934, -3.744301199999938 ], [ -40.987668099999951, -3.744952 ] ] ] ] } },
{ "type": "Feature", "properties": { "CD_SETOR": "231340105000126", "SITUACAO": "Rural", "CD_SIT": "8", "CD_TIPO": "0", "AREA_KM2": 6.7785001894150261, "CD_REGIAO": "2", "NM_REGIAO": "Nordeste", "CD_UF": "23", "NM_UF": "Ceará", "CD_MUN": "2313401", "NM_MUN": "Tianguá", "CD_DIST": "231340105", "NM_DIST": "Tianguá", "CD_SUBDIST": "23134010500", "NM_SUBDIST": null, "CD_BAIRRO": "2313401016", "NM_BAIRRO": "Gaioso Nunes", "CD_NU": null, "NM_NU": null, "CD_FCU": null, "NM_FCU": null, "CD_AGLOM": null, "NM_AGLOM": null, "CD_RGINT": "2306", "NM_RGINT": "Sobral", "CD_RGI": "230016", "NM_RGI": "São Benedito - Ipu - Guaraciaba do Norte - Tianguá", "CD_CONCURB": null, "NM_CONCURB": null, "Areapopulacional_CD_SIT": null, "Areapopulacional_CD_TIPO": null, "Areapopulacional_v0001": null, "Areapopulacional_v0002": null, "Areapopulacional_v0003": null, "Areapopulacional_v0004": null, "Areapopulacional_v0005": null, "Areapopulacional_v0006": null, "Areapopulacional_v0007": null, "Areapopulacional_AREA_DOMICILIADA_KM2": null, "Areapopulacional_AREA_KM2": null, "Areapopulacional_DENSIDADE_DEMOGRAFICA_DOMICILIADA_HAB_KM2": null, "Areapopulacional_DENSIDADE_DEMOGRAFICA_SETOR_HAB_KM2": null, "teste200(2)_fid": null, "teste200(2)_CD_SIT": null, "teste200(2)_CD_TIPO": null, "teste200(2)_v0001": null, "teste200(2)_v0002": null, "teste200(2)_v0003": null, "teste200(2)_v0004": null, "teste200(2)_v0005": null, "teste200(2)_v0006": null, "teste200(2)_v0007": null, "teste200(2)_AREA_DOMICILIADA_KM2": null, "teste200(2)_AREA_KM2": null, "teste200(2)_DENSIDADE_DEMOGRAFICA_DOMICILIADA_HAB_KM2": null, "teste200(2)_DENSIDADE_DEMOGRAFICA_SETOR_HAB_KM2": null, "teste200(2)_V00111SISTEMAGERALÁGUA": null, "teste200(2)_V00112POÇO": null, "teste200(2)_V00113POÇORASO": null, "teste200(2)_V00114NASCENTE,FONTE": null, "teste200(2)_V00115CARROPIPA": null, "teste200(2)_V00116CHUVA": null, "teste200(2)_V00117RIOS,AÇUDES,CORREGOS": null, "teste200(2)_V00118OUTRAFORMA": null }, "geometry": { "type": "MultiPolygon", "coordinates": [ [ [ [ -41.023953699999936, -3.730757099999948 ], [ -41.023927399999934, -3.730796599999962 ], [ -41.017434, -3.738732 ], [ -41.013126, -3.742207899999926 ], [ -41.012992899999972, -3.74231519999995 ], [ -41.01317279999995, -3.744298699999945 ], [ -41.013173599999959, -3.744308099999955 ], [ -41.012252199999978, -3.74573259999994 ], [ -41.011194899999964, -3.746339099999943 ], [ -41.032460599999979, -3.765386 ], [ -41.040848099999948, -3.751355499999931 ], [ -41.03620959999995, -3.742984099999944 ], [ -41.029461, -3.730733499999928 ], [ -41.029333599999973, -3.730502299999955 ], [ -41.026684499999931, -3.730864099999962 ], [ -41.023953699999936, -3.730757099999948 ] ] ] ] } },
{ "type": "Feature", "properties": { "CD_SETOR": "231340105000127", "SITUACAO": "Rural", "CD_SIT": "8", "CD_TIPO": "0", "AREA_KM2": 3.4808750337157859, "CD_REGIAO": "2", "NM_REGIAO": "Nordeste", "CD_UF": "23", "NM_UF": "Ceará", "CD_MUN": "2313401", "NM_MUN": "Tianguá", "CD_DIST": "231340105", "NM_DIST": "Tianguá", "CD_SUBDIST": "23134010500", "NM_SUBDIST": null, "CD_BAIRRO": "2313401017", "NM_BAIRRO": "Narciso Pessoa", "CD_NU": null, "NM_NU": null, "CD_FCU": null, "NM_FCU": null, "CD_AGLOM": null, "NM_AGLOM": null, "CD_RGINT": "2306", "NM_RGINT": "Sobral", "CD_RGI": "230016", "NM_RGI": "São Benedito - Ipu - Guaraciaba do Norte - Tianguá", "CD_CONCURB": null, "NM_CONCURB": null, "Areapopulacional_CD_SIT": null, "Areapopulacional_CD_TIPO": null, "Areapopulacional_v0001": null, "Areapopulacional_v0002": null, "Areapopulacional_v0003": null, "Areapopulacional_v0004": null, "Areapopulacional_v0005": null, "Areapopulacional_v0006": null, "Areapopulacional_v0007": null, "Areapopulacional_AREA_DOMICILIADA_KM2": null, "Areapopulacional_AREA_KM2": null, "Areapopulacional_DENSIDADE_DEMOGRAFICA_DOMICILIADA_HAB_KM2": null, "Areapopulacional_DENSIDADE_DEMOGRAFICA_SETOR_HAB_KM2": null, "teste200(2)_fid": null, "teste200(2)_CD_SIT": null, "teste200(2)_CD_TIPO": null, "teste200(2)_v0001": null, "teste200(2)_v0002": null, "teste200(2)_v0003": null, "teste200(2)_v0004": null, "teste200(2)_v0005": null, "teste200(2)_v0006": null, "teste200(2)_v0007": null, "teste200(2)_AREA_DOMICILIADA_KM2": null, "teste200(2)_AREA_KM2": null, "teste200(2)_DENSIDADE_DEMOGRAFICA_DOMICILIADA_HAB_KM2": null, "teste200(2)_DENSIDADE_DEMOGRAFICA_SETOR_HAB_KM2": null, "teste200(2)_V00111SISTEMAGERALÁGUA": null, "teste200(2)_V00112POÇO": null, "teste200(2)_V00113POÇORASO": null, "teste200(2)_V00114NASCENTE,FONTE": null, "teste200(2)_V00115CARROPIPA": null, "teste200(2)_V00116CHUVA": null, "teste200(2)_V00117RIOS,AÇUDES,CORREGOS": null, "teste200(2)_V00118OUTRAFORMA": null }, "geometry": { "type": "MultiPolygon", "coordinates": [ [ [ [ -41.010353899999984, -3.718741199999954 ], [ -41.010557799999958, -3.720661699999937 ], [ -41.010739299999955, -3.721055099999944 ], [ -41.011861499999952, -3.720652599999937 ], [ -41.012028699999973, -3.720592599999975 ], [ -41.017456899999956, -3.725062399999956 ], [ -41.023221699999965, -3.729841 ], [ -41.023820899999976, -3.730591 ], [ -41.023953699999936, -3.730757099999948 ], [ -41.026684499999931, -3.730864099999962 ], [ -41.029333599999973, -3.730502299999955 ], [ -41.029142699999966, -3.730159699999945 ], [ -41.027561599999956, -3.727322099999981 ], [ -41.028245899999945, -3.727323099999978 ], [ -41.029212799999982, -3.727355699999976 ], [ -41.030484199999933, -3.726834799999949 ], [ -41.031468299999972, -3.726491099999976 ], [ -41.03222169999998, -3.725774299999955 ], [ -41.032702499999971, -3.725404399999945 ], [ -41.034453599999949, -3.725545799999963 ], [ -41.036831499999948, -3.728863199999978 ], [ -41.03702149999998, -3.729128199999934 ], [ -41.039878599999952, -3.72865429999996 ], [ -41.043926, -3.727982899999972 ], [ -41.044530399999985, -3.720314899999948 ], [ -41.04349579999996, -3.720691299999942 ], [ -41.042329299999949, -3.721294199999932 ], [ -41.04109509999995, -3.722389199999952 ], [ -41.039905899999951, -3.72347179999997 ], [ -41.038321599999961, -3.724094499999978 ], [ -41.036840799999936, -3.724870799999962 ], [ -41.035854399999948, -3.725360499999965 ], [ -41.035484299999951, -3.724208899999951 ], [ -41.034877399999971, -3.723731199999975 ], [ -41.034022299999947, -3.723542299999963 ], [ -41.03386409999996, -3.723106799999925 ], [ -41.033976699999982, -3.722266499999932 ], [ -41.033773699999983, -3.721665899999948 ], [ -41.033144099999959, -3.721407499999941 ], [ -41.032706099999984, -3.721543399999973 ], [ -41.032613399999946, -3.721509599999933 ], [ -41.031877899999984, -3.721406099999967 ], [ -41.031393, -3.720963899999958 ], [ -41.030739, -3.720298299999968 ], [ -41.030302199999937, -3.719895599999973 ], [ -41.029809599999965, -3.719682599999942 ], [ -41.029622599999982, -3.719086699999934 ], [ -41.029435699999965, -3.718710499999929 ], [ -41.029089, -3.718242699999962 ], [ -41.028557599999942, -3.717867699999942 ], [ -41.02818069999995, -3.717138199999965 ], [ -41.027878, -3.716510199999959 ], [ -41.027549199999953, -3.715902399999948 ], [ -41.027040299999953, -3.715430799999979 ], [ -41.026097199999981, -3.715314399999954 ], [ -41.025229699999954, -3.715091599999937 ], [ -41.024377099999981, -3.714489499999956 ], [ -41.022531699999945, -3.713807299999928 ], [ -41.020292799999936, -3.713630199999955 ], [ -41.020114, -3.713919099999941 ], [ -41.019407699999931, -3.714777599999934 ], [ -41.018600799999945, -3.714876299999958 ], [ -41.017967899999974, -3.715074699999946 ], [ -41.017157499999939, -3.715316899999948 ], [ -41.016403099999934, -3.715375 ], [ -41.015078799999969, -3.715308499999935 ], [ -41.013666, -3.71577689999998 ], [ -41.012431099999958, -3.716264899999942 ], [ -41.012292399999978, -3.716894199999956 ], [ -41.011634, -3.718197399999951 ], [ -41.011148, -3.718714 ], [ -41.010954799999979, -3.718811399999936 ], [ -41.010756199999946, -3.71880989999994 ], [ -41.010353899999984, -3.718741199999954 ] ] ] ] } },
{ "type": "Feature", "properties": { "CD_SETOR": "231340105000128", "SITUACAO": "Rural", "CD_SIT": "5", "CD_TIPO": "0", "AREA_KM2": 0.78820303156318505, "CD_REGIAO": "2", "NM_REGIAO": "Nordeste", "CD_UF": "23", "NM_UF": "Ceará", "CD_MUN": "2313401", "NM_MUN": "Tianguá", "CD_DIST": "231340105", "NM_DIST": "Tianguá", "CD_SUBDIST": "23134010500", "NM_SUBDIST": null, "CD_BAIRRO": null, "NM_BAIRRO": null, "CD_NU": null, "NM_NU": null, "CD_FCU": null, "NM_FCU": null, "CD_AGLOM": "231340100014", "NM_AGLOM": "Sítio Veado Seco", "CD_RGINT": "2306", "NM_RGINT": "Sobral", "CD_RGI": "230016", "NM_RGI": "São Benedito - Ipu - Guaraciaba do Norte - Tianguá", "CD_CONCURB": null, "NM_CONCURB": null, "Areapopulacional_CD_SIT": null, "Areapopulacional_CD_TIPO": null, "Areapopulacional_v0001": null, "Areapopulacional_v0002": null, "Areapopulacional_v0003": null, "Areapopulacional_v0004": null, "Areapopulacional_v0005": null, "Areapopulacional_v0006": null, "Areapopulacional_v0007": null, "Areapopulacional_AREA_DOMICILIADA_KM2": null, "Areapopulacional_AREA_KM2": null, "Areapopulacional_DENSIDADE_DEMOGRAFICA_DOMICILIADA_HAB_KM2": null, "Areapopulacional_DENSIDADE_DEMOGRAFICA_SETOR_HAB_KM2": null, "teste200(2)_fid": null, "teste200(2)_CD_SIT": null, "teste200(2)_CD_TIPO": null, "teste200(2)_v0001": null, "teste200(2)_v0002": null, "teste200(2)_v0003": null, "teste200(2)_v0004": null, "teste200(2)_v0005": null, "teste200(2)_v0006": null, "teste200(2)_v0007": null, "teste200(2)_AREA_DOMICILIADA_KM2": null, "teste200(2)_AREA_KM2": null, "teste200(2)_DENSIDADE_DEMOGRAFICA_DOMICILIADA_HAB_KM2": null, "teste200(2)_DENSIDADE_DEMOGRAFICA_SETOR_HAB_KM2": null, "teste200(2)_V00111SISTEMAGERALÁGUA": null, "teste200(2)_V00112POÇO": null, "teste200(2)_V00113POÇORASO": null, "teste200(2)_V00114NASCENTE,FONTE": null, "teste200(2)_V00115CARROPIPA": null, "teste200(2)_V00116CHUVA": null, "teste200(2)_V00117RIOS,AÇUDES,CORREGOS": null, "teste200(2)_V00118OUTRAFORMA": null }, "geometry": { "type": "MultiPolygon", "coordinates": [ [ [ [ -40.996095, -3.776352499999973 ], [ -40.99587269999995, -3.776302099999953 ], [ -40.994466199999977, -3.776017699999954 ], [ -40.991171599999973, -3.775481 ], [ -40.987384899999938, -3.786185099999955 ], [ -40.99043759999995, -3.786934599999938 ], [ -40.993563399999971, -3.787373299999956 ], [ -40.996095, -3.776352499999973 ] ] ] ] } },
{ "type": "Feature", "properties": { "CD_SETOR": "231340105000129", "SITUACAO": "Rural", "CD_SIT": "8", "CD_TIPO": "0", "AREA_KM2": 9.1929862281995671, "CD_REGIAO": "2", "NM_REGIAO": "Nordeste", "CD_UF": "23", "NM_UF": "Ceará", "CD_MUN": "2313401", "NM_MUN": "Tianguá", "CD_DIST": "231340105", "NM_DIST": "Tianguá", "CD_SUBDIST": "23134010500", "NM_SUBDIST": null, "CD_BAIRRO": null, "NM_BAIRRO": null, "CD_NU": null, "NM_NU": null, "CD_FCU": null, "NM_FCU": null, "CD_AGLOM": null, "NM_AGLOM": null, "CD_RGINT": "2306", "NM_RGINT": "Sobral", "CD_RGI": "230016", "NM_RGI": "São Benedito - Ipu - Guaraciaba do Norte - Tianguá", "CD_CONCURB": null, "NM_CONCURB": null, "Areapopulacional_CD_SIT": null, "Areapopulacional_CD_TIPO": null, "Areapopulacional_v0001": null, "Areapopulacional_v0002": null, "Areapopulacional_v0003": null, "Areapopulacional_v0004": null, "Areapopulacional_v0005": null, "Areapopulacional_v0006": null, "Areapopulacional_v0007": null, "Areapopulacional_AREA_DOMICILIADA_KM2": null, "Areapopulacional_AREA_KM2": null, "Areapopulacional_DENSIDADE_DEMOGRAFICA_DOMICILIADA_HAB_KM2": null, "Areapopulacional_DENSIDADE_DEMOGRAFICA_SETOR_HAB_KM2": null, "teste200(2)_fid": null, "teste200(2)_CD_SIT": null, "teste200(2)_CD_TIPO": null, "teste200(2)_v0001": null, "teste200(2)_v0002": null, "teste200(2)_v0003": null, "teste200(2)_v0004": null, "teste200(2)_v0005": null, "teste200(2)_v0006": null, "teste200(2)_v0007": null, "teste200(2)_AREA_DOMICILIADA_KM2": null, "teste200(2)_AREA_KM2": null, "teste200(2)_DENSIDADE_DEMOGRAFICA_DOMICILIADA_HAB_KM2": null, "teste200(2)_DENSIDADE_DEMOGRAFICA_SETOR_HAB_KM2": null, "teste200(2)_V00111SISTEMAGERALÁGUA": null, "teste200(2)_V00112POÇO": null, "teste200(2)_V00113POÇORASO": null, "teste200(2)_V00114NASCENTE,FONTE": null, "teste200(2)_V00115CARROPIPA": null, "teste200(2)_V00116CHUVA": null, "teste200(2)_V00117RIOS,AÇUDES,CORREGOS": null, "teste200(2)_V00118OUTRAFORMA": null }, "geometry": { "type": "MultiPolygon", "coordinates": [ [ [ [ -40.996095, -3.776352499999973 ], [ -40.993563399999971, -3.787373299999956 ], [ -40.99043759999995, -3.786934599999938 ], [ -40.987384899999938, -3.786185099999955 ], [ -40.991171599999973, -3.775481 ], [ -40.990090199999941, -3.775304799999958 ], [ -40.97592949999995, -3.805486299999927 ], [ -40.982268499999975, -3.806017 ], [ -40.983437, -3.805914299999927 ], [ -40.988977299999931, -3.80542829999996 ], [ -40.994826699999976, -3.803865899999948 ], [ -41.001587399999949, -3.800812699999938 ], [ -41.007204899999977, -3.798563199999933 ], [ -41.008883799999978, -3.797758199999976 ], [ -41.009301799999946, -3.797557299999937 ], [ -41.013047899999947, -3.785836199999949 ], [ -41.011046799999974, -3.769528799999932 ], [ -41.007516799999962, -3.771629599999926 ], [ -41.005177699999933, -3.770624199999929 ], [ -41.004607199999953, -3.771694099999934 ], [ -41.004586099999983, -3.771774799999946 ], [ -41.003600399999982, -3.771742499999959 ], [ -41.002529199999969, -3.771843 ], [ -41.001821499999949, -3.772786799999949 ], [ -41.001059399999974, -3.773866699999928 ], [ -41.000218599999982, -3.774949799999945 ], [ -40.999298, -3.776041199999952 ], [ -40.998294499999929, -3.77664969999995 ], [ -40.997929, -3.77676809999997 ], [ -40.996095, -3.776352499999973 ] ] ] ] } },
{ "type": "Feature", "properties": { "CD_SETOR": "231340105000130", "SITUACAO": "Rural", "CD_SIT": "5", "CD_TIPO": "0", "AREA_KM2": 0.118994306229045, "CD_REGIAO": "2", "NM_REGIAO": "Nordeste", "CD_UF": "23", "NM_UF": "Ceará", "CD_MUN": "2313401", "NM_MUN": "Tianguá", "CD_DIST": "231340105", "NM_DIST": "Tianguá", "CD_SUBDIST": "23134010500", "NM_SUBDIST": null, "CD_BAIRRO": null, "NM_BAIRRO": null, "CD_NU": null, "NM_NU": null, "CD_FCU": null, "NM_FCU": null, "CD_AGLOM": "231340100011", "NM_AGLOM": "Acarape", "CD_RGINT": "2306", "NM_RGINT": "Sobral", "CD_RGI": "230016", "NM_RGI": "São Benedito - Ipu - Guaraciaba do Norte - Tianguá", "CD_CONCURB": null, "NM_CONCURB": null, "Areapopulacional_CD_SIT": null, "Areapopulacional_CD_TIPO": null, "Areapopulacional_v0001": null, "Areapopulacional_v0002": null, "Areapopulacional_v0003": null, "Areapopulacional_v0004": null, "Areapopulacional_v0005": null, "Areapopulacional_v0006": null, "Areapopulacional_v0007": null, "Areapopulacional_AREA_DOMICILIADA_KM2": null, "Areapopulacional_AREA_KM2": null, "Areapopulacional_DENSIDADE_DEMOGRAFICA_DOMICILIADA_HAB_KM2": null, "Areapopulacional_DENSIDADE_DEMOGRAFICA_SETOR_HAB_KM2": null, "teste200(2)_fid": null, "teste200(2)_CD_SIT": null, "teste200(2)_CD_TIPO": null, "teste200(2)_v0001": null, "teste200(2)_v0002": null, "teste200(2)_v0003": null, "teste200(2)_v0004": null, "teste200(2)_v0005": null, "teste200(2)_v0006": null, "teste200(2)_v0007": null, "teste200(2)_AREA_DOMICILIADA_KM2": null, "teste200(2)_AREA_KM2": null, "teste200(2)_DENSIDADE_DEMOGRAFICA_DOMICILIADA_HAB_KM2": null, "teste200(2)_DENSIDADE_DEMOGRAFICA_SETOR_HAB_KM2": null, "teste200(2)_V00111SISTEMAGERALÁGUA": null, "teste200(2)_V00112POÇO": null, "teste200(2)_V00113POÇORASO": null, "teste200(2)_V00114NASCENTE,FONTE": null, "teste200(2)_V00115CARROPIPA": null, "teste200(2)_V00116CHUVA": null, "teste200(2)_V00117RIOS,AÇUDES,CORREGOS": null, "teste200(2)_V00118OUTRAFORMA": null }, "geometry": { "type": "MultiPolygon", "coordinates": [ [ [ [ -40.966972599999963, -3.66949169999998 ], [ -40.967047699999966, -3.670219699999961 ], [ -40.967165799999975, -3.670780499999978 ], [ -40.967478599999936, -3.671767399999965 ], [ -40.967549299999973, -3.672173099999952 ], [ -40.967271899999957, -3.672541499999966 ], [ -40.967719699999975, -3.673039599999925 ], [ -40.967189499999961, -3.673751299999935 ], [ -40.966978099999949, -3.673793399999965 ], [ -40.967633299999932, -3.674363399999947 ], [ -40.968131399999947, -3.674871699999926 ], [ -40.970113, -3.673812899999973 ], [ -40.967735399999981, -3.66880279999998 ], [ -40.967567, -3.668927699999927 ], [ -40.967425799999944, -3.669063499999936 ], [ -40.967306299999962, -3.669226399999957 ], [ -40.967219399999976, -3.669345899999939 ], [ -40.967089099999953, -3.669465399999979 ], [ -40.966972599999963, -3.66949169999998 ] ] ] ] } },
{ "type": "Feature", "properties": { "CD_SETOR": "231340105000131", "SITUACAO": "Rural", "CD_SIT": "8", "CD_TIPO": "0", "AREA_KM2": 3.562286296074904, "CD_REGIAO": "2", "NM_REGIAO": "Nordeste", "CD_UF": "23", "NM_UF": "Ceará", "CD_MUN": "2313401", "NM_MUN": "Tianguá", "CD_DIST": "231340105", "NM_DIST": "Tianguá", "CD_SUBDIST": "23134010500", "NM_SUBDIST": null, "CD_BAIRRO": null, "NM_BAIRRO": null, "CD_NU": null, "NM_NU": null, "CD_FCU": null, "NM_FCU": null, "CD_AGLOM": null, "NM_AGLOM": null, "CD_RGINT": "2306", "NM_RGINT": "Sobral", "CD_RGI": "230016", "NM_RGI": "São Benedito - Ipu - Guaraciaba do Norte - Tianguá", "CD_CONCURB": null, "NM_CONCURB": null, "Areapopulacional_CD_SIT": null, "Areapopulacional_CD_TIPO": null, "Areapopulacional_v0001": null, "Areapopulacional_v0002": null, "Areapopulacional_v0003": null, "Areapopulacional_v0004": null, "Areapopulacional_v0005": null, "Areapopulacional_v0006": null, "Areapopulacional_v0007": null, "Areapopulacional_AREA_DOMICILIADA_KM2": null, "Areapopulacional_AREA_KM2": null, "Areapopulacional_DENSIDADE_DEMOGRAFICA_DOMICILIADA_HAB_KM2": null, "Areapopulacional_DENSIDADE_DEMOGRAFICA_SETOR_HAB_KM2": null, "teste200(2)_fid": null, "teste200(2)_CD_SIT": null, "teste200(2)_CD_TIPO": null, "teste200(2)_v0001": null, "teste200(2)_v0002": null, "teste200(2)_v0003": null, "teste200(2)_v0004": null, "teste200(2)_v0005": null, "teste200(2)_v0006": null, "teste200(2)_v0007": null, "teste200(2)_AREA_DOMICILIADA_KM2": null, "teste200(2)_AREA_KM2": null, "teste200(2)_DENSIDADE_DEMOGRAFICA_DOMICILIADA_HAB_KM2": null, "teste200(2)_DENSIDADE_DEMOGRAFICA_SETOR_HAB_KM2": null, "teste200(2)_V00111SISTEMAGERALÁGUA": null, "teste200(2)_V00112POÇO": null, "teste200(2)_V00113POÇORASO": null, "teste200(2)_V00114NASCENTE,FONTE": null, "teste200(2)_V00115CARROPIPA": null, "teste200(2)_V00116CHUVA": null, "teste200(2)_V00117RIOS,AÇUDES,CORREGOS": null, "teste200(2)_V00118OUTRAFORMA": null }, "geometry": { "type": "MultiPolygon", "coordinates": [ [ [ [ -40.966936899999951, -3.669145 ], [ -40.966972599999963, -3.66949169999998 ], [ -40.967089099999953, -3.669465399999979 ], [ -40.967219399999976, -3.669345899999939 ], [ -40.967306299999962, -3.669226399999957 ], [ -40.967425799999944, -3.669063499999936 ], [ -40.967567, -3.668927699999927 ], [ -40.967735399999981, -3.66880279999998 ], [ -40.970113, -3.673812899999973 ], [ -40.971915599999932, -3.675998599999957 ], [ -40.97321409999995, -3.675369799999942 ], [ -40.977352799999949, -3.673360499999944 ], [ -40.978780699999959, -3.673441099999934 ], [ -40.98068, -3.67274459999993 ], [ -40.986133, -3.67043259999997 ], [ -40.988546399999962, -3.669702499999971 ], [ -40.991482599999983, -3.668874199999948 ], [ -40.994354899999962, -3.668620799999928 ], [ -40.995407599999965, -3.668656099999964 ], [ -40.995087699999942, -3.668121599999949 ], [ -40.994741099999942, -3.667384099999936 ], [ -40.994255, -3.665056599999957 ], [ -40.993841499999974, -3.664340099999947 ], [ -40.99303679999997, -3.663536099999931 ], [ -40.992533899999955, -3.663268899999935 ], [ -40.991831499999932, -3.663159299999961 ], [ -40.990025599999967, -3.66316269999993 ], [ -40.989389, -3.662984399999971 ], [ -40.988339499999938, -3.662360299999932 ], [ -40.987513399999955, -3.661600899999939 ], [ -40.986687099999983, -3.66128939999993 ], [ -40.986500799999931, -3.661344099999951 ], [ -40.982105299999944, -3.658096499999942 ], [ -40.981312899999978, -3.657399199999929 ], [ -40.980393699999979, -3.656701899999973 ], [ -40.979379499999936, -3.656068 ], [ -40.978618799999936, -3.655402399999957 ], [ -40.977633399999945, -3.660156899999947 ], [ -40.974547799999982, -3.662314799999933 ], [ -40.970037899999966, -3.662813799999981 ], [ -40.967340799999931, -3.664944499999933 ], [ -40.966692299999977, -3.667661199999941 ], [ -40.966602399999942, -3.668485799999928 ], [ -40.966936899999951, -3.669145 ] ] ] ] } },
{ "type": "Feature", "properties": { "CD_SETOR": "231340105000132", "SITUACAO": "Rural", "CD_SIT": "5", "CD_TIPO": "0", "AREA_KM2": 0.065421535477052997, "CD_REGIAO": "2", "NM_REGIAO": "Nordeste", "CD_UF": "23", "NM_UF": "Ceará", "CD_MUN": "2313401", "NM_MUN": "Tianguá", "CD_DIST": "231340105", "NM_DIST": "Tianguá", "CD_SUBDIST": "23134010500", "NM_SUBDIST": null, "CD_BAIRRO": null, "NM_BAIRRO": null, "CD_NU": null, "NM_NU": null, "CD_FCU": null, "NM_FCU": null, "CD_AGLOM": "231340100011", "NM_AGLOM": "Acarape", "CD_RGINT": "2306", "NM_RGINT": "Sobral", "CD_RGI": "230016", "NM_RGI": "São Benedito - Ipu - Guaraciaba do Norte - Tianguá", "CD_CONCURB": null, "NM_CONCURB": null, "Areapopulacional_CD_SIT": null, "Areapopulacional_CD_TIPO": null, "Areapopulacional_v0001": null, "Areapopulacional_v0002": null, "Areapopulacional_v0003": null, "Areapopulacional_v0004": null, "Areapopulacional_v0005": null, "Areapopulacional_v0006": null, "Areapopulacional_v0007": null, "Areapopulacional_AREA_DOMICILIADA_KM2": null, "Areapopulacional_AREA_KM2": null, "Areapopulacional_DENSIDADE_DEMOGRAFICA_DOMICILIADA_HAB_KM2": null, "Areapopulacional_DENSIDADE_DEMOGRAFICA_SETOR_HAB_KM2": null, "teste200(2)_fid": null, "teste200(2)_CD_SIT": null, "teste200(2)_CD_TIPO": null, "teste200(2)_v0001": null, "teste200(2)_v0002": null, "teste200(2)_v0003": null, "teste200(2)_v0004": null, "teste200(2)_v0005": null, "teste200(2)_v0006": null, "teste200(2)_v0007": null, "teste200(2)_AREA_DOMICILIADA_KM2": null, "teste200(2)_AREA_KM2": null, "teste200(2)_DENSIDADE_DEMOGRAFICA_DOMICILIADA_HAB_KM2": null, "teste200(2)_DENSIDADE_DEMOGRAFICA_SETOR_HAB_KM2": null, "teste200(2)_V00111SISTEMAGERALÁGUA": null, "teste200(2)_V00112POÇO": null, "teste200(2)_V00113POÇORASO": null, "teste200(2)_V00114NASCENTE,FONTE": null, "teste200(2)_V00115CARROPIPA": null, "teste200(2)_V00116CHUVA": null, "teste200(2)_V00117RIOS,AÇUDES,CORREGOS": null, "teste200(2)_V00118OUTRAFORMA": null }, "geometry": { "type": "MultiPolygon", "coordinates": [ [ [ [ -40.965368299999966, -3.672263599999951 ], [ -40.966464299999984, -3.673447599999974 ], [ -40.966978099999949, -3.673793399999965 ], [ -40.967189499999961, -3.673751299999935 ], [ -40.967719699999975, -3.673039599999925 ], [ -40.967271899999957, -3.672541499999966 ], [ -40.967549299999973, -3.672173099999952 ], [ -40.967478599999936, -3.671767399999965 ], [ -40.967165799999975, -3.670780499999978 ], [ -40.967047699999966, -3.670219699999961 ], [ -40.966972599999963, -3.66949169999998 ], [ -40.966936899999951, -3.669145 ], [ -40.965368299999966, -3.672263599999951 ] ] ] ] } },
{ "type": "Feature", "properties": { "CD_SETOR": "231340105000133", "SITUACAO": "Rural", "CD_SIT": "8", "CD_TIPO": "0", "AREA_KM2": 23.282773732109199, "CD_REGIAO": "2", "NM_REGIAO": "Nordeste", "CD_UF": "23", "NM_UF": "Ceará", "CD_MUN": "2313401", "NM_MUN": "Tianguá", "CD_DIST": "231340105", "NM_DIST": "Tianguá", "CD_SUBDIST": "23134010500", "NM_SUBDIST": null, "CD_BAIRRO": null, "NM_BAIRRO": null, "CD_NU": null, "NM_NU": null, "CD_FCU": null, "NM_FCU": null, "CD_AGLOM": null, "NM_AGLOM": null, "CD_RGINT": "2306", "NM_RGINT": "Sobral", "CD_RGI": "230016", "NM_RGI": "São Benedito - Ipu - Guaraciaba do Norte - Tianguá", "CD_CONCURB": null, "NM_CONCURB": null, "Areapopulacional_CD_SIT": null, "Areapopulacional_CD_TIPO": null, "Areapopulacional_v0001": null, "Areapopulacional_v0002": null, "Areapopulacional_v0003": null, "Areapopulacional_v0004": null, "Areapopulacional_v0005": null, "Areapopulacional_v0006": null, "Areapopulacional_v0007": null, "Areapopulacional_AREA_DOMICILIADA_KM2": null, "Areapopulacional_AREA_KM2": null, "Areapopulacional_DENSIDADE_DEMOGRAFICA_DOMICILIADA_HAB_KM2": null, "Areapopulacional_DENSIDADE_DEMOGRAFICA_SETOR_HAB_KM2": null, "teste200(2)_fid": null, "teste200(2)_CD_SIT": null, "teste200(2)_CD_TIPO": null, "teste200(2)_v0001": null, "teste200(2)_v0002": null, "teste200(2)_v0003": null, "teste200(2)_v0004": null, "teste200(2)_v0005": null, "teste200(2)_v0006": null, "teste200(2)_v0007": null, "teste200(2)_AREA_DOMICILIADA_KM2": null, "teste200(2)_AREA_KM2": null, "teste200(2)_DENSIDADE_DEMOGRAFICA_DOMICILIADA_HAB_KM2": null, "teste200(2)_DENSIDADE_DEMOGRAFICA_SETOR_HAB_KM2": null, "teste200(2)_V00111SISTEMAGERALÁGUA": null, "teste200(2)_V00112POÇO": null, "teste200(2)_V00113POÇORASO": null, "teste200(2)_V00114NASCENTE,FONTE": null, "teste200(2)_V00115CARROPIPA": null, "teste200(2)_V00116CHUVA": null, "teste200(2)_V00117RIOS,AÇUDES,CORREGOS": null, "teste200(2)_V00118OUTRAFORMA": null }, "geometry": { "type": "MultiPolygon", "coordinates": [ [ [ [ -40.938721, -3.648013399999968 ], [ -40.93122429999994, -3.65310889999995 ], [ -40.931253, -3.653326599999957 ], [ -40.931753199999946, -3.653705899999977 ], [ -40.93250269999993, -3.653847599999949 ], [ -40.932811699999945, -3.653820199999927 ], [ -40.932815599999969, -3.653819899999974 ], [ -40.933312899999976, -3.653703299999961 ], [ -40.933574699999951, -3.653760699999964 ], [ -40.933703799999932, -3.653928699999938 ], [ -40.93371529999996, -3.653943799999979 ], [ -40.934024399999942, -3.654496799999947 ], [ -40.934001499999965, -3.654824599999927 ], [ -40.933520199999975, -3.655570599999976 ], [ -40.93366919999994, -3.655897699999969 ], [ -40.933849799999962, -3.656110299999966 ], [ -40.935954199999969, -3.657043899999962 ], [ -40.936063099999956, -3.657212899999934 ], [ -40.93648289999993, -3.659136199999978 ], [ -40.936604099999954, -3.659417 ], [ -40.93690289999995, -3.659556299999963 ], [ -40.937344399999972, -3.659498299999939 ], [ -40.937772, -3.65946839999998 ], [ -40.937837199999933, -3.659463799999969 ], [ -40.939676599999984, -3.659625799999958 ], [ -40.939782899999955, -3.660127899999964 ], [ -40.940090399999974, -3.661790399999973 ], [ -40.940731699999958, -3.661628299999961 ], [ -40.942168899999956, -3.662165 ], [ -40.943558799999948, -3.663282299999935 ], [ -40.944511099999943, -3.662622599999963 ], [ -40.946462, -3.662230299999976 ], [ -40.948801199999934, -3.659606799999949 ], [ -40.949326199999973, -3.660528399999976 ], [ -40.950165199999958, -3.660379199999966 ], [ -40.951463699999977, -3.660323099999971 ], [ -40.951414299999954, -3.660714799999937 ], [ -40.951260899999966, -3.66137759999998 ], [ -40.950444799999957, -3.661870699999952 ], [ -40.948872299999948, -3.662881 ], [ -40.949504499999932, -3.663602699999956 ], [ -40.950277, -3.663529899999958 ], [ -40.951619299999948, -3.66313839999998 ], [ -40.952719299999956, -3.662896099999955 ], [ -40.954110799999967, -3.662651599999947 ], [ -40.954546299999947, -3.663194399999952 ], [ -40.954856899999982, -3.663765199999943 ], [ -40.95661309999997, -3.664116799999931 ], [ -40.957243, -3.664669799999956 ], [ -40.957167799999979, -3.666327799999976 ], [ -40.956974299999956, -3.666605499999946 ], [ -40.95622869999994, -3.666964099999973 ], [ -40.956000499999959, -3.667314499999975 ], [ -40.956704899999977, -3.668360599999971 ], [ -40.957144899999946, -3.669764899999961 ], [ -40.95797749999997, -3.669710899999927 ], [ -40.959234799999933, -3.669672899999966 ], [ -40.959357399999931, -3.670062199999961 ], [ -40.959500399999968, -3.670582199999956 ], [ -40.959426699999938, -3.670835899999929 ], [ -40.960085, -3.671090799999945 ], [ -40.960578099999964, -3.671199799999954 ], [ -40.961138699999935, -3.670915199999968 ], [ -40.961891299999934, -3.670865 ], [ -40.96257989999998, -3.671296799999936 ], [ -40.963345299999958, -3.672200499999974 ], [ -40.96374789999993, -3.672169599999961 ], [ -40.96463609999995, -3.672120899999925 ], [ -40.965328099999965, -3.672220299999935 ], [ -40.965368299999966, -3.672263599999951 ], [ -40.966936899999951, -3.669145 ], [ -40.966602399999942, -3.668485799999928 ], [ -40.966692299999977, -3.667661199999941 ], [ -40.967340799999931, -3.664944499999933 ], [ -40.970037899999966, -3.662813799999981 ], [ -40.974547799999982, -3.662314799999933 ], [ -40.977633399999945, -3.660156899999947 ], [ -40.978618799999936, -3.655402399999957 ], [ -40.978876599999978, -3.654017299999964 ], [ -40.979257299999972, -3.652790799999934 ], [ -40.978953299999944, -3.650073499999962 ], [ -40.980299799999955, -3.648705899999925 ], [ -40.984219399999972, -3.649033799999927 ], [ -40.985472499999958, -3.648453599999925 ], [ -40.987214, -3.646563199999946 ], [ -40.987292499999967, -3.645385 ], [ -40.987847099999954, -3.643732599999964 ], [ -40.987486899999965, -3.642553 ], [ -40.98698719999993, -3.640933899999936 ], [ -40.986706399999946, -3.639928699999928 ], [ -40.986467199999936, -3.638816399999939 ], [ -40.98728529999994, -3.635973099999944 ], [ -40.987294499999962, -3.635094199999969 ], [ -40.988144299999931, -3.633982099999969 ], [ -40.98882459999993, -3.633634599999937 ], [ -40.989478099999985, -3.633077 ], [ -40.989994399999944, -3.632429199999933 ], [ -40.990258, -3.631757499999935 ], [ -40.990254799999946, -3.629815299999962 ], [ -40.990102899999954, -3.629121 ], [ -40.989837399999942, -3.628682599999934 ], [ -40.988914099999931, -3.62792109999998 ], [ -40.988694199999941, -3.627504599999952 ], [ -40.988922599999967, -3.626464799999951 ], [ -40.990119, -3.623317099999952 ], [ -40.986473399999966, -3.622105099999942 ], [ -40.98369189999994, -3.621540899999957 ], [ -40.975597299999947, -3.61632179999998 ], [ -40.972083299999952, -3.614858199999958 ], [ -40.968651399999942, -3.61339449999997 ], [ -40.967577099999971, -3.612069099999928 ], [ -40.96644509999993, -3.612499199999945 ], [ -40.964302799999984, -3.613726199999974 ], [ -40.962736399999983, -3.615594299999941 ], [ -40.961430499999949, -3.618234599999937 ], [ -40.960569599999985, -3.620359399999927 ], [ -40.960221899999965, -3.62241819999997 ], [ -40.960256299999969, -3.623704799999928 ], [ -40.95977929999998, -3.624992199999951 ], [ -40.958659, -3.625768 ], [ -40.95722, -3.62647759999993 ], [ -40.95513909999994, -3.627254899999969 ], [ -40.952803299999971, -3.628288599999962 ], [ -40.950468199999932, -3.629579599999943 ], [ -40.948389499999962, -3.631195199999979 ], [ -40.946840699999939, -3.632996799999944 ], [ -40.945419299999969, -3.635284699999943 ], [ -40.944014799999934, -3.637572599999942 ], [ -40.942768299999955, -3.63989 ], [ -40.942227299999956, -3.641178099999934 ], [ -40.941991799999983, -3.642080599999929 ], [ -40.941147099999966, -3.64504119999998 ], [ -40.94054049999994, -3.64613449999996 ], [ -40.938721, -3.648013399999968 ] ] ] ] } },
{ "type": "Feature", "properties": { "CD_SETOR": "231340105000134", "SITUACAO": "Rural", "CD_SIT": "8", "CD_TIPO": "0", "AREA_KM2": 22.059808483574404, "CD_REGIAO": "2", "NM_REGIAO": "Nordeste", "CD_UF": "23", "NM_UF": "Ceará", "CD_MUN": "2313401", "NM_MUN": "Tianguá", "CD_DIST": "231340105", "NM_DIST": "Tianguá", "CD_SUBDIST": "23134010500", "NM_SUBDIST": null, "CD_BAIRRO": "2313401015", "NM_BAIRRO": "Vereador João Albuquerque", "CD_NU": null, "NM_NU": null, "CD_FCU": null, "NM_FCU": null, "CD_AGLOM": null, "NM_AGLOM": null, "CD_RGINT": "2306", "NM_RGINT": "Sobral", "CD_RGI": "230016", "NM_RGI": "São Benedito - Ipu - Guaraciaba do Norte - Tianguá", "CD_CONCURB": null, "NM_CONCURB": null, "Areapopulacional_CD_SIT": null, "Areapopulacional_CD_TIPO": null, "Areapopulacional_v0001": null, "Areapopulacional_v0002": null, "Areapopulacional_v0003": null, "Areapopulacional_v0004": null, "Areapopulacional_v0005": null, "Areapopulacional_v0006": null, "Areapopulacional_v0007": null, "Areapopulacional_AREA_DOMICILIADA_KM2": null, "Areapopulacional_AREA_KM2": null, "Areapopulacional_DENSIDADE_DEMOGRAFICA_DOMICILIADA_HAB_KM2": null, "Areapopulacional_DENSIDADE_DEMOGRAFICA_SETOR_HAB_KM2": null, "teste200(2)_fid": null, "teste200(2)_CD_SIT": null, "teste200(2)_CD_TIPO": null, "teste200(2)_v0001": null, "teste200(2)_v0002": null, "teste200(2)_v0003": null, "teste200(2)_v0004": null, "teste200(2)_v0005": null, "teste200(2)_v0006": null, "teste200(2)_v0007": null, "teste200(2)_AREA_DOMICILIADA_KM2": null, "teste200(2)_AREA_KM2": null, "teste200(2)_DENSIDADE_DEMOGRAFICA_DOMICILIADA_HAB_KM2": null, "teste200(2)_DENSIDADE_DEMOGRAFICA_SETOR_HAB_KM2": null, "teste200(2)_V00111SISTEMAGERALÁGUA": null, "teste200(2)_V00112POÇO": null, "teste200(2)_V00113POÇORASO": null, "teste200(2)_V00114NASCENTE,FONTE": null, "teste200(2)_V00115CARROPIPA": null, "teste200(2)_V00116CHUVA": null, "teste200(2)_V00117RIOS,AÇUDES,CORREGOS": null, "teste200(2)_V00118OUTRAFORMA": null }, "geometry": { "type": "MultiPolygon", "coordinates": [ [ [ [ -41.002905599999963, -3.75236979999994 ], [ -41.002835199999936, -3.752421099999935 ], [ -41.002751199999977, -3.752482199999974 ], [ -40.998045499999932, -3.755907199999967 ], [ -40.998031499999968, -3.75591739999993 ], [ -40.976660099999947, -3.771472699999947 ], [ -40.976217299999973, -3.772749799999929 ], [ -40.974393299999974, -3.777905499999974 ], [ -40.970906499999955, -3.787488199999927 ], [ -40.962527899999941, -3.801391799999976 ], [ -40.966960399999948, -3.803988 ], [ -40.97492879999993, -3.805402499999957 ], [ -40.97592949999995, -3.805486299999927 ], [ -40.990090199999941, -3.775304799999958 ], [ -40.991171599999973, -3.775481 ], [ -40.994466199999977, -3.776017699999954 ], [ -40.99587269999995, -3.776302099999953 ], [ -40.996095, -3.776352499999973 ], [ -40.997929, -3.77676809999997 ], [ -40.998294499999929, -3.77664969999995 ], [ -40.999298, -3.776041199999952 ], [ -41.000218599999982, -3.774949799999945 ], [ -41.001059399999974, -3.773866699999928 ], [ -41.001821499999949, -3.772786799999949 ], [ -41.002529199999969, -3.771843 ], [ -41.003600399999982, -3.771742499999959 ], [ -41.004586099999983, -3.771774799999946 ], [ -41.004607199999953, -3.771694099999934 ], [ -41.005177699999933, -3.770624199999929 ], [ -41.007516799999962, -3.771629599999926 ], [ -41.011046799999974, -3.769528799999932 ], [ -41.013047899999947, -3.785836199999949 ], [ -41.009301799999946, -3.797557299999937 ], [ -41.008883799999978, -3.797758199999976 ], [ -41.025171199999932, -3.806143399999939 ], [ -41.03082059999997, -3.772001899999964 ], [ -41.032460599999979, -3.765386 ], [ -41.011194899999964, -3.746339099999943 ], [ -41.010754299999974, -3.746657099999936 ], [ -41.008499399999948, -3.748304299999972 ], [ -41.002905599999963, -3.75236979999994 ] ] ] ] } },
{ "type": "Feature", "properties": { "CD_SETOR": "231340105000135", "SITUACAO": "Rural", "CD_SIT": "8", "CD_TIPO": "0", "AREA_KM2": 7.1631680089045444, "CD_REGIAO": "2", "NM_REGIAO": "Nordeste", "CD_UF": "23", "NM_UF": "Ceará", "CD_MUN": "2313401", "NM_MUN": "Tianguá", "CD_DIST": "231340105", "NM_DIST": "Tianguá", "CD_SUBDIST": "23134010500", "NM_SUBDIST": null, "CD_BAIRRO": null, "NM_BAIRRO": null, "CD_NU": null, "NM_NU": null, "CD_FCU": null, "NM_FCU": null, "CD_AGLOM": null, "NM_AGLOM": null, "CD_RGINT": "2306", "NM_RGINT": "Sobral", "CD_RGI": "230016", "NM_RGI": "São Benedito - Ipu - Guaraciaba do Norte - Tianguá", "CD_CONCURB": null, "NM_CONCURB": null, "Areapopulacional_CD_SIT": null, "Areapopulacional_CD_TIPO": null, "Areapopulacional_v0001": null, "Areapopulacional_v0002": null, "Areapopulacional_v0003": null, "Areapopulacional_v0004": null, "Areapopulacional_v0005": null, "Areapopulacional_v0006": null, "Areapopulacional_v0007": null, "Areapopulacional_AREA_DOMICILIADA_KM2": null, "Areapopulacional_AREA_KM2": null, "Areapopulacional_DENSIDADE_DEMOGRAFICA_DOMICILIADA_HAB_KM2": null, "Areapopulacional_DENSIDADE_DEMOGRAFICA_SETOR_HAB_KM2": null, "teste200(2)_fid": null, "teste200(2)_CD_SIT": null, "teste200(2)_CD_TIPO": null, "teste200(2)_v0001": null, "teste200(2)_v0002": null, "teste200(2)_v0003": null, "teste200(2)_v0004": null, "teste200(2)_v0005": null, "teste200(2)_v0006": null, "teste200(2)_v0007": null, "teste200(2)_AREA_DOMICILIADA_KM2": null, "teste200(2)_AREA_KM2": null, "teste200(2)_DENSIDADE_DEMOGRAFICA_DOMICILIADA_HAB_KM2": null, "teste200(2)_DENSIDADE_DEMOGRAFICA_SETOR_HAB_KM2": null, "teste200(2)_V00111SISTEMAGERALÁGUA": null, "teste200(2)_V00112POÇO": null, "teste200(2)_V00113POÇORASO": null, "teste200(2)_V00114NASCENTE,FONTE": null, "teste200(2)_V00115CARROPIPA": null, "teste200(2)_V00116CHUVA": null, "teste200(2)_V00117RIOS,AÇUDES,CORREGOS": null, "teste200(2)_V00118OUTRAFORMA": null }, "geometry": { "type": "MultiPolygon", "coordinates": [ [ [ [ -41.025171199999932, -3.806143399999939 ], [ -41.030128599999955, -3.808696 ], [ -41.04697479999993, -3.81736989999996 ], [ -41.048981699999956, -3.812398099999939 ], [ -41.04862339999994, -3.811414299999967 ], [ -41.04912969999998, -3.810584 ], [ -41.049932399999932, -3.808834299999944 ], [ -41.050535399999944, -3.807615899999973 ], [ -41.05138919999996, -3.80684059999993 ], [ -41.051946, -3.805783 ], [ -41.05181129999994, -3.803872399999932 ], [ -41.052410399999985, -3.803526 ], [ -41.052704, -3.802893899999958 ], [ -41.052795899999978, -3.800969099999975 ], [ -41.052698899999939, -3.799950099999933 ], [ -41.052917299999933, -3.799066399999958 ], [ -41.053622799999971, -3.798822399999949 ], [ -41.054667699999982, -3.799000799999931 ], [ -41.056323799999973, -3.798441699999955 ], [ -41.057632099999978, -3.797720699999957 ], [ -41.059035399999971, -3.796668299999965 ], [ -41.059099, -3.795526099999961 ], [ -41.05870989999994, -3.794089699999972 ], [ -41.057540399999937, -3.792589799999973 ], [ -41.05833819999998, -3.790740899999946 ], [ -41.059709199999929, -3.789714899999979 ], [ -41.050594199999978, -3.781589899999972 ], [ -41.05209009999993, -3.793683499999929 ], [ -41.048335899999984, -3.795859399999927 ], [ -41.046782299999961, -3.796384299999943 ], [ -41.045215399999961, -3.79698929999995 ], [ -41.043081299999983, -3.799488799999949 ], [ -41.04244749999998, -3.799866 ], [ -41.041867399999944, -3.800434399999972 ], [ -41.040352799999937, -3.80122769999997 ], [ -41.038573299999939, -3.801842 ], [ -41.037357699999973, -3.801992499999926 ], [ -41.035673699999961, -3.801173099999971 ], [ -41.035409899999934, -3.800742199999945 ], [ -41.035390699999937, -3.798553199999958 ], [ -41.035195399999964, -3.798055799999929 ], [ -41.034452099999953, -3.796004 ], [ -41.034300599999938, -3.794901299999935 ], [ -41.033661499999937, -3.793208399999969 ], [ -41.034143799999981, -3.791385799999944 ], [ -41.035611699999947, -3.787476099999935 ], [ -41.036003, -3.785710299999948 ], [ -41.036041399999931, -3.785236199999929 ], [ -41.0363, -3.784662599999933 ], [ -41.036450899999977, -3.78369129999993 ], [ -41.036428, -3.783426199999951 ], [ -41.036001, -3.782599 ], [ -41.034656599999948, -3.781589199999928 ], [ -41.033490499999971, -3.78087759999994 ], [ -41.031437299999936, -3.774104 ], [ -41.03082059999997, -3.772001899999964 ], [ -41.025171199999932, -3.806143399999939 ] ] ] ] } },
{ "type": "Feature", "properties": { "CD_SETOR": "231340105000138", "SITUACAO": "Urbana", "CD_SIT": "2", "CD_TIPO": "0", "AREA_KM2": 0.074685467731196997, "CD_REGIAO": "2", "NM_REGIAO": "Nordeste", "CD_UF": "23", "NM_UF": "Ceará", "CD_MUN": "2313401", "NM_MUN": "Tianguá", "CD_DIST": "231340105", "NM_DIST": "Tianguá", "CD_SUBDIST": "23134010500", "NM_SUBDIST": null, "CD_BAIRRO": "2313401008", "NM_BAIRRO": "Régis Diniz", "CD_NU": null, "NM_NU": null, "CD_FCU": null, "NM_FCU": null, "CD_AGLOM": null, "NM_AGLOM": null, "CD_RGINT": "2306", "NM_RGINT": "Sobral", "CD_RGI": "230016", "NM_RGI": "São Benedito - Ipu - Guaraciaba do Norte - Tianguá", "CD_CONCURB": null, "NM_CONCURB": null, "Areapopulacional_CD_SIT": 2, "Areapopulacional_CD_TIPO": 0, "Areapopulacional_v0001": 238, "Areapopulacional_v0002": 83, "Areapopulacional_v0003": 83, "Areapopulacional_v0004": 0, "Areapopulacional_v0005": 3.3, "Areapopulacional_v0006": 0.0139, "Areapopulacional_v0007": 72, "Areapopulacional_AREA_DOMICILIADA_KM2": 0.074685468, "Areapopulacional_AREA_KM2": 0.074685468, "Areapopulacional_DENSIDADE_DEMOGRAFICA_DOMICILIADA_HAB_KM2": 3186.69759, "Areapopulacional_DENSIDADE_DEMOGRAFICA_SETOR_HAB_KM2": 3186.69759, "teste200(2)_fid": 44031, "teste200(2)_CD_SIT": 2, "teste200(2)_CD_TIPO": 0, "teste200(2)_v0001": 238, "teste200(2)_v0002": 83, "teste200(2)_v0003": 83, "teste200(2)_v0004": 0, "teste200(2)_v0005": 3.3, "teste200(2)_v0006": 0.0139, "teste200(2)_v0007": 72, "teste200(2)_AREA_DOMICILIADA_KM2": 0.074685468, "teste200(2)_AREA_KM2": 0.074685468, "teste200(2)_DENSIDADE_DEMOGRAFICA_DOMICILIADA_HAB_KM2": 3186.69759, "teste200(2)_DENSIDADE_DEMOGRAFICA_SETOR_HAB_KM2": 3186.69759, "teste200(2)_V00111SISTEMAGERALÁGUA": 72, "teste200(2)_V00112POÇO": 0, "teste200(2)_V00113POÇORASO": 0, "teste200(2)_V00114NASCENTE,FONTE": 0, "teste200(2)_V00115CARROPIPA": 0, "teste200(2)_V00116CHUVA": 0, "teste200(2)_V00117RIOS,AÇUDES,CORREGOS": 0, "teste200(2)_V00118OUTRAFORMA": 0 }, "geometry": { "type": "MultiPolygon", "coordinates": [ [ [ [ -41.00522129999996, -3.743346499999973 ], [ -41.005971099999954, -3.744424799999933 ], [ -41.006456799999967, -3.745577699999956 ], [ -41.007276, -3.745053599999949 ], [ -41.007492, -3.744915399999968 ], [ -41.008223, -3.744297199999949 ], [ -41.008778799999959, -3.74364879999996 ], [ -41.007739899999933, -3.742534299999932 ], [ -41.007540499999948, -3.742321899999979 ], [ -41.00522129999996, -3.743346499999973 ] ] ] ] } },
{ "type": "Feature", "properties": { "CD_SETOR": "231340105000139", "SITUACAO": "Urbana", "CD_SIT": "2", "CD_TIPO": "0", "AREA_KM2": 0.393783662260828, "CD_REGIAO": "2", "NM_REGIAO": "Nordeste", "CD_UF": "23", "NM_UF": "Ceará", "CD_MUN": "2313401", "NM_MUN": "Tianguá", "CD_DIST": "231340105", "NM_DIST": "Tianguá", "CD_SUBDIST": "23134010500", "NM_SUBDIST": null, "CD_BAIRRO": "2313401009", "NM_BAIRRO": "Cândido Xavier de Sá", "CD_NU": null, "NM_NU": null, "CD_FCU": null, "NM_FCU": null, "CD_AGLOM": null, "NM_AGLOM": null, "CD_RGINT": "2306", "NM_RGINT": "Sobral", "CD_RGI": "230016", "NM_RGI": "São Benedito - Ipu - Guaraciaba do Norte - Tianguá", "CD_CONCURB": null, "NM_CONCURB": null, "Areapopulacional_CD_SIT": 2, "Areapopulacional_CD_TIPO": 0, "Areapopulacional_v0001": 642, "Areapopulacional_v0002": 226, "Areapopulacional_v0003": 226, "Areapopulacional_v0004": 0, "Areapopulacional_v0005": 3.3, "Areapopulacional_v0006": 0.0051, "Areapopulacional_v0007": 195, "Areapopulacional_AREA_DOMICILIADA_KM2": 0.27258, "Areapopulacional_AREA_KM2": 0.393783662, "Areapopulacional_DENSIDADE_DEMOGRAFICA_DOMICILIADA_HAB_KM2": 2355.271847, "Areapopulacional_DENSIDADE_DEMOGRAFICA_SETOR_HAB_KM2": 1630.336811, "teste200(2)_fid": 327602, "teste200(2)_CD_SIT": 2, "teste200(2)_CD_TIPO": 0, "teste200(2)_v0001": 642, "teste200(2)_v0002": 226, "teste200(2)_v0003": 226, "teste200(2)_v0004": 0, "teste200(2)_v0005": 3.3, "teste200(2)_v0006": 0.0051, "teste200(2)_v0007": 195, "teste200(2)_AREA_DOMICILIADA_KM2": 0.27258, "teste200(2)_AREA_KM2": 0.393783662, "teste200(2)_DENSIDADE_DEMOGRAFICA_DOMICILIADA_HAB_KM2": 2355.271847, "teste200(2)_DENSIDADE_DEMOGRAFICA_SETOR_HAB_KM2": 1630.336811, "teste200(2)_V00111SISTEMAGERALÁGUA": 189, "teste200(2)_V00112POÇO": 4, "teste200(2)_V00113POÇORASO": null, "teste200(2)_V00114NASCENTE,FONTE": 0, "teste200(2)_V00115CARROPIPA": 0, "teste200(2)_V00116CHUVA": 0, "teste200(2)_V00117RIOS,AÇUDES,CORREGOS": 0, "teste200(2)_V00118OUTRAFORMA": null }, "geometry": { "type": "MultiPolygon", "coordinates": [ [ [ [ -41.000101899999947, -3.744044199999962 ], [ -40.999650299999985, -3.74419 ], [ -40.999406599999929, -3.744355499999926 ], [ -40.999122199999931, -3.744611299999974 ], [ -40.998977899999943, -3.744902499999966 ], [ -40.998890099999983, -3.74533619999994 ], [ -40.998827299999959, -3.745557499999961 ], [ -40.998497599999951, -3.74609659999993 ], [ -40.998723899999959, -3.746634899999947 ], [ -40.998834899999963, -3.746713299999954 ], [ -40.999110799999983, -3.746810699999969 ], [ -40.999672399999952, -3.747172 ], [ -40.999925099999984, -3.74729009999993 ], [ -41.000053699999967, -3.747406599999977 ], [ -41.00022139999993, -3.747746399999926 ], [ -41.000441099999932, -3.748027399999955 ], [ -41.000862199999972, -3.748370699999953 ], [ -41.001165299999968, -3.748848599999974 ], [ -41.001469199999974, -3.749247499999967 ], [ -41.001585, -3.749341799999968 ], [ -41.002708599999949, -3.748442799999964 ], [ -41.004288799999983, -3.747102599999948 ], [ -41.005072699999971, -3.746464199999934 ], [ -41.006117399999937, -3.745795099999953 ], [ -41.006456799999967, -3.745577699999956 ], [ -41.005971099999954, -3.744424799999933 ], [ -41.00522129999996, -3.743346499999973 ], [ -41.004791499999953, -3.74268 ], [ -41.004007799999954, -3.741617499999961 ], [ -41.003837899999951, -3.741788 ], [ -41.003060599999969, -3.742240799999934 ], [ -41.001849799999945, -3.743193799999972 ], [ -41.000824499999965, -3.743819799999926 ], [ -41.00026749999995, -3.744064099999946 ], [ -41.000101899999947, -3.744044199999962 ] ] ] ] } },
{ "type": "Feature", "properties": { "CD_SETOR": "231340105000140", "SITUACAO": "Urbana", "CD_SIT": "2", "CD_TIPO": "0", "AREA_KM2": 0.079403490586833006, "CD_REGIAO": "2", "NM_REGIAO": "Nordeste", "CD_UF": "23", "NM_UF": "Ceará", "CD_MUN": "2313401", "NM_MUN": "Tianguá", "CD_DIST": "231340105", "NM_DIST": "Tianguá", "CD_SUBDIST": "23134010500", "NM_SUBDIST": null, "CD_BAIRRO": "2313401010", "NM_BAIRRO": "Dom Timóteo", "CD_NU": null, "NM_NU": null, "CD_FCU": null, "NM_FCU": null, "CD_AGLOM": null, "NM_AGLOM": null, "CD_RGINT": "2306", "NM_RGINT": "Sobral", "CD_RGI": "230016", "NM_RGI": "São Benedito - Ipu - Guaraciaba do Norte - Tianguá", "CD_CONCURB": null, "NM_CONCURB": null, "Areapopulacional_CD_SIT": 2, "Areapopulacional_CD_TIPO": 0, "Areapopulacional_v0001": 336, "Areapopulacional_v0002": 140, "Areapopulacional_v0003": 139, "Areapopulacional_v0004": 1, "Areapopulacional_v0005": 3.2, "Areapopulacional_v0006": 0.0095, "Areapopulacional_v0007": 105, "Areapopulacional_AREA_DOMICILIADA_KM2": 0.0794, "Areapopulacional_AREA_KM2": 0.079403491, "Areapopulacional_DENSIDADE_DEMOGRAFICA_DOMICILIADA_HAB_KM2": 4231.738035, "Areapopulacional_DENSIDADE_DEMOGRAFICA_SETOR_HAB_KM2": 4231.552008, "teste200(2)_fid": 198267, "teste200(2)_CD_SIT": 2, "teste200(2)_CD_TIPO": 0, "teste200(2)_v0001": 336, "teste200(2)_v0002": 140, "teste200(2)_v0003": 139, "teste200(2)_v0004": 1, "teste200(2)_v0005": 3.2, "teste200(2)_v0006": 0.0095, "teste200(2)_v0007": 105, "teste200(2)_AREA_DOMICILIADA_KM2": 0.0794, "teste200(2)_AREA_KM2": 0.079403491, "teste200(2)_DENSIDADE_DEMOGRAFICA_DOMICILIADA_HAB_KM2": 4231.738035, "teste200(2)_DENSIDADE_DEMOGRAFICA_SETOR_HAB_KM2": 4231.552008, "teste200(2)_V00111SISTEMAGERALÁGUA": 105, "teste200(2)_V00112POÇO": 0, "teste200(2)_V00113POÇORASO": 0, "teste200(2)_V00114NASCENTE,FONTE": 0, "teste200(2)_V00115CARROPIPA": 0, "teste200(2)_V00116CHUVA": 0, "teste200(2)_V00117RIOS,AÇUDES,CORREGOS": 0, "teste200(2)_V00118OUTRAFORMA": 0 }, "geometry": { "type": "MultiPolygon", "coordinates": [ [ [ [ -40.98369589999993, -3.742290099999934 ], [ -40.984173699999985, -3.74332579999998 ], [ -40.985100399999965, -3.745474199999933 ], [ -40.986886799999979, -3.744483 ], [ -40.986554299999966, -3.743748899999957 ], [ -40.986049499999979, -3.742618299999947 ], [ -40.985781199999963, -3.741854099999955 ], [ -40.984841299999971, -3.742047799999966 ], [ -40.983856599999967, -3.742177599999934 ], [ -40.98369589999993, -3.742290099999934 ] ] ] ] } },
{ "type": "Feature", "properties": { "CD_SETOR": "231340105000141", "SITUACAO": "Urbana", "CD_SIT": "2", "CD_TIPO": "0", "AREA_KM2": 0.60981309051794097, "CD_REGIAO": "2", "NM_REGIAO": "Nordeste", "CD_UF": "23", "NM_UF": "Ceará", "CD_MUN": "2313401", "NM_MUN": "Tianguá", "CD_DIST": "231340105", "NM_DIST": "Tianguá", "CD_SUBDIST": "23134010500", "NM_SUBDIST": null, "CD_BAIRRO": "2313401012", "NM_BAIRRO": "Vereador Anastácio Arruda", "CD_NU": null, "NM_NU": null, "CD_FCU": null, "NM_FCU": null, "CD_AGLOM": null, "NM_AGLOM": null, "CD_RGINT": "2306", "NM_RGINT": "Sobral", "CD_RGI": "230016", "NM_RGI": "São Benedito - Ipu - Guaraciaba do Norte - Tianguá", "CD_CONCURB": null, "NM_CONCURB": null, "Areapopulacional_CD_SIT": 2, "Areapopulacional_CD_TIPO": 0, "Areapopulacional_v0001": 306, "Areapopulacional_v0002": 127, "Areapopulacional_v0003": 127, "Areapopulacional_v0004": 0, "Areapopulacional_v0005": 3.1, "Areapopulacional_v0006": 0.0, "Areapopulacional_v0007": 100, "Areapopulacional_AREA_DOMICILIADA_KM2": 0.29103, "Areapopulacional_AREA_KM2": 0.609813091, "Areapopulacional_DENSIDADE_DEMOGRAFICA_DOMICILIADA_HAB_KM2": 1051.437996, "Areapopulacional_DENSIDADE_DEMOGRAFICA_SETOR_HAB_KM2": 501.7930982, "teste200(2)_fid": 343592, "teste200(2)_CD_SIT": 2, "teste200(2)_CD_TIPO": 0, "teste200(2)_v0001": 306, "teste200(2)_v0002": 127, "teste200(2)_v0003": 127, "teste200(2)_v0004": 0, "teste200(2)_v0005": 3.1, "teste200(2)_v0006": 0.0, "teste200(2)_v0007": 100, "teste200(2)_AREA_DOMICILIADA_KM2": 0.29103, "teste200(2)_AREA_KM2": 0.609813091, "teste200(2)_DENSIDADE_DEMOGRAFICA_DOMICILIADA_HAB_KM2": 1051.437996, "teste200(2)_DENSIDADE_DEMOGRAFICA_SETOR_HAB_KM2": 501.7930982, "teste200(2)_V00111SISTEMAGERALÁGUA": 98, "teste200(2)_V00112POÇO": 0, "teste200(2)_V00113POÇORASO": 0, "teste200(2)_V00114NASCENTE,FONTE": 0, "teste200(2)_V00115CARROPIPA": 0, "teste200(2)_V00116CHUVA": 0, "teste200(2)_V00117RIOS,AÇUDES,CORREGOS": 0, "teste200(2)_V00118OUTRAFORMA": null }, "geometry": { "type": "MultiPolygon", "coordinates": [ [ [ [ -40.979754699999944, -3.74359149999998 ], [ -40.97875769999996, -3.743801399999938 ], [ -40.978911699999969, -3.745240599999931 ], [ -40.979087199999981, -3.746613099999934 ], [ -40.97931989999995, -3.747986499999968 ], [ -40.979935799999964, -3.752173399999947 ], [ -40.979989899999964, -3.752693099999931 ], [ -40.979990499999985, -3.752755599999944 ], [ -40.983316599999966, -3.751959299999953 ], [ -40.983362899999975, -3.751948199999958 ], [ -40.983384099999967, -3.751894099999959 ], [ -40.983866, -3.750662 ], [ -40.984377, -3.74981 ], [ -40.985685299999943, -3.747929599999964 ], [ -40.985757599999943, -3.747808099999929 ], [ -40.985935499999982, -3.74753069999997 ], [ -40.985100399999965, -3.745474199999933 ], [ -40.984173699999985, -3.74332579999998 ], [ -40.98369589999993, -3.742290099999934 ], [ -40.983191, -3.742556 ], [ -40.982502199999942, -3.742934299999945 ], [ -40.981645499999956, -3.743267499999945 ], [ -40.979754699999944, -3.74359149999998 ] ] ] ] } },
{ "type": "Feature", "properties": { "CD_SETOR": "231340105000142", "SITUACAO": "Urbana", "CD_SIT": "2", "CD_TIPO": "0", "AREA_KM2": 0.84034920169605198, "CD_REGIAO": "2", "NM_REGIAO": "Nordeste", "CD_UF": "23", "NM_UF": "Ceará", "CD_MUN": "2313401", "NM_MUN": "Tianguá", "CD_DIST": "231340105", "NM_DIST": "Tianguá", "CD_SUBDIST": "23134010500", "NM_SUBDIST": null, "CD_BAIRRO": "2313401010", "NM_BAIRRO": "Dom Timóteo", "CD_NU": null, "NM_NU": null, "CD_FCU": null, "NM_FCU": null, "CD_AGLOM": null, "NM_AGLOM": null, "CD_RGINT": "2306", "NM_RGINT": "Sobral", "CD_RGI": "230016", "NM_RGI": "São Benedito - Ipu - Guaraciaba do Norte - Tianguá", "CD_CONCURB": null, "NM_CONCURB": null, "Areapopulacional_CD_SIT": 2, "Areapopulacional_CD_TIPO": 0, "Areapopulacional_v0001": 896, "Areapopulacional_v0002": 363, "Areapopulacional_v0003": 363, "Areapopulacional_v0004": 0, "Areapopulacional_v0005": 2.9, "Areapopulacional_v0006": 0.0227, "Areapopulacional_v0007": 308, "Areapopulacional_AREA_DOMICILIADA_KM2": 0.40295, "Areapopulacional_AREA_KM2": 0.840349202, "Areapopulacional_DENSIDADE_DEMOGRAFICA_DOMICILIADA_HAB_KM2": 2223.600943, "Areapopulacional_DENSIDADE_DEMOGRAFICA_SETOR_HAB_KM2": 1066.22342, "teste200(2)_fid": 343467, "teste200(2)_CD_SIT": 2, "teste200(2)_CD_TIPO": 0, "teste200(2)_v0001": 896, "teste200(2)_v0002": 363, "teste200(2)_v0003": 363, "teste200(2)_v0004": 0, "teste200(2)_v0005": 2.9, "teste200(2)_v0006": 0.0227, "teste200(2)_v0007": 308, "teste200(2)_AREA_DOMICILIADA_KM2": 0.40295, "teste200(2)_AREA_KM2": 0.840349202, "teste200(2)_DENSIDADE_DEMOGRAFICA_DOMICILIADA_HAB_KM2": 2223.600943, "teste200(2)_DENSIDADE_DEMOGRAFICA_SETOR_HAB_KM2": 1066.22342, "teste200(2)_V00111SISTEMAGERALÁGUA": 305, "teste200(2)_V00112POÇO": 3, "teste200(2)_V00113POÇORASO": 0, "teste200(2)_V00114NASCENTE,FONTE": 0, "teste200(2)_V00115CARROPIPA": 0, "teste200(2)_V00116CHUVA": 0, "teste200(2)_V00117RIOS,AÇUDES,CORREGOS": 0, "teste200(2)_V00118OUTRAFORMA": 0 }, "geometry": { "type": "MultiPolygon", "coordinates": [ [ [ [ -40.981738, -3.735737899999947 ], [ -40.981396899999936, -3.736762499999941 ], [ -40.979754699999944, -3.74359149999998 ], [ -40.981645499999956, -3.743267499999945 ], [ -40.982502199999942, -3.742934299999945 ], [ -40.983191, -3.742556 ], [ -40.98369589999993, -3.742290099999934 ], [ -40.983856599999967, -3.742177599999934 ], [ -40.984841299999971, -3.742047799999966 ], [ -40.985781199999963, -3.741854099999955 ], [ -40.986523499999976, -3.741651799999943 ], [ -40.98811349999994, -3.741095199999961 ], [ -40.989427099999943, -3.736312899999973 ], [ -40.989634199999955, -3.735226 ], [ -40.989679599999931, -3.735098499999935 ], [ -40.989495, -3.735059 ], [ -40.988946, -3.735059 ], [ -40.988489, -3.735013 ], [ -40.98826, -3.734648 ], [ -40.987574, -3.734374 ], [ -40.986933, -3.734192 ], [ -40.986522, -3.734146 ], [ -40.986064, -3.734055 ], [ -40.985881, -3.733872 ], [ -40.98579, -3.733553 ], [ -40.985469, -3.733279 ], [ -40.98492, -3.733005 ], [ -40.984051199999953, -3.732722399999943 ], [ -40.983442799999978, -3.732596399999977 ], [ -40.982824599999958, -3.732311899999956 ], [ -40.98211809999998, -3.732037099999957 ], [ -40.981840799999929, -3.735429299999964 ], [ -40.981738, -3.735737899999947 ] ] ] ] } },
{ "type": "Feature", "properties": { "CD_SETOR": "231340105000143", "SITUACAO": "Urbana", "CD_SIT": "2", "CD_TIPO": "0", "AREA_KM2": 0.179071669652412, "CD_REGIAO": "2", "NM_REGIAO": "Nordeste", "CD_UF": "23", "NM_UF": "Ceará", "CD_MUN": "2313401", "NM_MUN": "Tianguá", "CD_DIST": "231340105", "NM_DIST": "Tianguá", "CD_SUBDIST": "23134010500", "NM_SUBDIST": null, "CD_BAIRRO": "2313401004", "NM_BAIRRO": "Laurão", "CD_NU": null, "NM_NU": null, "CD_FCU": null, "NM_FCU": null, "CD_AGLOM": null, "NM_AGLOM": null, "CD_RGINT": "2306", "NM_RGINT": "Sobral", "CD_RGI": "230016", "NM_RGI": "São Benedito - Ipu - Guaraciaba do Norte - Tianguá", "CD_CONCURB": null, "NM_CONCURB": null, "Areapopulacional_CD_SIT": 2, "Areapopulacional_CD_TIPO": 0, "Areapopulacional_v0001": 975, "Areapopulacional_v0002": 344, "Areapopulacional_v0003": 344, "Areapopulacional_v0004": 0, "Areapopulacional_v0005": 3.2, "Areapopulacional_v0006": 0.01, "Areapopulacional_v0007": 301, "Areapopulacional_AREA_DOMICILIADA_KM2": 0.17907, "Areapopulacional_AREA_KM2": 0.17907167, "Areapopulacional_DENSIDADE_DEMOGRAFICA_DOMICILIADA_HAB_KM2": 5444.798124, "Areapopulacional_DENSIDADE_DEMOGRAFICA_SETOR_HAB_KM2": 5444.747357, "teste200(2)_fid": 146987, "teste200(2)_CD_SIT": 2, "teste200(2)_CD_TIPO": 0, "teste200(2)_v0001": 975, "teste200(2)_v0002": 344, "teste200(2)_v0003": 344, "teste200(2)_v0004": 0, "teste200(2)_v0005": 3.2, "teste200(2)_v0006": 0.01, "teste200(2)_v0007": 301, "teste200(2)_AREA_DOMICILIADA_KM2": 0.17907, "teste200(2)_AREA_KM2": 0.17907167, "teste200(2)_DENSIDADE_DEMOGRAFICA_DOMICILIADA_HAB_KM2": 5444.798124, "teste200(2)_DENSIDADE_DEMOGRAFICA_SETOR_HAB_KM2": 5444.747357, "teste200(2)_V00111SISTEMAGERALÁGUA": 294, "teste200(2)_V00112POÇO": 3, "teste200(2)_V00113POÇORASO": 4, "teste200(2)_V00114NASCENTE,FONTE": 0, "teste200(2)_V00115CARROPIPA": 0, "teste200(2)_V00116CHUVA": 0, "teste200(2)_V00117RIOS,AÇUDES,CORREGOS": 0, "teste200(2)_V00118OUTRAFORMA": 0 }, "geometry": { "type": "MultiPolygon", "coordinates": [ [ [ [ -40.98211809999998, -3.732037099999957 ], [ -40.982824599999958, -3.732311899999956 ], [ -40.983442799999978, -3.732596399999977 ], [ -40.984051199999953, -3.732722399999943 ], [ -40.984281099999976, -3.732542399999943 ], [ -40.984675099999947, -3.732582599999944 ], [ -40.985134699999946, -3.73263 ], [ -40.98547549999995, -3.732600899999966 ], [ -40.985728599999959, -3.732578599999954 ], [ -40.986504, -3.732403 ], [ -40.986783799999955, -3.732260799999949 ], [ -40.987009399999977, -3.732082099999957 ], [ -40.987187199999937, -3.731848299999967 ], [ -40.987387699999942, -3.73130169999996 ], [ -40.987478199999941, -3.730767299999968 ], [ -40.98649759999995, -3.73060739999994 ], [ -40.98635319999994, -3.730522 ], [ -40.985094, -3.729798399999936 ], [ -40.984779099999969, -3.729558299999951 ], [ -40.984012399999983, -3.729064699999981 ], [ -40.983438899999953, -3.728630399999929 ], [ -40.982617799999957, -3.727988399999958 ], [ -40.98211809999998, -3.732037099999957 ] ] ] ] } },
{ "type": "Feature", "properties": { "CD_SETOR": "231340105000144", "SITUACAO": "Urbana", "CD_SIT": "1", "CD_TIPO": "0", "AREA_KM2": 0.063494000127733999, "CD_REGIAO": "2", "NM_REGIAO": "Nordeste", "CD_UF": "23", "NM_UF": "Ceará", "CD_MUN": "2313401", "NM_MUN": "Tianguá", "CD_DIST": "231340105", "NM_DIST": "Tianguá", "CD_SUBDIST": "23134010500", "NM_SUBDIST": null, "CD_BAIRRO": "2313401003", "NM_BAIRRO": "Nenê Plácido", "CD_NU": null, "NM_NU": null, "CD_FCU": null, "NM_FCU": null, "CD_AGLOM": null, "NM_AGLOM": null, "CD_RGINT": "2306", "NM_RGINT": "Sobral", "CD_RGI": "230016", "NM_RGI": "São Benedito - Ipu - Guaraciaba do Norte - Tianguá", "CD_CONCURB": null, "NM_CONCURB": null, "Areapopulacional_CD_SIT": 1, "Areapopulacional_CD_TIPO": 0, "Areapopulacional_v0001": 487, "Areapopulacional_v0002": 170, "Areapopulacional_v0003": 170, "Areapopulacional_v0004": 0, "Areapopulacional_v0005": 3.2, "Areapopulacional_v0006": 0.0196, "Areapopulacional_v0007": 153, "Areapopulacional_AREA_DOMICILIADA_KM2": 0.06349, "Areapopulacional_AREA_KM2": 0.063494, "Areapopulacional_DENSIDADE_DEMOGRAFICA_DOMICILIADA_HAB_KM2": 7670.499291, "Areapopulacional_DENSIDADE_DEMOGRAFICA_SETOR_HAB_KM2": 7670.016049, "teste200(2)_fid": 212906, "teste200(2)_CD_SIT": 1, "teste200(2)_CD_TIPO": 0, "teste200(2)_v0001": 487, "teste200(2)_v0002": 170, "teste200(2)_v0003": 170, "teste200(2)_v0004": 0, "teste200(2)_v0005": 3.2, "teste200(2)_v0006": 0.0196, "teste200(2)_v0007": 153, "teste200(2)_AREA_DOMICILIADA_KM2": 0.06349, "teste200(2)_AREA_KM2": 0.063494, "teste200(2)_DENSIDADE_DEMOGRAFICA_DOMICILIADA_HAB_KM2": 7670.499291, "teste200(2)_DENSIDADE_DEMOGRAFICA_SETOR_HAB_KM2": 7670.016049, "teste200(2)_V00111SISTEMAGERALÁGUA": 152, "teste200(2)_V00112POÇO": 0, "teste200(2)_V00113POÇORASO": 0, "teste200(2)_V00114NASCENTE,FONTE": 0, "teste200(2)_V00115CARROPIPA": 0, "teste200(2)_V00116CHUVA": 0, "teste200(2)_V00117RIOS,AÇUDES,CORREGOS": 0, "teste200(2)_V00118OUTRAFORMA": null }, "geometry": { "type": "MultiPolygon", "coordinates": [ [ [ [ -40.981395199999952, -3.724059 ], [ -40.981281199999955, -3.724578299999962 ], [ -40.982, -3.724783899999977 ], [ -40.98354889999996, -3.717541399999959 ], [ -40.982808899999952, -3.717346799999973 ], [ -40.982368299999962, -3.720007599999974 ], [ -40.981395199999952, -3.724059 ] ] ] ] } },
{ "type": "Feature", "properties": { "CD_SETOR": "231340105000145", "SITUACAO": "Urbana", "CD_SIT": "2", "CD_TIPO": "0", "AREA_KM2": 0.120598319698152, "CD_REGIAO": "2", "NM_REGIAO": "Nordeste", "CD_UF": "23", "NM_UF": "Ceará", "CD_MUN": "2313401", "NM_MUN": "Tianguá", "CD_DIST": "231340105", "NM_DIST": "Tianguá", "CD_SUBDIST": "23134010500", "NM_SUBDIST": null, "CD_BAIRRO": "2313401004", "NM_BAIRRO": "Laurão", "CD_NU": null, "NM_NU": null, "CD_FCU": null, "NM_FCU": null, "CD_AGLOM": null, "NM_AGLOM": null, "CD_RGINT": "2306", "NM_RGINT": "Sobral", "CD_RGI": "230016", "NM_RGI": "São Benedito - Ipu - Guaraciaba do Norte - Tianguá", "CD_CONCURB": null, "NM_CONCURB": null, "Areapopulacional_CD_SIT": 2, "Areapopulacional_CD_TIPO": 0, "Areapopulacional_v0001": 350, "Areapopulacional_v0002": 123, "Areapopulacional_v0003": 123, "Areapopulacional_v0004": 0, "Areapopulacional_v0005": 3.2, "Areapopulacional_v0006": 0.0185, "Areapopulacional_v0007": 108, "Areapopulacional_AREA_DOMICILIADA_KM2": 0.12059832, "Areapopulacional_AREA_KM2": 0.12059832, "Areapopulacional_DENSIDADE_DEMOGRAFICA_DOMICILIADA_HAB_KM2": 2902.196323, "Areapopulacional_DENSIDADE_DEMOGRAFICA_SETOR_HAB_KM2": 2902.196323, "teste200(2)_fid": 99402, "teste200(2)_CD_SIT": 2, "teste200(2)_CD_TIPO": 0, "teste200(2)_v0001": 350, "teste200(2)_v0002": 123, "teste200(2)_v0003": 123, "teste200(2)_v0004": 0, "teste200(2)_v0005": 3.2, "teste200(2)_v0006": 0.0185, "teste200(2)_v0007": 108, "teste200(2)_AREA_DOMICILIADA_KM2": 0.12059832, "teste200(2)_AREA_KM2": 0.12059832, "teste200(2)_DENSIDADE_DEMOGRAFICA_DOMICILIADA_HAB_KM2": 2902.196323, "teste200(2)_DENSIDADE_DEMOGRAFICA_SETOR_HAB_KM2": 2902.196323, "teste200(2)_V00111SISTEMAGERALÁGUA": 106, "teste200(2)_V00112POÇO": null, "teste200(2)_V00113POÇORASO": 0, "teste200(2)_V00114NASCENTE,FONTE": 0, "teste200(2)_V00115CARROPIPA": 0, "teste200(2)_V00116CHUVA": 0, "teste200(2)_V00117RIOS,AÇUDES,CORREGOS": 0, "teste200(2)_V00118OUTRAFORMA": 0 }, "geometry": { "type": "MultiPolygon", "coordinates": [ [ [ [ -40.982812499999966, -3.724885 ], [ -40.98249009999995, -3.726270199999931 ], [ -40.982196099999953, -3.727666 ], [ -40.982617799999957, -3.727988399999958 ], [ -40.983438899999953, -3.728630399999929 ], [ -40.983905399999969, -3.728741299999967 ], [ -40.984608899999955, -3.728893199999959 ], [ -40.984679099999937, -3.728625099999931 ], [ -40.985019, -3.727017299999943 ], [ -40.985154499999965, -3.726283199999955 ], [ -40.98530059999996, -3.725582699999961 ], [ -40.985530899999958, -3.724671699999931 ], [ -40.98348169999997, -3.724793099999943 ], [ -40.982812499999966, -3.724885 ] ] ] ] } },
{ "type": "Feature", "properties": { "CD_SETOR": "231340105000146", "SITUACAO": "Urbana", "CD_SIT": "2", "CD_TIPO": "0", "AREA_KM2": 0.26484928049925699, "CD_REGIAO": "2", "NM_REGIAO": "Nordeste", "CD_UF": "23", "NM_UF": "Ceará", "CD_MUN": "2313401", "NM_MUN": "Tianguá", "CD_DIST": "231340105", "NM_DIST": "Tianguá", "CD_SUBDIST": "23134010500", "NM_SUBDIST": null, "CD_BAIRRO": "2313401003", "NM_BAIRRO": "Nenê Plácido", "CD_NU": null, "NM_NU": null, "CD_FCU": null, "NM_FCU": null, "CD_AGLOM": null, "NM_AGLOM": null, "CD_RGINT": "2306", "NM_RGINT": "Sobral", "CD_RGI": "230016", "NM_RGI": "São Benedito - Ipu - Guaraciaba do Norte - Tianguá", "CD_CONCURB": null, "NM_CONCURB": null, "Areapopulacional_CD_SIT": 2, "Areapopulacional_CD_TIPO": 0, "Areapopulacional_v0001": 720, "Areapopulacional_v0002": 279, "Areapopulacional_v0003": 279, "Areapopulacional_v0004": 0, "Areapopulacional_v0005": 3.1, "Areapopulacional_v0006": 0.0087, "Areapopulacional_v0007": 230, "Areapopulacional_AREA_DOMICILIADA_KM2": 0.26484928, "Areapopulacional_AREA_KM2": 0.26484928, "Areapopulacional_DENSIDADE_DEMOGRAFICA_DOMICILIADA_HAB_KM2": 2718.527302, "Areapopulacional_DENSIDADE_DEMOGRAFICA_SETOR_HAB_KM2": 2718.527302, "teste200(2)_fid": 121996, "teste200(2)_CD_SIT": 2, "teste200(2)_CD_TIPO": 0, "teste200(2)_v0001": 720, "teste200(2)_v0002": 279, "teste200(2)_v0003": 279, "teste200(2)_v0004": 0, "teste200(2)_v0005": 3.1, "teste200(2)_v0006": 0.0087, "teste200(2)_v0007": 230, "teste200(2)_AREA_DOMICILIADA_KM2": 0.26484928, "teste200(2)_AREA_KM2": 0.26484928, "teste200(2)_DENSIDADE_DEMOGRAFICA_DOMICILIADA_HAB_KM2": 2718.527302, "teste200(2)_DENSIDADE_DEMOGRAFICA_SETOR_HAB_KM2": 2718.527302, "teste200(2)_V00111SISTEMAGERALÁGUA": 223, "teste200(2)_V00112POÇO": 7, "teste200(2)_V00113POÇORASO": 0, "teste200(2)_V00114NASCENTE,FONTE": 0, "teste200(2)_V00115CARROPIPA": 0, "teste200(2)_V00116CHUVA": 0, "teste200(2)_V00117RIOS,AÇUDES,CORREGOS": 0, "teste200(2)_V00118OUTRAFORMA": 0 }, "geometry": { "type": "MultiPolygon", "coordinates": [ [ [ [ -40.982812499999966, -3.724885 ], [ -40.98348169999997, -3.724793099999943 ], [ -40.985530899999958, -3.724671699999931 ], [ -40.986085899999978, -3.721574799999928 ], [ -40.986272699999972, -3.720602 ], [ -40.98642469999993, -3.719796199999962 ], [ -40.98647219999998, -3.71949189999998 ], [ -40.985612, -3.718876 ], [ -40.985038, -3.718443 ], [ -40.984784, -3.71825 ], [ -40.984526899999935, -3.718039399999952 ], [ -40.98354889999996, -3.717541399999959 ], [ -40.982, -3.724783899999977 ], [ -40.982524099999978, -3.72489429999996 ], [ -40.982812499999966, -3.724885 ] ] ] ] } },
{ "type": "Feature", "properties": { "CD_SETOR": "231340105000147", "SITUACAO": "Urbana", "CD_SIT": "1", "CD_TIPO": "0", "AREA_KM2": 0.0070753425220460003, "CD_REGIAO": "2", "NM_REGIAO": "Nordeste", "CD_UF": "23", "NM_UF": "Ceará", "CD_MUN": "2313401", "NM_MUN": "Tianguá", "CD_DIST": "231340105", "NM_DIST": "Tianguá", "CD_SUBDIST": "23134010500", "NM_SUBDIST": null, "CD_BAIRRO": "2313401004", "NM_BAIRRO": "Laurão", "CD_NU": null, "NM_NU": null, "CD_FCU": null, "NM_FCU": null, "CD_AGLOM": null, "NM_AGLOM": null, "CD_RGINT": "2306", "NM_RGINT": "Sobral", "CD_RGI": "230016", "NM_RGI": "São Benedito - Ipu - Guaraciaba do Norte - Tianguá", "CD_CONCURB": null, "NM_CONCURB": null, "Areapopulacional_CD_SIT": 1, "Areapopulacional_CD_TIPO": 0, "Areapopulacional_v0001": 128, "Areapopulacional_v0002": 55, "Areapopulacional_v0003": 55, "Areapopulacional_v0004": 0, "Areapopulacional_v0005": 3.3, "Areapopulacional_v0006": 0.0, "Areapopulacional_v0007": 39, "Areapopulacional_AREA_DOMICILIADA_KM2": 0.007075343, "Areapopulacional_AREA_KM2": 0.007075343, "Areapopulacional_DENSIDADE_DEMOGRAFICA_DOMICILIADA_HAB_KM2": 18090.99695, "Areapopulacional_DENSIDADE_DEMOGRAFICA_SETOR_HAB_KM2": 18090.99695, "teste200(2)_fid": 2342, "teste200(2)_CD_SIT": 1, "teste200(2)_CD_TIPO": 0, "teste200(2)_v0001": 128, "teste200(2)_v0002": 55, "teste200(2)_v0003": 55, "teste200(2)_v0004": 0, "teste200(2)_v0005": 3.3, "teste200(2)_v0006": 0.0, "teste200(2)_v0007": 39, "teste200(2)_AREA_DOMICILIADA_KM2": 0.007075343, "teste200(2)_AREA_KM2": 0.007075343, "teste200(2)_DENSIDADE_DEMOGRAFICA_DOMICILIADA_HAB_KM2": 18090.99695, "teste200(2)_DENSIDADE_DEMOGRAFICA_SETOR_HAB_KM2": 18090.99695, "teste200(2)_V00111SISTEMAGERALÁGUA": 38, "teste200(2)_V00112POÇO": 0, "teste200(2)_V00113POÇORASO": null, "teste200(2)_V00114NASCENTE,FONTE": 0, "teste200(2)_V00115CARROPIPA": 0, "teste200(2)_V00116CHUVA": 0, "teste200(2)_V00117RIOS,AÇUDES,CORREGOS": 0, "teste200(2)_V00118OUTRAFORMA": 0 }, "geometry": { "type": "MultiPolygon", "coordinates": [ [ [ [ -40.988827799999967, -3.728100799999936 ], [ -40.988552599999935, -3.729178899999965 ], [ -40.989295699999957, -3.729089299999941 ], [ -40.989178, -3.728038099999935 ], [ -40.988827799999967, -3.728100799999936 ] ] ] ] } },
{ "type": "Feature", "properties": { "CD_SETOR": "231340105000148", "SITUACAO": "Urbana", "CD_SIT": "1", "CD_TIPO": "0", "AREA_KM2": 0.036814753863535998, "CD_REGIAO": "2", "NM_REGIAO": "Nordeste", "CD_UF": "23", "NM_UF": "Ceará", "CD_MUN": "2313401", "NM_MUN": "Tianguá", "CD_DIST": "231340105", "NM_DIST": "Tianguá", "CD_SUBDIST": "23134010500", "NM_SUBDIST": null, "CD_BAIRRO": "2313401001", "NM_BAIRRO": "Centro", "CD_NU": null, "NM_NU": null, "CD_FCU": null, "NM_FCU": null, "CD_AGLOM": null, "NM_AGLOM": null, "CD_RGINT": "2306", "NM_RGINT": "Sobral", "CD_RGI": "230016", "NM_RGI": "São Benedito - Ipu - Guaraciaba do Norte - Tianguá", "CD_CONCURB": null, "NM_CONCURB": null, "Areapopulacional_CD_SIT": 1, "Areapopulacional_CD_TIPO": 0, "Areapopulacional_v0001": 338, "Areapopulacional_v0002": 173, "Areapopulacional_v0003": 172, "Areapopulacional_v0004": 1, "Areapopulacional_v0005": 2.7, "Areapopulacional_v0006": 0.0081, "Areapopulacional_v0007": 123, "Areapopulacional_AREA_DOMICILIADA_KM2": 0.03681, "Areapopulacional_AREA_KM2": 0.036814754, "Areapopulacional_DENSIDADE_DEMOGRAFICA_DOMICILIADA_HAB_KM2": 9182.287422, "Areapopulacional_DENSIDADE_DEMOGRAFICA_SETOR_HAB_KM2": 9181.10172, "teste200(2)_fid": 235644, "teste200(2)_CD_SIT": 1, "teste200(2)_CD_TIPO": 0, "teste200(2)_v0001": 338, "teste200(2)_v0002": 173, "teste200(2)_v0003": 172, "teste200(2)_v0004": 1, "teste200(2)_v0005": 2.7, "teste200(2)_v0006": 0.0081, "teste200(2)_v0007": 123, "teste200(2)_AREA_DOMICILIADA_KM2": 0.03681, "teste200(2)_AREA_KM2": 0.036814754, "teste200(2)_DENSIDADE_DEMOGRAFICA_DOMICILIADA_HAB_KM2": 9182.287422, "teste200(2)_DENSIDADE_DEMOGRAFICA_SETOR_HAB_KM2": 9181.10172, "teste200(2)_V00111SISTEMAGERALÁGUA": 120, "teste200(2)_V00112POÇO": 3, "teste200(2)_V00113POÇORASO": 0, "teste200(2)_V00114NASCENTE,FONTE": 0, "teste200(2)_V00115CARROPIPA": 0, "teste200(2)_V00116CHUVA": 0, "teste200(2)_V00117RIOS,AÇUDES,CORREGOS": 0, "teste200(2)_V00118OUTRAFORMA": 0 }, "geometry": { "type": "MultiPolygon", "coordinates": [ [ [ [ -40.989464699999985, -3.726382099999967 ], [ -40.98972509999993, -3.727931399999932 ], [ -40.989178, -3.728038099999935 ], [ -40.989295699999957, -3.729089299999941 ], [ -40.990806799999973, -3.728853499999957 ], [ -40.99034219999993, -3.726267699999937 ], [ -40.989464699999985, -3.726382099999967 ] ] ] ] } },
{ "type": "Feature", "properties": { "CD_SETOR": "231340105000149", "SITUACAO": "Urbana", "CD_SIT": "1", "CD_TIPO": "0", "AREA_KM2": 0.038602032688751002, "CD_REGIAO": "2", "NM_REGIAO": "Nordeste", "CD_UF": "23", "NM_UF": "Ceará", "CD_MUN": "2313401", "NM_MUN": "Tianguá", "CD_DIST": "231340105", "NM_DIST": "Tianguá", "CD_SUBDIST": "23134010500", "NM_SUBDIST": null, "CD_BAIRRO": "2313401004", "NM_BAIRRO": "Laurão", "CD_NU": null, "NM_NU": null, "CD_FCU": null, "NM_FCU": null, "CD_AGLOM": null, "NM_AGLOM": null, "CD_RGINT": "2306", "NM_RGINT": "Sobral", "CD_RGI": "230016", "NM_RGI": "São Benedito - Ipu - Guaraciaba do Norte - Tianguá", "CD_CONCURB": null, "NM_CONCURB": null, "Areapopulacional_CD_SIT": 1, "Areapopulacional_CD_TIPO": 0, "Areapopulacional_v0001": 582, "Areapopulacional_v0002": 220, "Areapopulacional_v0003": 220, "Areapopulacional_v0004": 0, "Areapopulacional_v0005": 3.0, "Areapopulacional_v0006": 0.0102, "Areapopulacional_v0007": 197, "Areapopulacional_AREA_DOMICILIADA_KM2": 0.0386, "Areapopulacional_AREA_KM2": 0.038602033, "Areapopulacional_DENSIDADE_DEMOGRAFICA_DOMICILIADA_HAB_KM2": 15077.72021, "Areapopulacional_DENSIDADE_DEMOGRAFICA_SETOR_HAB_KM2": 15076.92625, "teste200(2)_fid": 205754, "teste200(2)_CD_SIT": 1, "teste200(2)_CD_TIPO": 0, "teste200(2)_v0001": 582, "teste200(2)_v0002": 220, "teste200(2)_v0003": 220, "teste200(2)_v0004": 0, "teste200(2)_v0005": 3.0, "teste200(2)_v0006": 0.0102, "teste200(2)_v0007": 197, "teste200(2)_AREA_DOMICILIADA_KM2": 0.0386, "teste200(2)_AREA_KM2": 0.038602033, "teste200(2)_DENSIDADE_DEMOGRAFICA_DOMICILIADA_HAB_KM2": 15077.72021, "teste200(2)_DENSIDADE_DEMOGRAFICA_SETOR_HAB_KM2": 15076.92625, "teste200(2)_V00111SISTEMAGERALÁGUA": 197, "teste200(2)_V00112POÇO": 0, "teste200(2)_V00113POÇORASO": 0, "teste200(2)_V00114NASCENTE,FONTE": 0, "teste200(2)_V00115CARROPIPA": 0, "teste200(2)_V00116CHUVA": 0, "teste200(2)_V00117RIOS,AÇUDES,CORREGOS": 0, "teste200(2)_V00118OUTRAFORMA": 0 }, "geometry": { "type": "MultiPolygon", "coordinates": [ [ [ [ -40.987317899999937, -3.726696299999958 ], [ -40.986980499999959, -3.728291599999977 ], [ -40.988127099999986, -3.728240899999946 ], [ -40.988275099999953, -3.728203899999926 ], [ -40.988429899999971, -3.728177899999935 ], [ -40.988827799999967, -3.728100799999936 ], [ -40.989178, -3.728038099999935 ], [ -40.988993299999947, -3.726459499999976 ], [ -40.988531799999976, -3.726539399999979 ], [ -40.987997, -3.72659189999996 ], [ -40.987462, -3.726659 ], [ -40.987317899999937, -3.726696299999958 ] ] ] ] } },
{ "type": "Feature", "properties": { "CD_SETOR": "231340105000150", "SITUACAO": "Urbana", "CD_SIT": "1", "CD_TIPO": "0", "AREA_KM2": 0.010034913726650999, "CD_REGIAO": "2", "NM_REGIAO": "Nordeste", "CD_UF": "23", "NM_UF": "Ceará", "CD_MUN": "2313401", "NM_MUN": "Tianguá", "CD_DIST": "231340105", "NM_DIST": "Tianguá", "CD_SUBDIST": "23134010500", "NM_SUBDIST": null, "CD_BAIRRO": "2313401001", "NM_BAIRRO": "Centro", "CD_NU": null, "NM_NU": null, "CD_FCU": null, "NM_FCU": null, "CD_AGLOM": null, "NM_AGLOM": null, "CD_RGINT": "2306", "NM_RGINT": "Sobral", "CD_RGI": "230016", "NM_RGI": "São Benedito - Ipu - Guaraciaba do Norte - Tianguá", "CD_CONCURB": null, "NM_CONCURB": null, "Areapopulacional_CD_SIT": 1, "Areapopulacional_CD_TIPO": 0, "Areapopulacional_v0001": 167, "Areapopulacional_v0002": 70, "Areapopulacional_v0003": 70, "Areapopulacional_v0004": 0, "Areapopulacional_v0005": 2.9, "Areapopulacional_v0006": 0.0, "Areapopulacional_v0007": 58, "Areapopulacional_AREA_DOMICILIADA_KM2": 0.01003, "Areapopulacional_AREA_KM2": 0.010034914, "Areapopulacional_DENSIDADE_DEMOGRAFICA_DOMICILIADA_HAB_KM2": 16650.04985, "Areapopulacional_DENSIDADE_DEMOGRAFICA_SETOR_HAB_KM2": 16641.89694, "teste200(2)_fid": 253904, "teste200(2)_CD_SIT": 1, "teste200(2)_CD_TIPO": 0, "teste200(2)_v0001": 167, "teste200(2)_v0002": 70, "teste200(2)_v0003": 70, "teste200(2)_v0004": 0, "teste200(2)_v0005": 2.9, "teste200(2)_v0006": 0.0, "teste200(2)_v0007": 58, "teste200(2)_AREA_DOMICILIADA_KM2": 0.01003, "teste200(2)_AREA_KM2": 0.010034914, "teste200(2)_DENSIDADE_DEMOGRAFICA_DOMICILIADA_HAB_KM2": 16650.04985, "teste200(2)_DENSIDADE_DEMOGRAFICA_SETOR_HAB_KM2": 16641.89694, "teste200(2)_V00111SISTEMAGERALÁGUA": 57, "teste200(2)_V00112POÇO": null, "teste200(2)_V00113POÇORASO": 0, "teste200(2)_V00114NASCENTE,FONTE": 0, "teste200(2)_V00115CARROPIPA": 0, "teste200(2)_V00116CHUVA": 0, "teste200(2)_V00117RIOS,AÇUDES,CORREGOS": 0, "teste200(2)_V00118OUTRAFORMA": 0 }, "geometry": { "type": "MultiPolygon", "coordinates": [ [ [ [ -40.988993299999947, -3.726459499999976 ], [ -40.989178, -3.728038099999935 ], [ -40.98972509999993, -3.727931399999932 ], [ -40.989464699999985, -3.726382099999967 ], [ -40.988993299999947, -3.726459499999976 ] ] ] ] } },
{ "type": "Feature", "properties": { "CD_SETOR": "231340105000151", "SITUACAO": "Urbana", "CD_SIT": "2", "CD_TIPO": "0", "AREA_KM2": 0.067789217694181003, "CD_REGIAO": "2", "NM_REGIAO": "Nordeste", "CD_UF": "23", "NM_UF": "Ceará", "CD_MUN": "2313401", "NM_MUN": "Tianguá", "CD_DIST": "231340105", "NM_DIST": "Tianguá", "CD_SUBDIST": "23134010500", "NM_SUBDIST": null, "CD_BAIRRO": "2313401005", "NM_BAIRRO": "Cruzeiro", "CD_NU": null, "NM_NU": null, "CD_FCU": null, "NM_FCU": null, "CD_AGLOM": null, "NM_AGLOM": null, "CD_RGINT": "2306", "NM_RGINT": "Sobral", "CD_RGI": "230016", "NM_RGI": "São Benedito - Ipu - Guaraciaba do Norte - Tianguá", "CD_CONCURB": null, "NM_CONCURB": null, "Areapopulacional_CD_SIT": 2, "Areapopulacional_CD_TIPO": 0, "Areapopulacional_v0001": 246, "Areapopulacional_v0002": 99, "Areapopulacional_v0003": 99, "Areapopulacional_v0004": 0, "Areapopulacional_v0005": 2.9, "Areapopulacional_v0006": 0.0116, "Areapopulacional_v0007": 86, "Areapopulacional_AREA_DOMICILIADA_KM2": 0.067789218, "Areapopulacional_AREA_KM2": 0.067789218, "Areapopulacional_DENSIDADE_DEMOGRAFICA_DOMICILIADA_HAB_KM2": 3628.895691, "Areapopulacional_DENSIDADE_DEMOGRAFICA_SETOR_HAB_KM2": 3628.895691, "teste200(2)_fid": 104033, "teste200(2)_CD_SIT": 2, "teste200(2)_CD_TIPO": 0, "teste200(2)_v0001": 246, "teste200(2)_v0002": 99, "teste200(2)_v0003": 99, "teste200(2)_v0004": 0, "teste200(2)_v0005": 2.9, "teste200(2)_v0006": 0.0116, "teste200(2)_v0007": 86, "teste200(2)_AREA_DOMICILIADA_KM2": 0.067789218, "teste200(2)_AREA_KM2": 0.067789218, "teste200(2)_DENSIDADE_DEMOGRAFICA_DOMICILIADA_HAB_KM2": 3628.895691, "teste200(2)_DENSIDADE_DEMOGRAFICA_SETOR_HAB_KM2": 3628.895691, "teste200(2)_V00111SISTEMAGERALÁGUA": 84, "teste200(2)_V00112POÇO": null, "teste200(2)_V00113POÇORASO": 0, "teste200(2)_V00114NASCENTE,FONTE": 0, "teste200(2)_V00115CARROPIPA": 0, "teste200(2)_V00116CHUVA": 0, "teste200(2)_V00117RIOS,AÇUDES,CORREGOS": 0, "teste200(2)_V00118OUTRAFORMA": 0 }, "geometry": { "type": "MultiPolygon", "coordinates": [ [ [ [ -40.998219699999936, -3.732285499999932 ], [ -40.998326, -3.732293 ], [ -40.999195899999961, -3.732775499999946 ], [ -40.999990699999955, -3.73303059999995 ], [ -41.001227, -3.733177799999964 ], [ -41.002011499999981, -3.733355899999935 ], [ -41.000775799999985, -3.731014699999946 ], [ -41.00032269999997, -3.730208699999935 ], [ -40.999654, -3.730922 ], [ -40.99923, -3.731299 ], [ -40.998219699999936, -3.732285499999932 ] ] ] ] } },
{ "type": "Feature", "properties": { "CD_SETOR": "231340105000152", "SITUACAO": "Urbana", "CD_SIT": "1", "CD_TIPO": "0", "AREA_KM2": 0.061172417241212002, "CD_REGIAO": "2", "NM_REGIAO": "Nordeste", "CD_UF": "23", "NM_UF": "Ceará", "CD_MUN": "2313401", "NM_MUN": "Tianguá", "CD_DIST": "231340105", "NM_DIST": "Tianguá", "CD_SUBDIST": "23134010500", "NM_SUBDIST": null, "CD_BAIRRO": "2313401008", "NM_BAIRRO": "Régis Diniz", "CD_NU": null, "NM_NU": null, "CD_FCU": null, "NM_FCU": null, "CD_AGLOM": null, "NM_AGLOM": null, "CD_RGINT": "2306", "NM_RGINT": "Sobral", "CD_RGI": "230016", "NM_RGI": "São Benedito - Ipu - Guaraciaba do Norte - Tianguá", "CD_CONCURB": null, "NM_CONCURB": null, "Areapopulacional_CD_SIT": 1, "Areapopulacional_CD_TIPO": 0, "Areapopulacional_v0001": 408, "Areapopulacional_v0002": 171, "Areapopulacional_v0003": 171, "Areapopulacional_v0004": 0, "Areapopulacional_v0005": 2.7, "Areapopulacional_v0006": 0.04, "Areapopulacional_v0007": 150, "Areapopulacional_AREA_DOMICILIADA_KM2": 0.06117, "Areapopulacional_AREA_KM2": 0.061172417, "Areapopulacional_DENSIDADE_DEMOGRAFICA_DOMICILIADA_HAB_KM2": 6669.936243, "Areapopulacional_DENSIDADE_DEMOGRAFICA_SETOR_HAB_KM2": 6669.672679, "teste200(2)_fid": 193732, "teste200(2)_CD_SIT": 1, "teste200(2)_CD_TIPO": 0, "teste200(2)_v0001": 408, "teste200(2)_v0002": 171, "teste200(2)_v0003": 171, "teste200(2)_v0004": 0, "teste200(2)_v0005": 2.7, "teste200(2)_v0006": 0.04, "teste200(2)_v0007": 150, "teste200(2)_AREA_DOMICILIADA_KM2": 0.06117, "teste200(2)_AREA_KM2": 0.061172417, "teste200(2)_DENSIDADE_DEMOGRAFICA_DOMICILIADA_HAB_KM2": 6669.936243, "teste200(2)_DENSIDADE_DEMOGRAFICA_SETOR_HAB_KM2": 6669.672679, "teste200(2)_V00111SISTEMAGERALÁGUA": 147, "teste200(2)_V00112POÇO": null, "teste200(2)_V00113POÇORASO": 0, "teste200(2)_V00114NASCENTE,FONTE": 0, "teste200(2)_V00115CARROPIPA": 0, "teste200(2)_V00116CHUVA": 0, "teste200(2)_V00117RIOS,AÇUDES,CORREGOS": 0, "teste200(2)_V00118OUTRAFORMA": null }, "geometry": { "type": "MultiPolygon", "coordinates": [ [ [ [ -41.000313199999937, -3.734371299999964 ], [ -41.00063, -3.7347 ], [ -41.001, -3.735084 ], [ -41.001379, -3.735476 ], [ -41.002701099999967, -3.734693399999969 ], [ -41.002784399999939, -3.734644 ], [ -41.002011499999981, -3.733355899999935 ], [ -41.001227, -3.733177799999964 ], [ -40.999990699999955, -3.73303059999995 ], [ -40.999195899999961, -3.732775499999946 ], [ -40.998326, -3.732293 ], [ -40.998668, -3.73265 ], [ -40.999109, -3.733114 ], [ -40.999894, -3.733936 ], [ -41.000126, -3.734177 ], [ -41.000313199999937, -3.734371299999964 ] ] ] ] } },
{ "type": "Feature", "properties": { "CD_SETOR": "231340105000153", "SITUACAO": "Urbana", "CD_SIT": "1", "CD_TIPO": "0", "AREA_KM2": 0.022735572206876001, "CD_REGIAO": "2", "NM_REGIAO": "Nordeste", "CD_UF": "23", "NM_UF": "Ceará", "CD_MUN": "2313401", "NM_MUN": "Tianguá", "CD_DIST": "231340105", "NM_DIST": "Tianguá", "CD_SUBDIST": "23134010500", "NM_SUBDIST": null, "CD_BAIRRO": "2313401001", "NM_BAIRRO": "Centro", "CD_NU": null, "NM_NU": null, "CD_FCU": null, "NM_FCU": null, "CD_AGLOM": null, "NM_AGLOM": null, "CD_RGINT": "2306", "NM_RGINT": "Sobral", "CD_RGI": "230016", "NM_RGI": "São Benedito - Ipu - Guaraciaba do Norte - Tianguá", "CD_CONCURB": null, "NM_CONCURB": null, "Areapopulacional_CD_SIT": 1, "Areapopulacional_CD_TIPO": 0, "Areapopulacional_v0001": 128, "Areapopulacional_v0002": 70, "Areapopulacional_v0003": 70, "Areapopulacional_v0004": 0, "Areapopulacional_v0005": 2.2, "Areapopulacional_v0006": 0.0172, "Areapopulacional_v0007": 58, "Areapopulacional_AREA_DOMICILIADA_KM2": 0.022735572, "Areapopulacional_AREA_KM2": 0.022735572, "Areapopulacional_DENSIDADE_DEMOGRAFICA_DOMICILIADA_HAB_KM2": 5629.944073, "Areapopulacional_DENSIDADE_DEMOGRAFICA_SETOR_HAB_KM2": 5629.944073, "teste200(2)_fid": 12707, "teste200(2)_CD_SIT": 1, "teste200(2)_CD_TIPO": 0, "teste200(2)_v0001": 128, "teste200(2)_v0002": 70, "teste200(2)_v0003": 70, "teste200(2)_v0004": 0, "teste200(2)_v0005": 2.2, "teste200(2)_v0006": 0.0172, "teste200(2)_v0007": 58, "teste200(2)_AREA_DOMICILIADA_KM2": 0.022735572, "teste200(2)_AREA_KM2": 0.022735572, "teste200(2)_DENSIDADE_DEMOGRAFICA_DOMICILIADA_HAB_KM2": 5629.944073, "teste200(2)_DENSIDADE_DEMOGRAFICA_SETOR_HAB_KM2": 5629.944073, "teste200(2)_V00111SISTEMAGERALÁGUA": 58, "teste200(2)_V00112POÇO": 0, "teste200(2)_V00113POÇORASO": 0, "teste200(2)_V00114NASCENTE,FONTE": 0, "teste200(2)_V00115CARROPIPA": 0, "teste200(2)_V00116CHUVA": 0, "teste200(2)_V00117RIOS,AÇUDES,CORREGOS": 0, "teste200(2)_V00118OUTRAFORMA": 0 }, "geometry": { "type": "MultiPolygon", "coordinates": [ [ [ [ -40.993500499999982, -3.728438899999958 ], [ -40.993626499999948, -3.729216699999938 ], [ -40.995184599999959, -3.72894569999994 ], [ -40.994533899999965, -3.728250299999956 ], [ -40.993314299999952, -3.726910699999962 ], [ -40.993500499999982, -3.728438899999958 ] ] ] ] } },
{ "type": "Feature", "properties": { "CD_SETOR": "231340105000154", "SITUACAO": "Urbana", "CD_SIT": "1", "CD_TIPO": "0", "AREA_KM2": 0.071975200550031995, "CD_REGIAO": "2", "NM_REGIAO": "Nordeste", "CD_UF": "23", "NM_UF": "Ceará", "CD_MUN": "2313401", "NM_MUN": "Tianguá", "CD_DIST": "231340105", "NM_DIST": "Tianguá", "CD_SUBDIST": "23134010500", "NM_SUBDIST": null, "CD_BAIRRO": "2313401005", "NM_BAIRRO": "Cruzeiro", "CD_NU": null, "NM_NU": null, "CD_FCU": null, "NM_FCU": null, "CD_AGLOM": null, "NM_AGLOM": null, "CD_RGINT": "2306", "NM_RGINT": "Sobral", "CD_RGI": "230016", "NM_RGI": "São Benedito - Ipu - Guaraciaba do Norte - Tianguá", "CD_CONCURB": null, "NM_CONCURB": null, "Areapopulacional_CD_SIT": 1, "Areapopulacional_CD_TIPO": 0, "Areapopulacional_v0001": 346, "Areapopulacional_v0002": 177, "Areapopulacional_v0003": 176, "Areapopulacional_v0004": 1, "Areapopulacional_v0005": 2.8, "Areapopulacional_v0006": 0.0081, "Areapopulacional_v0007": 124, "Areapopulacional_AREA_DOMICILIADA_KM2": 0.071975201, "Areapopulacional_AREA_KM2": 0.071975201, "Areapopulacional_DENSIDADE_DEMOGRAFICA_DOMICILIADA_HAB_KM2": 4807.211336, "Areapopulacional_DENSIDADE_DEMOGRAFICA_SETOR_HAB_KM2": 4807.211336, "teste200(2)_fid": 40637, "teste200(2)_CD_SIT": 1, "teste200(2)_CD_TIPO": 0, "teste200(2)_v0001": 346, "teste200(2)_v0002": 177, "teste200(2)_v0003": 176, "teste200(2)_v0004": 1, "teste200(2)_v0005": 2.8, "teste200(2)_v0006": 0.0081, "teste200(2)_v0007": 124, "teste200(2)_AREA_DOMICILIADA_KM2": 0.071975201, "teste200(2)_AREA_KM2": 0.071975201, "teste200(2)_DENSIDADE_DEMOGRAFICA_DOMICILIADA_HAB_KM2": 4807.211336, "teste200(2)_DENSIDADE_DEMOGRAFICA_SETOR_HAB_KM2": 4807.211336, "teste200(2)_V00111SISTEMAGERALÁGUA": 123, "teste200(2)_V00112POÇO": null, "teste200(2)_V00113POÇORASO": 0, "teste200(2)_V00114NASCENTE,FONTE": 0, "teste200(2)_V00115CARROPIPA": 0, "teste200(2)_V00116CHUVA": 0, "teste200(2)_V00117RIOS,AÇUDES,CORREGOS": 0, "teste200(2)_V00118OUTRAFORMA": 0 }, "geometry": { "type": "MultiPolygon", "coordinates": [ [ [ [ -40.993626499999948, -3.729216699999938 ], [ -40.993779399999937, -3.730160299999966 ], [ -40.993869, -3.730853 ], [ -40.994011, -3.730848 ], [ -40.996375299999954, -3.731580399999928 ], [ -40.997544, -3.731895 ], [ -40.997977099999957, -3.732042899999954 ], [ -40.997540499999957, -3.731563799999947 ], [ -40.997231199999931, -3.731212 ], [ -40.996982499999945, -3.730969399999935 ], [ -40.996454899999947, -3.730411499999946 ], [ -40.996048599999938, -3.729944499999931 ], [ -40.995184599999959, -3.72894569999994 ], [ -40.993626499999948, -3.729216699999938 ] ] ] ] } },
{ "type": "Feature", "properties": { "CD_SETOR": "231340105000155", "SITUACAO": "Urbana", "CD_SIT": "1", "CD_TIPO": "0", "AREA_KM2": 0.04485075719197, "CD_REGIAO": "2", "NM_REGIAO": "Nordeste", "CD_UF": "23", "NM_UF": "Ceará", "CD_MUN": "2313401", "NM_MUN": "Tianguá", "CD_DIST": "231340105", "NM_DIST": "Tianguá", "CD_SUBDIST": "23134010500", "NM_SUBDIST": null, "CD_BAIRRO": "2313401001", "NM_BAIRRO": "Centro", "CD_NU": null, "NM_NU": null, "CD_FCU": null, "NM_FCU": null, "CD_AGLOM": null, "NM_AGLOM": null, "CD_RGINT": "2306", "NM_RGINT": "Sobral", "CD_RGI": "230016", "NM_RGI": "São Benedito - Ipu - Guaraciaba do Norte - Tianguá", "CD_CONCURB": null, "NM_CONCURB": null, "Areapopulacional_CD_SIT": 1, "Areapopulacional_CD_TIPO": 0, "Areapopulacional_v0001": 273, "Areapopulacional_v0002": 136, "Areapopulacional_v0003": 136, "Areapopulacional_v0004": 0, "Areapopulacional_v0005": 2.4, "Areapopulacional_v0006": 0.0, "Areapopulacional_v0007": 112, "Areapopulacional_AREA_DOMICILIADA_KM2": 0.04485, "Areapopulacional_AREA_KM2": 0.044850757, "Areapopulacional_DENSIDADE_DEMOGRAFICA_DOMICILIADA_HAB_KM2": 6086.956522, "Areapopulacional_DENSIDADE_DEMOGRAFICA_SETOR_HAB_KM2": 6086.853759, "teste200(2)_fid": 161638, "teste200(2)_CD_SIT": 1, "teste200(2)_CD_TIPO": 0, "teste200(2)_v0001": 273, "teste200(2)_v0002": 136, "teste200(2)_v0003": 136, "teste200(2)_v0004": 0, "teste200(2)_v0005": 2.4, "teste200(2)_v0006": 0.0, "teste200(2)_v0007": 112, "teste200(2)_AREA_DOMICILIADA_KM2": 0.04485, "teste200(2)_AREA_KM2": 0.044850757, "teste200(2)_DENSIDADE_DEMOGRAFICA_DOMICILIADA_HAB_KM2": 6086.956522, "teste200(2)_DENSIDADE_DEMOGRAFICA_SETOR_HAB_KM2": 6086.853759, "teste200(2)_V00111SISTEMAGERALÁGUA": 110, "teste200(2)_V00112POÇO": null, "teste200(2)_V00113POÇORASO": null, "teste200(2)_V00114NASCENTE,FONTE": 0, "teste200(2)_V00115CARROPIPA": 0, "teste200(2)_V00116CHUVA": 0, "teste200(2)_V00117RIOS,AÇUDES,CORREGOS": 0, "teste200(2)_V00118OUTRAFORMA": 0 }, "geometry": { "type": "MultiPolygon", "coordinates": [ [ [ [ -40.990873399999941, -3.723892299999932 ], [ -40.991229, -3.724517799999944 ], [ -40.991967299999942, -3.725523199999941 ], [ -40.993314299999952, -3.726910699999962 ], [ -40.993135, -3.725876 ], [ -40.993121, -3.72581 ], [ -40.993022, -3.724904 ], [ -40.99301, -3.724804 ], [ -40.992847, -3.723628 ], [ -40.990873399999941, -3.723892299999932 ] ] ] ] } },
{ "type": "Feature", "properties": { "CD_SETOR": "231340105000156", "SITUACAO": "Urbana", "CD_SIT": "1", "CD_TIPO": "0", "AREA_KM2": 0.046593698162920999, "CD_REGIAO": "2", "NM_REGIAO": "Nordeste", "CD_UF": "23", "NM_UF": "Ceará", "CD_MUN": "2313401", "NM_MUN": "Tianguá", "CD_DIST": "231340105", "NM_DIST": "Tianguá", "CD_SUBDIST": "23134010500", "NM_SUBDIST": null, "CD_BAIRRO": "2313401002", "NM_BAIRRO": "Frei Galvão", "CD_NU": null, "NM_NU": null, "CD_FCU": null, "NM_FCU": null, "CD_AGLOM": null, "NM_AGLOM": null, "CD_RGINT": "2306", "NM_RGINT": "Sobral", "CD_RGI": "230016", "NM_RGI": "São Benedito - Ipu - Guaraciaba do Norte - Tianguá", "CD_CONCURB": null, "NM_CONCURB": null, "Areapopulacional_CD_SIT": 1, "Areapopulacional_CD_TIPO": 0, "Areapopulacional_v0001": 287, "Areapopulacional_v0002": 117, "Areapopulacional_v0003": 117, "Areapopulacional_v0004": 0, "Areapopulacional_v0005": 2.9, "Areapopulacional_v0006": 0.0303, "Areapopulacional_v0007": 99, "Areapopulacional_AREA_DOMICILIADA_KM2": 0.04659, "Areapopulacional_AREA_KM2": 0.046593698, "Areapopulacional_DENSIDADE_DEMOGRAFICA_DOMICILIADA_HAB_KM2": 6160.120197, "Areapopulacional_DENSIDADE_DEMOGRAFICA_SETOR_HAB_KM2": 6159.631266, "teste200(2)_fid": 221391, "teste200(2)_CD_SIT": 1, "teste200(2)_CD_TIPO": 0, "teste200(2)_v0001": 287, "teste200(2)_v0002": 117, "teste200(2)_v0003": 117, "teste200(2)_v0004": 0, "teste200(2)_v0005": 2.9, "teste200(2)_v0006": 0.0303, "teste200(2)_v0007": 99, "teste200(2)_AREA_DOMICILIADA_KM2": 0.04659, "teste200(2)_AREA_KM2": 0.046593698, "teste200(2)_DENSIDADE_DEMOGRAFICA_DOMICILIADA_HAB_KM2": 6160.120197, "teste200(2)_DENSIDADE_DEMOGRAFICA_SETOR_HAB_KM2": 6159.631266, "teste200(2)_V00111SISTEMAGERALÁGUA": 93, "teste200(2)_V00112POÇO": 4, "teste200(2)_V00113POÇORASO": null, "teste200(2)_V00114NASCENTE,FONTE": 0, "teste200(2)_V00115CARROPIPA": 0, "teste200(2)_V00116CHUVA": 0, "teste200(2)_V00117RIOS,AÇUDES,CORREGOS": 0, "teste200(2)_V00118OUTRAFORMA": null }, "geometry": { "type": "MultiPolygon", "coordinates": [ [ [ [ -40.990468599999986, -3.722183099999938 ], [ -40.990873399999941, -3.723892299999932 ], [ -40.992847, -3.723628 ], [ -40.992767, -3.723035 ], [ -40.992619, -3.721861 ], [ -40.992605, -3.721752 ], [ -40.990468599999986, -3.722183099999938 ] ] ] ] } },
{ "type": "Feature", "properties": { "CD_SETOR": "231340105000157", "SITUACAO": "Urbana", "CD_SIT": "1", "CD_TIPO": "0", "AREA_KM2": 0.091498127402191001, "CD_REGIAO": "2", "NM_REGIAO": "Nordeste", "CD_UF": "23", "NM_UF": "Ceará", "CD_MUN": "2313401", "NM_MUN": "Tianguá", "CD_DIST": "231340105", "NM_DIST": "Tianguá", "CD_SUBDIST": "23134010500", "NM_SUBDIST": null, "CD_BAIRRO": "2313401025", "NM_BAIRRO": "Seminário", "CD_NU": null, "NM_NU": null, "CD_FCU": null, "NM_FCU": null, "CD_AGLOM": null, "NM_AGLOM": null, "CD_RGINT": "2306", "NM_RGINT": "Sobral", "CD_RGI": "230016", "NM_RGI": "São Benedito - Ipu - Guaraciaba do Norte - Tianguá", "CD_CONCURB": null, "NM_CONCURB": null, "Areapopulacional_CD_SIT": 1, "Areapopulacional_CD_TIPO": 0, "Areapopulacional_v0001": 24, "Areapopulacional_v0002": 13, "Areapopulacional_v0003": 13, "Areapopulacional_v0004": 0, "Areapopulacional_v0005": 2.2, "Areapopulacional_v0006": 0.0, "Areapopulacional_v0007": 11, "Areapopulacional_AREA_DOMICILIADA_KM2": 0.091498127, "Areapopulacional_AREA_KM2": 0.091498127, "Areapopulacional_DENSIDADE_DEMOGRAFICA_DOMICILIADA_HAB_KM2": 262.3004501, "Areapopulacional_DENSIDADE_DEMOGRAFICA_SETOR_HAB_KM2": 262.3004501, "teste200(2)_fid": 87419, "teste200(2)_CD_SIT": 1, "teste200(2)_CD_TIPO": 0, "teste200(2)_v0001": 24, "teste200(2)_v0002": 13, "teste200(2)_v0003": 13, "teste200(2)_v0004": 0, "teste200(2)_v0005": 2.2, "teste200(2)_v0006": 0.0, "teste200(2)_v0007": 11, "teste200(2)_AREA_DOMICILIADA_KM2": 0.091498127, "teste200(2)_AREA_KM2": 0.091498127, "teste200(2)_DENSIDADE_DEMOGRAFICA_DOMICILIADA_HAB_KM2": 262.3004501, "teste200(2)_DENSIDADE_DEMOGRAFICA_SETOR_HAB_KM2": 262.3004501, "teste200(2)_V00111SISTEMAGERALÁGUA": 10, "teste200(2)_V00112POÇO": null, "teste200(2)_V00113POÇORASO": 0, "teste200(2)_V00114NASCENTE,FONTE": 0, "teste200(2)_V00115CARROPIPA": 0, "teste200(2)_V00116CHUVA": 0, "teste200(2)_V00117RIOS,AÇUDES,CORREGOS": 0, "teste200(2)_V00118OUTRAFORMA": 0 }, "geometry": { "type": "MultiPolygon", "coordinates": [ [ [ [ -40.989877899999954, -3.718996599999969 ], [ -40.990468599999986, -3.722183099999938 ], [ -40.992605, -3.721752 ], [ -40.99247, -3.720684 ], [ -40.992436, -3.720414 ], [ -40.992372, -3.719974 ], [ -40.992269, -3.719269 ], [ -40.992248, -3.719128 ], [ -40.992147, -3.718442 ], [ -40.99191, -3.718492 ], [ -40.991307, -3.718643 ], [ -40.989877899999954, -3.718996599999969 ] ] ] ] } },
{ "type": "Feature", "properties": { "CD_SETOR": "231340105000158", "SITUACAO": "Urbana", "CD_SIT": "1", "CD_TIPO": "0", "AREA_KM2": 0.077312044010661995, "CD_REGIAO": "2", "NM_REGIAO": "Nordeste", "CD_UF": "23", "NM_UF": "Ceará", "CD_MUN": "2313401", "NM_MUN": "Tianguá", "CD_DIST": "231340105", "NM_DIST": "Tianguá", "CD_SUBDIST": "23134010500", "NM_SUBDIST": null, "CD_BAIRRO": "2313401025", "NM_BAIRRO": "Seminário", "CD_NU": null, "NM_NU": null, "CD_FCU": null, "NM_FCU": null, "CD_AGLOM": null, "NM_AGLOM": null, "CD_RGINT": "2306", "NM_RGINT": "Sobral", "CD_RGI": "230016", "NM_RGI": "São Benedito - Ipu - Guaraciaba do Norte - Tianguá", "CD_CONCURB": null, "NM_CONCURB": null, "Areapopulacional_CD_SIT": 1, "Areapopulacional_CD_TIPO": 0, "Areapopulacional_v0001": 158, "Areapopulacional_v0002": 95, "Areapopulacional_v0003": 95, "Areapopulacional_v0004": 0, "Areapopulacional_v0005": 2.6, "Areapopulacional_v0006": 0.05, "Areapopulacional_v0007": 60, "Areapopulacional_AREA_DOMICILIADA_KM2": 0.07731, "Areapopulacional_AREA_KM2": 0.077312044, "Areapopulacional_DENSIDADE_DEMOGRAFICA_DOMICILIADA_HAB_KM2": 2043.720088, "Areapopulacional_DENSIDADE_DEMOGRAFICA_SETOR_HAB_KM2": 2043.666055, "teste200(2)_fid": 177540, "teste200(2)_CD_SIT": 1, "teste200(2)_CD_TIPO": 0, "teste200(2)_v0001": 158, "teste200(2)_v0002": 95, "teste200(2)_v0003": 95, "teste200(2)_v0004": 0, "teste200(2)_v0005": 2.6, "teste200(2)_v0006": 0.05, "teste200(2)_v0007": 60, "teste200(2)_AREA_DOMICILIADA_KM2": 0.07731, "teste200(2)_AREA_KM2": 0.077312044, "teste200(2)_DENSIDADE_DEMOGRAFICA_DOMICILIADA_HAB_KM2": 2043.720088, "teste200(2)_DENSIDADE_DEMOGRAFICA_SETOR_HAB_KM2": 2043.666055, "teste200(2)_V00111SISTEMAGERALÁGUA": 59, "teste200(2)_V00112POÇO": null, "teste200(2)_V00113POÇORASO": 0, "teste200(2)_V00114NASCENTE,FONTE": 0, "teste200(2)_V00115CARROPIPA": 0, "teste200(2)_V00116CHUVA": 0, "teste200(2)_V00117RIOS,AÇUDES,CORREGOS": 0, "teste200(2)_V00118OUTRAFORMA": 0 }, "geometry": { "type": "MultiPolygon", "coordinates": [ [ [ [ -40.988377, -3.719969 ], [ -40.988459, -3.720303 ], [ -40.988791499999934, -3.722521299999926 ], [ -40.990468599999986, -3.722183099999938 ], [ -40.989877899999954, -3.718996599999969 ], [ -40.989624499999934, -3.717950799999926 ], [ -40.988969199999985, -3.718055599999957 ], [ -40.988496899999973, -3.71979609999994 ], [ -40.988377, -3.719969 ] ] ] ] } },
{ "type": "Feature", "properties": { "CD_SETOR": "231340105000159", "SITUACAO": "Urbana", "CD_SIT": "1", "CD_TIPO": "0", "AREA_KM2": 0.036201975311973, "CD_REGIAO": "2", "NM_REGIAO": "Nordeste", "CD_UF": "23", "NM_UF": "Ceará", "CD_MUN": "2313401", "NM_MUN": "Tianguá", "CD_DIST": "231340105", "NM_DIST": "Tianguá", "CD_SUBDIST": "23134010500", "NM_SUBDIST": null, "CD_BAIRRO": "2313401002", "NM_BAIRRO": "Frei Galvão", "CD_NU": null, "NM_NU": null, "CD_FCU": null, "NM_FCU": null, "CD_AGLOM": null, "NM_AGLOM": null, "CD_RGINT": "2306", "NM_RGINT": "Sobral", "CD_RGI": "230016", "NM_RGI": "São Benedito - Ipu - Guaraciaba do Norte - Tianguá", "CD_CONCURB": null, "NM_CONCURB": null, "Areapopulacional_CD_SIT": 1, "Areapopulacional_CD_TIPO": 0, "Areapopulacional_v0001": 341, "Areapopulacional_v0002": 162, "Areapopulacional_v0003": 162, "Areapopulacional_v0004": 0, "Areapopulacional_v0005": 3.0, "Areapopulacional_v0006": 0.0, "Areapopulacional_v0007": 113, "Areapopulacional_AREA_DOMICILIADA_KM2": 0.0362, "Areapopulacional_AREA_KM2": 0.036201975, "Areapopulacional_DENSIDADE_DEMOGRAFICA_DOMICILIADA_HAB_KM2": 9419.889503, "Areapopulacional_DENSIDADE_DEMOGRAFICA_SETOR_HAB_KM2": 9419.375519, "teste200(2)_fid": 207234, "teste200(2)_CD_SIT": 1, "teste200(2)_CD_TIPO": 0, "teste200(2)_v0001": 341, "teste200(2)_v0002": 162, "teste200(2)_v0003": 162, "teste200(2)_v0004": 0, "teste200(2)_v0005": 3.0, "teste200(2)_v0006": 0.0, "teste200(2)_v0007": 113, "teste200(2)_AREA_DOMICILIADA_KM2": 0.0362, "teste200(2)_AREA_KM2": 0.036201975, "teste200(2)_DENSIDADE_DEMOGRAFICA_DOMICILIADA_HAB_KM2": 9419.889503, "teste200(2)_DENSIDADE_DEMOGRAFICA_SETOR_HAB_KM2": 9419.375519, "teste200(2)_V00111SISTEMAGERALÁGUA": 113, "teste200(2)_V00112POÇO": 0, "teste200(2)_V00113POÇORASO": 0, "teste200(2)_V00114NASCENTE,FONTE": 0, "teste200(2)_V00115CARROPIPA": 0, "teste200(2)_V00116CHUVA": 0, "teste200(2)_V00117RIOS,AÇUDES,CORREGOS": 0, "teste200(2)_V00118OUTRAFORMA": 0 }, "geometry": { "type": "MultiPolygon", "coordinates": [ [ [ [ -40.988791499999934, -3.722521299999926 ], [ -40.989062599999954, -3.724088399999971 ], [ -40.990873399999941, -3.723892299999932 ], [ -40.990468599999986, -3.722183099999938 ], [ -40.988791499999934, -3.722521299999926 ] ] ] ] } },
{ "type": "Feature", "properties": { "CD_SETOR": "231340105000160", "SITUACAO": "Urbana", "CD_SIT": "1", "CD_TIPO": "0", "AREA_KM2": 0.19911971793654801, "CD_REGIAO": "2", "NM_REGIAO": "Nordeste", "CD_UF": "23", "NM_UF": "Ceará", "CD_MUN": "2313401", "NM_MUN": "Tianguá", "CD_DIST": "231340105", "NM_DIST": "Tianguá", "CD_SUBDIST": "23134010500", "NM_SUBDIST": null, "CD_BAIRRO": "2313401022", "NM_BAIRRO": "Antão", "CD_NU": null, "NM_NU": null, "CD_FCU": null, "NM_FCU": null, "CD_AGLOM": null, "NM_AGLOM": null, "CD_RGINT": "2306", "NM_RGINT": "Sobral", "CD_RGI": "230016", "NM_RGI": "São Benedito - Ipu - Guaraciaba do Norte - Tianguá", "CD_CONCURB": null, "NM_CONCURB": null, "Areapopulacional_CD_SIT": 1, "Areapopulacional_CD_TIPO": 0, "Areapopulacional_v0001": 904, "Areapopulacional_v0002": 351, "Areapopulacional_v0003": 350, "Areapopulacional_v0004": 1, "Areapopulacional_v0005": 3.1, "Areapopulacional_v0006": 0.0346, "Areapopulacional_v0007": 289, "Areapopulacional_AREA_DOMICILIADA_KM2": 0.199119718, "Areapopulacional_AREA_KM2": 0.199119718, "Areapopulacional_DENSIDADE_DEMOGRAFICA_DOMICILIADA_HAB_KM2": 4539.982325, "Areapopulacional_DENSIDADE_DEMOGRAFICA_SETOR_HAB_KM2": 4539.982325, "teste200(2)_fid": 124637, "teste200(2)_CD_SIT": 1, "teste200(2)_CD_TIPO": 0, "teste200(2)_v0001": 904, "teste200(2)_v0002": 351, "teste200(2)_v0003": 350, "teste200(2)_v0004": 1, "teste200(2)_v0005": 3.1, "teste200(2)_v0006": 0.0346, "teste200(2)_v0007": 289, "teste200(2)_AREA_DOMICILIADA_KM2": 0.199119718, "teste200(2)_AREA_KM2": 0.199119718, "teste200(2)_DENSIDADE_DEMOGRAFICA_DOMICILIADA_HAB_KM2": 4539.982325, "teste200(2)_DENSIDADE_DEMOGRAFICA_SETOR_HAB_KM2": 4539.982325, "teste200(2)_V00111SISTEMAGERALÁGUA": 287, "teste200(2)_V00112POÇO": null, "teste200(2)_V00113POÇORASO": 0, "teste200(2)_V00114NASCENTE,FONTE": 0, "teste200(2)_V00115CARROPIPA": 0, "teste200(2)_V00116CHUVA": 0, "teste200(2)_V00117RIOS,AÇUDES,CORREGOS": 0, "teste200(2)_V00118OUTRAFORMA": 0 }, "geometry": { "type": "MultiPolygon", "coordinates": [ [ [ [ -40.99815, -3.726078 ], [ -40.998327, -3.726397 ], [ -40.998493, -3.726696 ], [ -40.998636399999953, -3.72699369999998 ], [ -40.998947799999939, -3.727812799999981 ], [ -40.999203499999965, -3.728240399999947 ], [ -40.999337599999933, -3.728504399999963 ], [ -40.999459199999933, -3.728726599999959 ], [ -40.999595799999952, -3.728949599999964 ], [ -40.999802599999953, -3.729308499999945 ], [ -40.999893799999938, -3.729463599999974 ], [ -41.003481, -3.728348 ], [ -41.002200399999936, -3.725901399999941 ], [ -41.001614299999972, -3.725067199999955 ], [ -41.001183199999957, -3.724380499999938 ], [ -41.001235899999983, -3.724301399999945 ], [ -41.000964599999975, -3.723911899999962 ], [ -40.999867399999971, -3.724805799999956 ], [ -40.99815, -3.726078 ] ] ] ] } },
{ "type": "Feature", "properties": { "CD_SETOR": "231340105000161", "SITUACAO": "Urbana", "CD_SIT": "1", "CD_TIPO": "0", "AREA_KM2": 0.14563496310373999, "CD_REGIAO": "2", "NM_REGIAO": "Nordeste", "CD_UF": "23", "NM_UF": "Ceará", "CD_MUN": "2313401", "NM_MUN": "Tianguá", "CD_DIST": "231340105", "NM_DIST": "Tianguá", "CD_SUBDIST": "23134010500", "NM_SUBDIST": null, "CD_BAIRRO": "2313401007", "NM_BAIRRO": "Geraldo Saraiva", "CD_NU": null, "NM_NU": null, "CD_FCU": null, "NM_FCU": null, "CD_AGLOM": null, "NM_AGLOM": null, "CD_RGINT": "2306", "NM_RGINT": "Sobral", "CD_RGI": "230016", "NM_RGI": "São Benedito - Ipu - Guaraciaba do Norte - Tianguá", "CD_CONCURB": null, "NM_CONCURB": null, "Areapopulacional_CD_SIT": 1, "Areapopulacional_CD_TIPO": 0, "Areapopulacional_v0001": 314, "Areapopulacional_v0002": 119, "Areapopulacional_v0003": 119, "Areapopulacional_v0004": 0, "Areapopulacional_v0005": 3.0, "Areapopulacional_v0006": 0.0192, "Areapopulacional_v0007": 104, "Areapopulacional_AREA_DOMICILIADA_KM2": 0.14563, "Areapopulacional_AREA_KM2": 0.145634963, "Areapopulacional_DENSIDADE_DEMOGRAFICA_DOMICILIADA_HAB_KM2": 2156.149145, "Areapopulacional_DENSIDADE_DEMOGRAFICA_SETOR_HAB_KM2": 2156.075666, "teste200(2)_fid": 187710, "teste200(2)_CD_SIT": 1, "teste200(2)_CD_TIPO": 0, "teste200(2)_v0001": 314, "teste200(2)_v0002": 119, "teste200(2)_v0003": 119, "teste200(2)_v0004": 0, "teste200(2)_v0005": 3.0, "teste200(2)_v0006": 0.0192, "teste200(2)_v0007": 104, "teste200(2)_AREA_DOMICILIADA_KM2": 0.14563, "teste200(2)_AREA_KM2": 0.145634963, "teste200(2)_DENSIDADE_DEMOGRAFICA_DOMICILIADA_HAB_KM2": 2156.149145, "teste200(2)_DENSIDADE_DEMOGRAFICA_SETOR_HAB_KM2": 2156.075666, "teste200(2)_V00111SISTEMAGERALÁGUA": 102, "teste200(2)_V00112POÇO": null, "teste200(2)_V00113POÇORASO": 0, "teste200(2)_V00114NASCENTE,FONTE": 0, "teste200(2)_V00115CARROPIPA": 0, "teste200(2)_V00116CHUVA": 0, "teste200(2)_V00117RIOS,AÇUDES,CORREGOS": 0, "teste200(2)_V00118OUTRAFORMA": 0 }, "geometry": { "type": "MultiPolygon", "coordinates": [ [ [ [ -40.998081199999945, -3.722018899999966 ], [ -40.996497, -3.723111899999935 ], [ -40.997577899999953, -3.725051899999926 ], [ -40.99815, -3.726078 ], [ -40.999867399999971, -3.724805799999956 ], [ -41.000964599999975, -3.723911899999962 ], [ -41.001547099999982, -3.723416099999952 ], [ -41.000955, -3.722787 ], [ -41.000701599999957, -3.722573 ], [ -40.998640199999954, -3.721684299999936 ], [ -40.998081199999945, -3.722018899999966 ] ] ] ] } },
{ "type": "Feature", "properties": { "CD_SETOR": "231340105000162", "SITUACAO": "Urbana", "CD_SIT": "2", "CD_TIPO": "0", "AREA_KM2": 0.70685045155959503, "CD_REGIAO": "2", "NM_REGIAO": "Nordeste", "CD_UF": "23", "NM_UF": "Ceará", "CD_MUN": "2313401", "NM_MUN": "Tianguá", "CD_DIST": "231340105", "NM_DIST": "Tianguá", "CD_SUBDIST": "23134010500", "NM_SUBDIST": null, "CD_BAIRRO": "2313401002", "NM_BAIRRO": "Frei Galvão", "CD_NU": null, "NM_NU": null, "CD_FCU": null, "NM_FCU": null, "CD_AGLOM": null, "NM_AGLOM": null, "CD_RGINT": "2306", "NM_RGINT": "Sobral", "CD_RGI": "230016", "NM_RGI": "São Benedito - Ipu - Guaraciaba do Norte - Tianguá", "CD_CONCURB": null, "NM_CONCURB": null, "Areapopulacional_CD_SIT": 2, "Areapopulacional_CD_TIPO": 0, "Areapopulacional_v0001": 670, "Areapopulacional_v0002": 234, "Areapopulacional_v0003": 234, "Areapopulacional_v0004": 0, "Areapopulacional_v0005": 3.3, "Areapopulacional_v0006": 0.0, "Areapopulacional_v0007": 202, "Areapopulacional_AREA_DOMICILIADA_KM2": 0.32037, "Areapopulacional_AREA_KM2": 0.706850452, "Areapopulacional_DENSIDADE_DEMOGRAFICA_DOMICILIADA_HAB_KM2": 2091.331897, "Areapopulacional_DENSIDADE_DEMOGRAFICA_SETOR_HAB_KM2": 947.866693, "teste200(2)_fid": 344850, "teste200(2)_CD_SIT": 2, "teste200(2)_CD_TIPO": 0, "teste200(2)_v0001": 670, "teste200(2)_v0002": 234, "teste200(2)_v0003": 234, "teste200(2)_v0004": 0, "teste200(2)_v0005": 3.3, "teste200(2)_v0006": 0.0, "teste200(2)_v0007": 202, "teste200(2)_AREA_DOMICILIADA_KM2": 0.32037, "teste200(2)_AREA_KM2": 0.706850452, "teste200(2)_DENSIDADE_DEMOGRAFICA_DOMICILIADA_HAB_KM2": 2091.331897, "teste200(2)_DENSIDADE_DEMOGRAFICA_SETOR_HAB_KM2": 947.866693, "teste200(2)_V00111SISTEMAGERALÁGUA": 200, "teste200(2)_V00112POÇO": null, "teste200(2)_V00113POÇORASO": 0, "teste200(2)_V00114NASCENTE,FONTE": 0, "teste200(2)_V00115CARROPIPA": 0, "teste200(2)_V00116CHUVA": 0, "teste200(2)_V00117RIOS,AÇUDES,CORREGOS": 0, "teste200(2)_V00118OUTRAFORMA": 0 }, "geometry": { "type": "MultiPolygon", "coordinates": [ [ [ [ -40.99836449999998, -3.71823269999993 ], [ -40.998291599999959, -3.719125 ], [ -40.998236799999972, -3.719568099999947 ], [ -40.998861, -3.71967049999995 ], [ -40.998824499999955, -3.720359799999926 ], [ -41.000823199999957, -3.720563799999979 ], [ -41.000701599999957, -3.722573 ], [ -41.000955, -3.722787 ], [ -41.001547099999982, -3.723416099999952 ], [ -41.00405109999997, -3.721642499999973 ], [ -41.004097499999943, -3.721173599999929 ], [ -41.004096, -3.720856199999957 ], [ -41.004290599999933, -3.719617299999925 ], [ -41.004593099999965, -3.719007 ], [ -41.004551899999967, -3.718842699999925 ], [ -41.004560899999944, -3.718597899999963 ], [ -41.005037199999947, -3.716091499999948 ], [ -41.005470399999979, -3.713286 ], [ -41.00038909999995, -3.711954499999933 ], [ -40.99906569999996, -3.711768699999936 ], [ -40.998669899999982, -3.715633399999945 ], [ -40.99836449999998, -3.71823269999993 ] ] ] ] } },
{ "type": "Feature", "properties": { "CD_SETOR": "231340105000163", "SITUACAO": "Urbana", "CD_SIT": "2", "CD_TIPO": "0", "AREA_KM2": 0.30853351933308998, "CD_REGIAO": "2", "NM_REGIAO": "Nordeste", "CD_UF": "23", "NM_UF": "Ceará", "CD_MUN": "2313401", "NM_MUN": "Tianguá", "CD_DIST": "231340105", "NM_DIST": "Tianguá", "CD_SUBDIST": "23134010500", "NM_SUBDIST": null, "CD_BAIRRO": "2313401018", "NM_BAIRRO": "Santo Expedito", "CD_NU": null, "NM_NU": null, "CD_FCU": null, "NM_FCU": null, "CD_AGLOM": null, "NM_AGLOM": null, "CD_RGINT": "2306", "NM_RGINT": "Sobral", "CD_RGI": "230016", "NM_RGI": "São Benedito - Ipu - Guaraciaba do Norte - Tianguá", "CD_CONCURB": null, "NM_CONCURB": null, "Areapopulacional_CD_SIT": 2, "Areapopulacional_CD_TIPO": 0, "Areapopulacional_v0001": 285, "Areapopulacional_v0002": 89, "Areapopulacional_v0003": 89, "Areapopulacional_v0004": 0, "Areapopulacional_v0005": 3.3, "Areapopulacional_v0006": 0.0, "Areapopulacional_v0007": 86, "Areapopulacional_AREA_DOMICILIADA_KM2": 0.19776, "Areapopulacional_AREA_KM2": 0.308533519, "Areapopulacional_DENSIDADE_DEMOGRAFICA_DOMICILIADA_HAB_KM2": 1441.140777, "Areapopulacional_DENSIDADE_DEMOGRAFICA_SETOR_HAB_KM2": 923.7245944, "teste200(2)_fid": 332419, "teste200(2)_CD_SIT": 2, "teste200(2)_CD_TIPO": 0, "teste200(2)_v0001": 285, "teste200(2)_v0002": 89, "teste200(2)_v0003": 89, "teste200(2)_v0004": 0, "teste200(2)_v0005": 3.3, "teste200(2)_v0006": 0.0, "teste200(2)_v0007": 86, "teste200(2)_AREA_DOMICILIADA_KM2": 0.19776, "teste200(2)_AREA_KM2": 0.308533519, "teste200(2)_DENSIDADE_DEMOGRAFICA_DOMICILIADA_HAB_KM2": 1441.140777, "teste200(2)_DENSIDADE_DEMOGRAFICA_SETOR_HAB_KM2": 923.7245944, "teste200(2)_V00111SISTEMAGERALÁGUA": 85, "teste200(2)_V00112POÇO": 0, "teste200(2)_V00113POÇORASO": 0, "teste200(2)_V00114NASCENTE,FONTE": 0, "teste200(2)_V00115CARROPIPA": 0, "teste200(2)_V00116CHUVA": 0, "teste200(2)_V00117RIOS,AÇUDES,CORREGOS": 0, "teste200(2)_V00118OUTRAFORMA": null }, "geometry": { "type": "MultiPolygon", "coordinates": [ [ [ [ -41.005037199999947, -3.716091499999948 ], [ -41.004560899999944, -3.718597899999963 ], [ -41.004551899999967, -3.718842699999925 ], [ -41.004593099999965, -3.719007 ], [ -41.004290599999933, -3.719617299999925 ], [ -41.004096, -3.720856199999957 ], [ -41.004097499999943, -3.721173599999929 ], [ -41.00405109999997, -3.721642499999973 ], [ -41.004431, -3.721439 ], [ -41.005247, -3.721026 ], [ -41.005603299999962, -3.720870299999945 ], [ -41.006069499999967, -3.720804599999951 ], [ -41.006372899999974, -3.720725 ], [ -41.00671, -3.720626 ], [ -41.00695989999997, -3.720471499999974 ], [ -41.007433, -3.720273 ], [ -41.007735399999945, -3.72012929999994 ], [ -41.007978899999955, -3.720007099999975 ], [ -41.008501699999954, -3.719673299999954 ], [ -41.00915, -3.719364 ], [ -41.009573399999965, -3.718902299999968 ], [ -41.009766899999931, -3.718001 ], [ -41.009710499999983, -3.716887799999938 ], [ -41.009591499999942, -3.715439899999978 ], [ -41.009266099999934, -3.71528509999996 ], [ -41.008890199999939, -3.715199699999971 ], [ -41.00865749999997, -3.71506519999997 ], [ -41.00764479999998, -3.715253599999926 ], [ -41.006973599999981, -3.715114699999958 ], [ -41.005037199999947, -3.716091499999948 ] ] ] ] } },
{ "type": "Feature", "properties": { "CD_SETOR": "231340105000164", "SITUACAO": "Urbana", "CD_SIT": "2", "CD_TIPO": "0", "AREA_KM2": 0.20528905469660599, "CD_REGIAO": "2", "NM_REGIAO": "Nordeste", "CD_UF": "23", "NM_UF": "Ceará", "CD_MUN": "2313401", "NM_MUN": "Tianguá", "CD_DIST": "231340105", "NM_DIST": "Tianguá", "CD_SUBDIST": "23134010500", "NM_SUBDIST": null, "CD_BAIRRO": "2313401018", "NM_BAIRRO": "Santo Expedito", "CD_NU": null, "NM_NU": null, "CD_FCU": null, "NM_FCU": null, "CD_AGLOM": null, "NM_AGLOM": null, "CD_RGINT": "2306", "NM_RGINT": "Sobral", "CD_RGI": "230016", "NM_RGI": "São Benedito - Ipu - Guaraciaba do Norte - Tianguá", "CD_CONCURB": null, "NM_CONCURB": null, "Areapopulacional_CD_SIT": 2, "Areapopulacional_CD_TIPO": 0, "Areapopulacional_v0001": 526, "Areapopulacional_v0002": 184, "Areapopulacional_v0003": 184, "Areapopulacional_v0004": 0, "Areapopulacional_v0005": 3.5, "Areapopulacional_v0006": 0.0133, "Areapopulacional_v0007": 150, "Areapopulacional_AREA_DOMICILIADA_KM2": 0.205289055, "Areapopulacional_AREA_KM2": 0.205289055, "Areapopulacional_DENSIDADE_DEMOGRAFICA_DOMICILIADA_HAB_KM2": 2562.24084, "Areapopulacional_DENSIDADE_DEMOGRAFICA_SETOR_HAB_KM2": 2562.24084, "teste200(2)_fid": 118048, "teste200(2)_CD_SIT": 2, "teste200(2)_CD_TIPO": 0, "teste200(2)_v0001": 526, "teste200(2)_v0002": 184, "teste200(2)_v0003": 184, "teste200(2)_v0004": 0, "teste200(2)_v0005": 3.5, "teste200(2)_v0006": 0.0133, "teste200(2)_v0007": 150, "teste200(2)_AREA_DOMICILIADA_KM2": 0.205289055, "teste200(2)_AREA_KM2": 0.205289055, "teste200(2)_DENSIDADE_DEMOGRAFICA_DOMICILIADA_HAB_KM2": 2562.24084, "teste200(2)_DENSIDADE_DEMOGRAFICA_SETOR_HAB_KM2": 2562.24084, "teste200(2)_V00111SISTEMAGERALÁGUA": 142, "teste200(2)_V00112POÇO": 0, "teste200(2)_V00113POÇORASO": 0, "teste200(2)_V00114NASCENTE,FONTE": 0, "teste200(2)_V00115CARROPIPA": 0, "teste200(2)_V00116CHUVA": 0, "teste200(2)_V00117RIOS,AÇUDES,CORREGOS": 0, "teste200(2)_V00118OUTRAFORMA": 7 }, "geometry": { "type": "MultiPolygon", "coordinates": [ [ [ [ -41.009573399999965, -3.718902299999968 ], [ -41.00915, -3.719364 ], [ -41.008501699999954, -3.719673299999954 ], [ -41.007978899999955, -3.720007099999975 ], [ -41.007735399999945, -3.72012929999994 ], [ -41.007433, -3.720273 ], [ -41.00695989999997, -3.720471499999974 ], [ -41.00671, -3.720626 ], [ -41.006372899999974, -3.720725 ], [ -41.006069499999967, -3.720804599999951 ], [ -41.005603299999962, -3.720870299999945 ], [ -41.005247, -3.721026 ], [ -41.004431, -3.721439 ], [ -41.00405109999997, -3.721642499999973 ], [ -41.001547099999982, -3.723416099999952 ], [ -41.000964599999975, -3.723911899999962 ], [ -41.001235899999983, -3.724301399999945 ], [ -41.002356299999974, -3.72394989999998 ], [ -41.006677599999932, -3.722465499999942 ], [ -41.007663099999945, -3.722125799999958 ], [ -41.008897599999955, -3.72170019999993 ], [ -41.010194099999978, -3.721249399999977 ], [ -41.010739299999955, -3.721055099999944 ], [ -41.010557799999958, -3.720661699999937 ], [ -41.010353899999984, -3.718741199999954 ], [ -41.009573399999965, -3.718902299999968 ] ] ] ] } },
{ "type": "Feature", "properties": { "CD_SETOR": "231340105000165", "SITUACAO": "Rural", "CD_SIT": "8", "CD_TIPO": "0", "AREA_KM2": 1.066844659695547, "CD_REGIAO": "2", "NM_REGIAO": "Nordeste", "CD_UF": "23", "NM_UF": "Ceará", "CD_MUN": "2313401", "NM_MUN": "Tianguá", "CD_DIST": "231340105", "NM_DIST": "Tianguá", "CD_SUBDIST": "23134010500", "NM_SUBDIST": null, "CD_BAIRRO": null, "NM_BAIRRO": null, "CD_NU": null, "NM_NU": null, "CD_FCU": null, "NM_FCU": null, "CD_AGLOM": null, "NM_AGLOM": null, "CD_RGINT": "2306", "NM_RGINT": "Sobral", "CD_RGI": "230016", "NM_RGI": "São Benedito - Ipu - Guaraciaba do Norte - Tianguá", "CD_CONCURB": null, "NM_CONCURB": null, "Areapopulacional_CD_SIT": null, "Areapopulacional_CD_TIPO": null, "Areapopulacional_v0001": null, "Areapopulacional_v0002": null, "Areapopulacional_v0003": null, "Areapopulacional_v0004": null, "Areapopulacional_v0005": null, "Areapopulacional_v0006": null, "Areapopulacional_v0007": null, "Areapopulacional_AREA_DOMICILIADA_KM2": null, "Areapopulacional_AREA_KM2": null, "Areapopulacional_DENSIDADE_DEMOGRAFICA_DOMICILIADA_HAB_KM2": null, "Areapopulacional_DENSIDADE_DEMOGRAFICA_SETOR_HAB_KM2": null, "teste200(2)_fid": null, "teste200(2)_CD_SIT": null, "teste200(2)_CD_TIPO": null, "teste200(2)_v0001": null, "teste200(2)_v0002": null, "teste200(2)_v0003": null, "teste200(2)_v0004": null, "teste200(2)_v0005": null, "teste200(2)_v0006": null, "teste200(2)_v0007": null, "teste200(2)_AREA_DOMICILIADA_KM2": null, "teste200(2)_AREA_KM2": null, "teste200(2)_DENSIDADE_DEMOGRAFICA_DOMICILIADA_HAB_KM2": null, "teste200(2)_DENSIDADE_DEMOGRAFICA_SETOR_HAB_KM2": null, "teste200(2)_V00111SISTEMAGERALÁGUA": null, "teste200(2)_V00112POÇO": null, "teste200(2)_V00113POÇORASO": null, "teste200(2)_V00114NASCENTE,FONTE": null, "teste200(2)_V00115CARROPIPA": null, "teste200(2)_V00116CHUVA": null, "teste200(2)_V00117RIOS,AÇUDES,CORREGOS": null, "teste200(2)_V00118OUTRAFORMA": null }, "geometry": { "type": "MultiPolygon", "coordinates": [ [ [ [ -40.971915599999932, -3.675998599999957 ], [ -40.972032299999967, -3.676145399999939 ], [ -40.973046099999976, -3.677679099999978 ], [ -40.972594, -3.677982499999928 ], [ -40.972420199999931, -3.678080699999953 ], [ -40.972022699999968, -3.678260099999932 ], [ -40.971055799999931, -3.678768599999955 ], [ -40.971154799999965, -3.678911099999937 ], [ -40.971342099999958, -3.679482699999937 ], [ -40.971802399999945, -3.680421499999966 ], [ -40.972348199999942, -3.68144609999996 ], [ -40.973016899999948, -3.682055 ], [ -40.973593799999946, -3.682343 ], [ -40.974522199999967, -3.682952899999975 ], [ -40.975849899999957, -3.683683299999927 ], [ -40.976465699999949, -3.684111599999937 ], [ -40.976917799999967, -3.684942 ], [ -40.97697809999994, -3.685738899999933 ], [ -40.976912299999981, -3.686700799999926 ], [ -40.976847199999952, -3.687174 ], [ -40.980578399999956, -3.684084799999937 ], [ -40.980708099999958, -3.683969 ], [ -40.980747, -3.683381599999962 ], [ -40.980747, -3.681459199999949 ], [ -40.980736899999954, -3.679354799999942 ], [ -40.980742, -3.677391899999975 ], [ -40.980742, -3.675692199999958 ], [ -40.98073439999996, -3.67429089999996 ], [ -40.98068, -3.67274459999993 ], [ -40.978780699999959, -3.673441099999934 ], [ -40.977352799999949, -3.673360499999944 ], [ -40.97321409999995, -3.675369799999942 ], [ -40.971915599999932, -3.675998599999957 ] ] ] ] } },
{ "type": "Feature", "properties": { "CD_SETOR": "231340105000166", "SITUACAO": "Rural", "CD_SIT": "8", "CD_TIPO": "0", "AREA_KM2": 2.7708680645670691, "CD_REGIAO": "2", "NM_REGIAO": "Nordeste", "CD_UF": "23", "NM_UF": "Ceará", "CD_MUN": "2313401", "NM_MUN": "Tianguá", "CD_DIST": "231340105", "NM_DIST": "Tianguá", "CD_SUBDIST": "23134010500", "NM_SUBDIST": null, "CD_BAIRRO": null, "NM_BAIRRO": null, "CD_NU": null, "NM_NU": null, "CD_FCU": null, "NM_FCU": null, "CD_AGLOM": null, "NM_AGLOM": null, "CD_RGINT": "2306", "NM_RGINT": "Sobral", "CD_RGI": "230016", "NM_RGI": "São Benedito - Ipu - Guaraciaba do Norte - Tianguá", "CD_CONCURB": null, "NM_CONCURB": null, "Areapopulacional_CD_SIT": null, "Areapopulacional_CD_TIPO": null, "Areapopulacional_v0001": null, "Areapopulacional_v0002": null, "Areapopulacional_v0003": null, "Areapopulacional_v0004": null, "Areapopulacional_v0005": null, "Areapopulacional_v0006": null, "Areapopulacional_v0007": null, "Areapopulacional_AREA_DOMICILIADA_KM2": null, "Areapopulacional_AREA_KM2": null, "Areapopulacional_DENSIDADE_DEMOGRAFICA_DOMICILIADA_HAB_KM2": null, "Areapopulacional_DENSIDADE_DEMOGRAFICA_SETOR_HAB_KM2": null, "teste200(2)_fid": null, "teste200(2)_CD_SIT": null, "teste200(2)_CD_TIPO": null, "teste200(2)_v0001": null, "teste200(2)_v0002": null, "teste200(2)_v0003": null, "teste200(2)_v0004": null, "teste200(2)_v0005": null, "teste200(2)_v0006": null, "teste200(2)_v0007": null, "teste200(2)_AREA_DOMICILIADA_KM2": null, "teste200(2)_AREA_KM2": null, "teste200(2)_DENSIDADE_DEMOGRAFICA_DOMICILIADA_HAB_KM2": null, "teste200(2)_DENSIDADE_DEMOGRAFICA_SETOR_HAB_KM2": null, "teste200(2)_V00111SISTEMAGERALÁGUA": null, "teste200(2)_V00112POÇO": null, "teste200(2)_V00113POÇORASO": null, "teste200(2)_V00114NASCENTE,FONTE": null, "teste200(2)_V00115CARROPIPA": null, "teste200(2)_V00116CHUVA": null, "teste200(2)_V00117RIOS,AÇUDES,CORREGOS": null, "teste200(2)_V00118OUTRAFORMA": null }, "geometry": { "type": "MultiPolygon", "coordinates": [ [ [ [ -40.98068, -3.67274459999993 ], [ -40.98073439999996, -3.67429089999996 ], [ -40.980742, -3.675692199999958 ], [ -40.980742, -3.677391899999975 ], [ -40.980736899999954, -3.679354799999942 ], [ -40.980747, -3.681459199999949 ], [ -40.980747, -3.683381599999962 ], [ -40.980708099999958, -3.683969 ], [ -40.993612599999949, -3.688562299999944 ], [ -40.993593499999974, -3.687924099999975 ], [ -40.993862599999943, -3.687498699999935 ], [ -40.993997599999943, -3.686411499999963 ], [ -40.994889499999942, -3.684379299999932 ], [ -40.994674599999939, -3.683148 ], [ -40.994429899999943, -3.678558199999941 ], [ -40.994551099999967, -3.677236499999935 ], [ -40.994915799999944, -3.676496699999973 ], [ -40.995068099999969, -3.674838699999952 ], [ -40.995212799999933, -3.674549 ], [ -40.995262599999933, -3.674219299999947 ], [ -40.995176199999946, -3.673802899999941 ], [ -40.995074099999954, -3.67346509999993 ], [ -40.995119699999975, -3.67298089999997 ], [ -40.994619, -3.672624699999972 ], [ -40.994382399999949, -3.672065 ], [ -40.994281599999965, -3.671392599999933 ], [ -40.994421799999941, -3.670676 ], [ -40.994768199999953, -3.670137 ], [ -40.995546899999965, -3.669463899999926 ], [ -40.995407599999965, -3.668656099999964 ], [ -40.994354899999962, -3.668620799999928 ], [ -40.991482599999983, -3.668874199999948 ], [ -40.988546399999962, -3.669702499999971 ], [ -40.986133, -3.67043259999997 ], [ -40.98068, -3.67274459999993 ] ] ] ] } },
{ "type": "Feature", "properties": { "CD_SETOR": "231340105000167", "SITUACAO": "Rural", "CD_SIT": "8", "CD_TIPO": "0", "AREA_KM2": 0.99284341113056396, "CD_REGIAO": "2", "NM_REGIAO": "Nordeste", "CD_UF": "23", "NM_UF": "Ceará", "CD_MUN": "2313401", "NM_MUN": "Tianguá", "CD_DIST": "231340105", "NM_DIST": "Tianguá", "CD_SUBDIST": "23134010500", "NM_SUBDIST": null, "CD_BAIRRO": null, "NM_BAIRRO": null, "CD_NU": null, "NM_NU": null, "CD_FCU": null, "NM_FCU": null, "CD_AGLOM": null, "NM_AGLOM": null, "CD_RGINT": "2306", "NM_RGINT": "Sobral", "CD_RGI": "230016", "NM_RGI": "São Benedito - Ipu - Guaraciaba do Norte - Tianguá", "CD_CONCURB": null, "NM_CONCURB": null, "Areapopulacional_CD_SIT": null, "Areapopulacional_CD_TIPO": null, "Areapopulacional_v0001": null, "Areapopulacional_v0002": null, "Areapopulacional_v0003": null, "Areapopulacional_v0004": null, "Areapopulacional_v0005": null, "Areapopulacional_v0006": null, "Areapopulacional_v0007": null, "Areapopulacional_AREA_DOMICILIADA_KM2": null, "Areapopulacional_AREA_KM2": null, "Areapopulacional_DENSIDADE_DEMOGRAFICA_DOMICILIADA_HAB_KM2": null, "Areapopulacional_DENSIDADE_DEMOGRAFICA_SETOR_HAB_KM2": null, "teste200(2)_fid": null, "teste200(2)_CD_SIT": null, "teste200(2)_CD_TIPO": null, "teste200(2)_v0001": null, "teste200(2)_v0002": null, "teste200(2)_v0003": null, "teste200(2)_v0004": null, "teste200(2)_v0005": null, "teste200(2)_v0006": null, "teste200(2)_v0007": null, "teste200(2)_AREA_DOMICILIADA_KM2": null, "teste200(2)_AREA_KM2": null, "teste200(2)_DENSIDADE_DEMOGRAFICA_DOMICILIADA_HAB_KM2": null, "teste200(2)_DENSIDADE_DEMOGRAFICA_SETOR_HAB_KM2": null, "teste200(2)_V00111SISTEMAGERALÁGUA": null, "teste200(2)_V00112POÇO": null, "teste200(2)_V00113POÇORASO": null, "teste200(2)_V00114NASCENTE,FONTE": null, "teste200(2)_V00115CARROPIPA": null, "teste200(2)_V00116CHUVA": null, "teste200(2)_V00117RIOS,AÇUDES,CORREGOS": null, "teste200(2)_V00118OUTRAFORMA": null }, "geometry": { "type": "MultiPolygon", "coordinates": [ [ [ [ -40.952931299999932, -3.730476199999941 ], [ -40.95164879999993, -3.73103279999998 ], [ -40.950240899999983, -3.731583599999965 ], [ -40.949435499999936, -3.731861 ], [ -40.947537, -3.733340799999951 ], [ -40.947086099999979, -3.733509699999956 ], [ -40.946488199999976, -3.733574199999964 ], [ -40.945101199999954, -3.733429699999931 ], [ -40.944868499999984, -3.733965099999978 ], [ -40.944868499999984, -3.735108499999967 ], [ -40.944874199999958, -3.737470899999948 ], [ -40.945505, -3.737301399999978 ], [ -40.945669699999939, -3.737747199999944 ], [ -40.945644899999934, -3.739986499999929 ], [ -40.946433399999933, -3.740001599999971 ], [ -40.949366199999929, -3.738157799999954 ], [ -40.950274899999954, -3.73771069999998 ], [ -40.951216199999976, -3.737233299999957 ], [ -40.95222229999996, -3.736867399999937 ], [ -40.953090299999985, -3.736585 ], [ -40.954899, -3.736244399999975 ], [ -40.957512099999974, -3.735070299999961 ], [ -40.959502899999961, -3.734166199999947 ], [ -40.959580499999959, -3.73354489999997 ], [ -40.95980389999994, -3.73300839999996 ], [ -40.959989399999984, -3.730817099999967 ], [ -40.959697299999959, -3.730393299999946 ], [ -40.958946399999945, -3.730419799999936 ], [ -40.958164599999975, -3.730794799999956 ], [ -40.957042599999966, -3.731030399999952 ], [ -40.956537499999968, -3.730810899999938 ], [ -40.953329499999938, -3.730655599999977 ], [ -40.952931299999932, -3.730476199999941 ] ] ] ] } },
{ "type": "Feature", "properties": { "CD_SETOR": "231340105000168", "SITUACAO": "Rural", "CD_SIT": "8", "CD_TIPO": "0", "AREA_KM2": 3.9681171581996448, "CD_REGIAO": "2", "NM_REGIAO": "Nordeste", "CD_UF": "23", "NM_UF": "Ceará", "CD_MUN": "2313401", "NM_MUN": "Tianguá", "CD_DIST": "231340105", "NM_DIST": "Tianguá", "CD_SUBDIST": "23134010500", "NM_SUBDIST": null, "CD_BAIRRO": null, "NM_BAIRRO": null, "CD_NU": null, "NM_NU": null, "CD_FCU": null, "NM_FCU": null, "CD_AGLOM": null, "NM_AGLOM": null, "CD_RGINT": "2306", "NM_RGINT": "Sobral", "CD_RGI": "230016", "NM_RGI": "São Benedito - Ipu - Guaraciaba do Norte - Tianguá", "CD_CONCURB": null, "NM_CONCURB": null, "Areapopulacional_CD_SIT": null, "Areapopulacional_CD_TIPO": null, "Areapopulacional_v0001": null, "Areapopulacional_v0002": null, "Areapopulacional_v0003": null, "Areapopulacional_v0004": null, "Areapopulacional_v0005": null, "Areapopulacional_v0006": null, "Areapopulacional_v0007": null, "Areapopulacional_AREA_DOMICILIADA_KM2": null, "Areapopulacional_AREA_KM2": null, "Areapopulacional_DENSIDADE_DEMOGRAFICA_DOMICILIADA_HAB_KM2": null, "Areapopulacional_DENSIDADE_DEMOGRAFICA_SETOR_HAB_KM2": null, "teste200(2)_fid": null, "teste200(2)_CD_SIT": null, "teste200(2)_CD_TIPO": null, "teste200(2)_v0001": null, "teste200(2)_v0002": null, "teste200(2)_v0003": null, "teste200(2)_v0004": null, "teste200(2)_v0005": null, "teste200(2)_v0006": null, "teste200(2)_v0007": null, "teste200(2)_AREA_DOMICILIADA_KM2": null, "teste200(2)_AREA_KM2": null, "teste200(2)_DENSIDADE_DEMOGRAFICA_DOMICILIADA_HAB_KM2": null, "teste200(2)_DENSIDADE_DEMOGRAFICA_SETOR_HAB_KM2": null, "teste200(2)_V00111SISTEMAGERALÁGUA": null, "teste200(2)_V00112POÇO": null, "teste200(2)_V00113POÇORASO": null, "teste200(2)_V00114NASCENTE,FONTE": null, "teste200(2)_V00115CARROPIPA": null, "teste200(2)_V00116CHUVA": null, "teste200(2)_V00117RIOS,AÇUDES,CORREGOS": null, "teste200(2)_V00118OUTRAFORMA": null }, "geometry": { "type": "MultiPolygon", "coordinates": [ [ [ [ -40.939508799999942, -3.733883499999934 ], [ -40.938375899999983, -3.734881599999937 ], [ -40.936672099999953, -3.735397899999953 ], [ -40.93470039999994, -3.735022799999967 ], [ -40.930337899999984, -3.735233099999959 ], [ -40.928198399999985, -3.736599599999977 ], [ -40.925785799999971, -3.736382 ], [ -40.923116399999969, -3.738745299999948 ], [ -40.922731, -3.740680499999939 ], [ -40.922869799999944, -3.743255499999975 ], [ -40.922687099999962, -3.744518599999935 ], [ -40.922856499999966, -3.746721399999956 ], [ -40.923582499999952, -3.747959499999979 ], [ -40.923983799999974, -3.749719199999959 ], [ -40.924677499999973, -3.751120299999968 ], [ -40.925517199999945, -3.752368 ], [ -40.926336499999934, -3.753557799999953 ], [ -40.92705239999998, -3.753063599999962 ], [ -40.928818799999931, -3.751417199999935 ], [ -40.929619899999977, -3.750681199999974 ], [ -40.930466, -3.750629799999956 ], [ -40.931244, -3.750562699999932 ], [ -40.933744599999955, -3.75056479999995 ], [ -40.935064499999953, -3.750492299999962 ], [ -40.936320099999932, -3.750399099999925 ], [ -40.937279599999954, -3.750155 ], [ -40.93787569999995, -3.750040499999955 ], [ -40.93885, -3.750015899999937 ], [ -40.939765, -3.74995279999996 ], [ -40.940784899999983, -3.749788799999976 ], [ -40.941965499999981, -3.749403599999937 ], [ -40.943116299999986, -3.748819899999944 ], [ -40.943965699999978, -3.748486899999932 ], [ -40.943986199999983, -3.748336399999971 ], [ -40.944289399999946, -3.746113199999968 ], [ -40.94456189999994, -3.744537799999932 ], [ -40.944663699999978, -3.743782599999975 ], [ -40.944889299999943, -3.742212299999949 ], [ -40.944879399999934, -3.73988849999995 ], [ -40.943901099999948, -3.73981729999997 ], [ -40.94223919999996, -3.740063299999974 ], [ -40.941522099999929, -3.740324899999962 ], [ -40.941473599999938, -3.738231699999972 ], [ -40.942733399999952, -3.738367399999959 ], [ -40.943499, -3.73854179999995 ], [ -40.94368309999993, -3.738648399999931 ], [ -40.943557099999964, -3.737824699999976 ], [ -40.944874199999958, -3.737470899999948 ], [ -40.944868499999984, -3.735108499999967 ], [ -40.944868499999984, -3.733965099999978 ], [ -40.945101199999954, -3.733429699999931 ], [ -40.943612899999948, -3.733853299999964 ], [ -40.942951099999959, -3.733919499999956 ], [ -40.941334899999958, -3.733690599999932 ], [ -40.940400899999929, -3.733713199999954 ], [ -40.939508799999942, -3.733883499999934 ] ] ] ] } },
{ "type": "Feature", "properties": { "CD_SETOR": "231340105000169", "SITUACAO": "Rural", "CD_SIT": "7", "CD_TIPO": "0", "AREA_KM2": 0.024000463210056999, "CD_REGIAO": "2", "NM_REGIAO": "Nordeste", "CD_UF": "23", "NM_UF": "Ceará", "CD_MUN": "2313401", "NM_MUN": "Tianguá", "CD_DIST": "231340105", "NM_DIST": "Tianguá", "CD_SUBDIST": "23134010500", "NM_SUBDIST": null, "CD_BAIRRO": null, "NM_BAIRRO": null, "CD_NU": null, "NM_NU": null, "CD_FCU": null, "NM_FCU": null, "CD_AGLOM": "231340100015", "NM_AGLOM": "Sítio Iboaçu", "CD_RGINT": "2306", "NM_RGINT": "Sobral", "CD_RGI": "230016", "NM_RGI": "São Benedito - Ipu - Guaraciaba do Norte - Tianguá", "CD_CONCURB": null, "NM_CONCURB": null, "Areapopulacional_CD_SIT": null, "Areapopulacional_CD_TIPO": null, "Areapopulacional_v0001": null, "Areapopulacional_v0002": null, "Areapopulacional_v0003": null, "Areapopulacional_v0004": null, "Areapopulacional_v0005": null, "Areapopulacional_v0006": null, "Areapopulacional_v0007": null, "Areapopulacional_AREA_DOMICILIADA_KM2": null, "Areapopulacional_AREA_KM2": null, "Areapopulacional_DENSIDADE_DEMOGRAFICA_DOMICILIADA_HAB_KM2": null, "Areapopulacional_DENSIDADE_DEMOGRAFICA_SETOR_HAB_KM2": null, "teste200(2)_fid": null, "teste200(2)_CD_SIT": null, "teste200(2)_CD_TIPO": null, "teste200(2)_v0001": null, "teste200(2)_v0002": null, "teste200(2)_v0003": null, "teste200(2)_v0004": null, "teste200(2)_v0005": null, "teste200(2)_v0006": null, "teste200(2)_v0007": null, "teste200(2)_AREA_DOMICILIADA_KM2": null, "teste200(2)_AREA_KM2": null, "teste200(2)_DENSIDADE_DEMOGRAFICA_DOMICILIADA_HAB_KM2": null, "teste200(2)_DENSIDADE_DEMOGRAFICA_SETOR_HAB_KM2": null, "teste200(2)_V00111SISTEMAGERALÁGUA": null, "teste200(2)_V00112POÇO": null, "teste200(2)_V00113POÇORASO": null, "teste200(2)_V00114NASCENTE,FONTE": null, "teste200(2)_V00115CARROPIPA": null, "teste200(2)_V00116CHUVA": null, "teste200(2)_V00117RIOS,AÇUDES,CORREGOS": null, "teste200(2)_V00118OUTRAFORMA": null }, "geometry": { "type": "MultiPolygon", "coordinates": [ [ [ [ -40.944874199999958, -3.737470899999948 ], [ -40.944879399999934, -3.73988849999995 ], [ -40.945192299999974, -3.739876599999945 ], [ -40.945644899999934, -3.739986499999929 ], [ -40.945669699999939, -3.737747199999944 ], [ -40.945505, -3.737301399999978 ], [ -40.944874199999958, -3.737470899999948 ] ] ] ] } },
{ "type": "Feature", "properties": { "CD_SETOR": "231340105000170", "SITUACAO": "Rural", "CD_SIT": "7", "CD_TIPO": "0", "AREA_KM2": 0.077728528209658004, "CD_REGIAO": "2", "NM_REGIAO": "Nordeste", "CD_UF": "23", "NM_UF": "Ceará", "CD_MUN": "2313401", "NM_MUN": "Tianguá", "CD_DIST": "231340105", "NM_DIST": "Tianguá", "CD_SUBDIST": "23134010500", "NM_SUBDIST": null, "CD_BAIRRO": null, "NM_BAIRRO": null, "CD_NU": null, "NM_NU": null, "CD_FCU": null, "NM_FCU": null, "CD_AGLOM": "231340100015", "NM_AGLOM": "Sítio Iboaçu", "CD_RGINT": "2306", "NM_RGINT": "Sobral", "CD_RGI": "230016", "NM_RGI": "São Benedito - Ipu - Guaraciaba do Norte - Tianguá", "CD_CONCURB": null, "NM_CONCURB": null, "Areapopulacional_CD_SIT": null, "Areapopulacional_CD_TIPO": null, "Areapopulacional_v0001": null, "Areapopulacional_v0002": null, "Areapopulacional_v0003": null, "Areapopulacional_v0004": null, "Areapopulacional_v0005": null, "Areapopulacional_v0006": null, "Areapopulacional_v0007": null, "Areapopulacional_AREA_DOMICILIADA_KM2": null, "Areapopulacional_AREA_KM2": null, "Areapopulacional_DENSIDADE_DEMOGRAFICA_DOMICILIADA_HAB_KM2": null, "Areapopulacional_DENSIDADE_DEMOGRAFICA_SETOR_HAB_KM2": null, "teste200(2)_fid": null, "teste200(2)_CD_SIT": null, "teste200(2)_CD_TIPO": null, "teste200(2)_v0001": null, "teste200(2)_v0002": null, "teste200(2)_v0003": null, "teste200(2)_v0004": null, "teste200(2)_v0005": null, "teste200(2)_v0006": null, "teste200(2)_v0007": null, "teste200(2)_AREA_DOMICILIADA_KM2": null, "teste200(2)_AREA_KM2": null, "teste200(2)_DENSIDADE_DEMOGRAFICA_DOMICILIADA_HAB_KM2": null, "teste200(2)_DENSIDADE_DEMOGRAFICA_SETOR_HAB_KM2": null, "teste200(2)_V00111SISTEMAGERALÁGUA": null, "teste200(2)_V00112POÇO": null, "teste200(2)_V00113POÇORASO": null, "teste200(2)_V00114NASCENTE,FONTE": null, "teste200(2)_V00115CARROPIPA": null, "teste200(2)_V00116CHUVA": null, "teste200(2)_V00117RIOS,AÇUDES,CORREGOS": null, "teste200(2)_V00118OUTRAFORMA": null }, "geometry": { "type": "MultiPolygon", "coordinates": [ [ [ [ -40.944879399999934, -3.73988849999995 ], [ -40.944874199999958, -3.737470899999948 ], [ -40.943557099999964, -3.737824699999976 ], [ -40.94368309999993, -3.738648399999931 ], [ -40.943499, -3.73854179999995 ], [ -40.942733399999952, -3.738367399999959 ], [ -40.941473599999938, -3.738231699999972 ], [ -40.941522099999929, -3.740324899999962 ], [ -40.94223919999996, -3.740063299999974 ], [ -40.943901099999948, -3.73981729999997 ], [ -40.944879399999934, -3.73988849999995 ] ] ] ] } },
{ "type": "Feature", "properties": { "CD_SETOR": "231340105000171", "SITUACAO": "Urbana", "CD_SIT": "2", "CD_TIPO": "0", "AREA_KM2": 0.10361991688865201, "CD_REGIAO": "2", "NM_REGIAO": "Nordeste", "CD_UF": "23", "NM_UF": "Ceará", "CD_MUN": "2313401", "NM_MUN": "Tianguá", "CD_DIST": "231340105", "NM_DIST": "Tianguá", "CD_SUBDIST": "23134010500", "NM_SUBDIST": null, "CD_BAIRRO": "2313401008", "NM_BAIRRO": "Régis Diniz", "CD_NU": null, "NM_NU": null, "CD_FCU": null, "NM_FCU": null, "CD_AGLOM": null, "NM_AGLOM": null, "CD_RGINT": "2306", "NM_RGINT": "Sobral", "CD_RGI": "230016", "NM_RGI": "São Benedito - Ipu - Guaraciaba do Norte - Tianguá", "CD_CONCURB": null, "NM_CONCURB": null, "Areapopulacional_CD_SIT": 2, "Areapopulacional_CD_TIPO": 0, "Areapopulacional_v0001": 235, "Areapopulacional_v0002": 69, "Areapopulacional_v0003": 69, "Areapopulacional_v0004": 0, "Areapopulacional_v0005": 3.6, "Areapopulacional_v0006": 0.0, "Areapopulacional_v0007": 65, "Areapopulacional_AREA_DOMICILIADA_KM2": 0.103619917, "Areapopulacional_AREA_KM2": 0.103619917, "Areapopulacional_DENSIDADE_DEMOGRAFICA_DOMICILIADA_HAB_KM2": 2267.903768, "Areapopulacional_DENSIDADE_DEMOGRAFICA_SETOR_HAB_KM2": 2267.903768, "teste200(2)_fid": 125956, "teste200(2)_CD_SIT": 2, "teste200(2)_CD_TIPO": 0, "teste200(2)_v0001": 235, "teste200(2)_v0002": 69, "teste200(2)_v0003": 69, "teste200(2)_v0004": 0, "teste200(2)_v0005": 3.6, "teste200(2)_v0006": 0.0, "teste200(2)_v0007": 65, "teste200(2)_AREA_DOMICILIADA_KM2": 0.103619917, "teste200(2)_AREA_KM2": 0.103619917, "teste200(2)_DENSIDADE_DEMOGRAFICA_DOMICILIADA_HAB_KM2": 2267.903768, "teste200(2)_DENSIDADE_DEMOGRAFICA_SETOR_HAB_KM2": 2267.903768, "teste200(2)_V00111SISTEMAGERALÁGUA": 65, "teste200(2)_V00112POÇO": 0, "teste200(2)_V00113POÇORASO": 0, "teste200(2)_V00114NASCENTE,FONTE": 0, "teste200(2)_V00115CARROPIPA": 0, "teste200(2)_V00116CHUVA": 0, "teste200(2)_V00117RIOS,AÇUDES,CORREGOS": 0, "teste200(2)_V00118OUTRAFORMA": 0 }, "geometry": { "type": "MultiPolygon", "coordinates": [ [ [ [ -41.003143099999932, -3.740079 ], [ -41.004007799999954, -3.741617499999961 ], [ -41.004791499999953, -3.74268 ], [ -41.00522129999996, -3.743346499999973 ], [ -41.007540499999948, -3.742321899999979 ], [ -41.007100799999932, -3.741854799999942 ], [ -41.006304899999975, -3.740664599999945 ], [ -41.006054099999972, -3.740686799999935 ], [ -41.005004, -3.739480399999934 ], [ -41.004896099999939, -3.739537499999926 ], [ -41.00477049999995, -3.739604099999951 ], [ -41.004469, -3.739715 ], [ -41.003872, -3.739906 ], [ -41.003143099999932, -3.740079 ] ] ] ] } },
{ "type": "Feature", "properties": { "CD_SETOR": "231340105000172", "SITUACAO": "Urbana", "CD_SIT": "2", "CD_TIPO": "0", "AREA_KM2": 0.14462368273826401, "CD_REGIAO": "2", "NM_REGIAO": "Nordeste", "CD_UF": "23", "NM_UF": "Ceará", "CD_MUN": "2313401", "NM_MUN": "Tianguá", "CD_DIST": "231340105", "NM_DIST": "Tianguá", "CD_SUBDIST": "23134010500", "NM_SUBDIST": null, "CD_BAIRRO": "2313401009", "NM_BAIRRO": "Cândido Xavier de Sá", "CD_NU": null, "NM_NU": null, "CD_FCU": null, "NM_FCU": null, "CD_AGLOM": null, "NM_AGLOM": null, "CD_RGINT": "2306", "NM_RGINT": "Sobral", "CD_RGI": "230016", "NM_RGI": "São Benedito - Ipu - Guaraciaba do Norte - Tianguá", "CD_CONCURB": null, "NM_CONCURB": null, "Areapopulacional_CD_SIT": 2, "Areapopulacional_CD_TIPO": 0, "Areapopulacional_v0001": 106, "Areapopulacional_v0002": 35, "Areapopulacional_v0003": 35, "Areapopulacional_v0004": 0, "Areapopulacional_v0005": 3.7, "Areapopulacional_v0006": 0.0, "Areapopulacional_v0007": 29, "Areapopulacional_AREA_DOMICILIADA_KM2": 0.09052, "Areapopulacional_AREA_KM2": 0.144623683, "Areapopulacional_DENSIDADE_DEMOGRAFICA_DOMICILIADA_HAB_KM2": 1171.011931, "Areapopulacional_DENSIDADE_DEMOGRAFICA_SETOR_HAB_KM2": 732.936667, "teste200(2)_fid": 333695, "teste200(2)_CD_SIT": 2, "teste200(2)_CD_TIPO": 0, "teste200(2)_v0001": 106, "teste200(2)_v0002": 35, "teste200(2)_v0003": 35, "teste200(2)_v0004": 0, "teste200(2)_v0005": 3.7, "teste200(2)_v0006": 0.0, "teste200(2)_v0007": 29, "teste200(2)_AREA_DOMICILIADA_KM2": 0.09052, "teste200(2)_AREA_KM2": 0.144623683, "teste200(2)_DENSIDADE_DEMOGRAFICA_DOMICILIADA_HAB_KM2": 1171.011931, "teste200(2)_DENSIDADE_DEMOGRAFICA_SETOR_HAB_KM2": 732.936667, "teste200(2)_V00111SISTEMAGERALÁGUA": 23, "teste200(2)_V00112POÇO": 6, "teste200(2)_V00113POÇORASO": 0, "teste200(2)_V00114NASCENTE,FONTE": 0, "teste200(2)_V00115CARROPIPA": 0, "teste200(2)_V00116CHUVA": 0, "teste200(2)_V00117RIOS,AÇUDES,CORREGOS": 0, "teste200(2)_V00118OUTRAFORMA": 0 }, "geometry": { "type": "MultiPolygon", "coordinates": [ [ [ [ -41.002828, -3.740289 ], [ -41.002144, -3.741152 ], [ -41.001687, -3.74138 ], [ -41.000772, -3.741608 ], [ -40.999674, -3.74211 ], [ -40.998152599999969, -3.741903499999978 ], [ -40.996850599999959, -3.742356199999961 ], [ -40.997375799999929, -3.743023299999948 ], [ -40.998381499999937, -3.74371 ], [ -40.998974, -3.743629699999929 ], [ -40.99951539999995, -3.743752799999925 ], [ -41.000101899999947, -3.744044199999962 ], [ -41.00026749999995, -3.744064099999946 ], [ -41.000824499999965, -3.743819799999926 ], [ -41.001849799999945, -3.743193799999972 ], [ -41.003060599999969, -3.742240799999934 ], [ -41.003837899999951, -3.741788 ], [ -41.004007799999954, -3.741617499999961 ], [ -41.003143099999932, -3.740079 ], [ -41.003063, -3.740098 ], [ -41.002828, -3.740289 ] ] ] ] } },
{ "type": "Feature", "properties": { "CD_SETOR": "231340105000173", "SITUACAO": "Rural", "CD_SIT": "8", "CD_TIPO": "0", "AREA_KM2": 9.0628404637378708, "CD_REGIAO": "2", "NM_REGIAO": "Nordeste", "CD_UF": "23", "NM_UF": "Ceará", "CD_MUN": "2313401", "NM_MUN": "Tianguá", "CD_DIST": "231340105", "NM_DIST": "Tianguá", "CD_SUBDIST": "23134010500", "NM_SUBDIST": null, "CD_BAIRRO": null, "NM_BAIRRO": null, "CD_NU": null, "NM_NU": null, "CD_FCU": null, "NM_FCU": null, "CD_AGLOM": null, "NM_AGLOM": null, "CD_RGINT": "2306", "NM_RGINT": "Sobral", "CD_RGI": "230016", "NM_RGI": "São Benedito - Ipu - Guaraciaba do Norte - Tianguá", "CD_CONCURB": null, "NM_CONCURB": null, "Areapopulacional_CD_SIT": null, "Areapopulacional_CD_TIPO": null, "Areapopulacional_v0001": null, "Areapopulacional_v0002": null, "Areapopulacional_v0003": null, "Areapopulacional_v0004": null, "Areapopulacional_v0005": null, "Areapopulacional_v0006": null, "Areapopulacional_v0007": null, "Areapopulacional_AREA_DOMICILIADA_KM2": null, "Areapopulacional_AREA_KM2": null, "Areapopulacional_DENSIDADE_DEMOGRAFICA_DOMICILIADA_HAB_KM2": null, "Areapopulacional_DENSIDADE_DEMOGRAFICA_SETOR_HAB_KM2": null, "teste200(2)_fid": null, "teste200(2)_CD_SIT": null, "teste200(2)_CD_TIPO": null, "teste200(2)_v0001": null, "teste200(2)_v0002": null, "teste200(2)_v0003": null, "teste200(2)_v0004": null, "teste200(2)_v0005": null, "teste200(2)_v0006": null, "teste200(2)_v0007": null, "teste200(2)_AREA_DOMICILIADA_KM2": null, "teste200(2)_AREA_KM2": null, "teste200(2)_DENSIDADE_DEMOGRAFICA_DOMICILIADA_HAB_KM2": null, "teste200(2)_DENSIDADE_DEMOGRAFICA_SETOR_HAB_KM2": null, "teste200(2)_V00111SISTEMAGERALÁGUA": null, "teste200(2)_V00112POÇO": null, "teste200(2)_V00113POÇORASO": null, "teste200(2)_V00114NASCENTE,FONTE": null, "teste200(2)_V00115CARROPIPA": null, "teste200(2)_V00116CHUVA": null, "teste200(2)_V00117RIOS,AÇUDES,CORREGOS": null, "teste200(2)_V00118OUTRAFORMA": null }, "geometry": { "type": "MultiPolygon", "coordinates": [ [ [ [ -40.903210299999955, -3.727026099999932 ], [ -40.903210599999966, -3.72722779999998 ], [ -40.89635549999997, -3.739762499999927 ], [ -40.890049799999929, -3.747998299999949 ], [ -40.886078399999974, -3.755378299999961 ], [ -40.892889899999943, -3.773976399999981 ], [ -40.893771099999981, -3.776531099999943 ], [ -40.895199399999967, -3.774564799999951 ], [ -40.896357799999976, -3.77315729999998 ], [ -40.896358699999951, -3.773156099999937 ], [ -40.89724149999995, -3.770441799999958 ], [ -40.898537599999941, -3.765069899999958 ], [ -40.903058, -3.76458139999994 ], [ -40.903763699999956, -3.759436299999948 ], [ -40.906136499999945, -3.755244299999958 ], [ -40.909710899999936, -3.756791699999951 ], [ -40.91196919999993, -3.755112 ], [ -40.91482469999994, -3.751010599999972 ], [ -40.916592299999934, -3.752128 ], [ -40.917032, -3.751974399999938 ], [ -40.917170899999974, -3.751091599999938 ], [ -40.917131299999937, -3.750935199999958 ], [ -40.91664, -3.748994799999934 ], [ -40.916624199999944, -3.748687699999948 ], [ -40.916611199999977, -3.748435799999925 ], [ -40.916526399999952, -3.746786 ], [ -40.916538799999955, -3.746423099999959 ], [ -40.911431499999935, -3.744356 ], [ -40.911449399999981, -3.738795399999958 ], [ -40.914197199999933, -3.738162799999941 ], [ -40.916352599999982, -3.735728399999971 ], [ -40.91574369999995, -3.732293099999936 ], [ -40.908904199999938, -3.730929199999935 ], [ -40.908623199999965, -3.730179199999952 ], [ -40.90846, -3.729934199999946 ], [ -40.907932099999982, -3.729630499999928 ], [ -40.907858199999964, -3.729377399999976 ], [ -40.907601199999931, -3.729201499999931 ], [ -40.907063899999969, -3.72901289999993 ], [ -40.906502, -3.728283499999975 ], [ -40.906184499999938, -3.727983499999937 ], [ -40.905769499999963, -3.727744399999949 ], [ -40.905696399999954, -3.727396499999941 ], [ -40.905525699999941, -3.727233799999965 ], [ -40.904538599999967, -3.726884899999959 ], [ -40.904243599999973, -3.726856399999974 ], [ -40.903258299999948, -3.727034899999978 ], [ -40.903210299999955, -3.727026099999932 ] ] ] ] } },
{ "type": "Feature", "properties": { "CD_SETOR": "231340105000174", "SITUACAO": "Rural", "CD_SIT": "8", "CD_TIPO": "0", "AREA_KM2": 8.1475849288842017, "CD_REGIAO": "2", "NM_REGIAO": "Nordeste", "CD_UF": "23", "NM_UF": "Ceará", "CD_MUN": "2313401", "NM_MUN": "Tianguá", "CD_DIST": "231340105", "NM_DIST": "Tianguá", "CD_SUBDIST": "23134010500", "NM_SUBDIST": null, "CD_BAIRRO": null, "NM_BAIRRO": null, "CD_NU": null, "NM_NU": null, "CD_FCU": null, "NM_FCU": null, "CD_AGLOM": null, "NM_AGLOM": null, "CD_RGINT": "2306", "NM_RGINT": "Sobral", "CD_RGI": "230016", "NM_RGI": "São Benedito - Ipu - Guaraciaba do Norte - Tianguá", "CD_CONCURB": null, "NM_CONCURB": null, "Areapopulacional_CD_SIT": null, "Areapopulacional_CD_TIPO": null, "Areapopulacional_v0001": null, "Areapopulacional_v0002": null, "Areapopulacional_v0003": null, "Areapopulacional_v0004": null, "Areapopulacional_v0005": null, "Areapopulacional_v0006": null, "Areapopulacional_v0007": null, "Areapopulacional_AREA_DOMICILIADA_KM2": null, "Areapopulacional_AREA_KM2": null, "Areapopulacional_DENSIDADE_DEMOGRAFICA_DOMICILIADA_HAB_KM2": null, "Areapopulacional_DENSIDADE_DEMOGRAFICA_SETOR_HAB_KM2": null, "teste200(2)_fid": null, "teste200(2)_CD_SIT": null, "teste200(2)_CD_TIPO": null, "teste200(2)_v0001": null, "teste200(2)_v0002": null, "teste200(2)_v0003": null, "teste200(2)_v0004": null, "teste200(2)_v0005": null, "teste200(2)_v0006": null, "teste200(2)_v0007": null, "teste200(2)_AREA_DOMICILIADA_KM2": null, "teste200(2)_AREA_KM2": null, "teste200(2)_DENSIDADE_DEMOGRAFICA_DOMICILIADA_HAB_KM2": null, "teste200(2)_DENSIDADE_DEMOGRAFICA_SETOR_HAB_KM2": null, "teste200(2)_V00111SISTEMAGERALÁGUA": null, "teste200(2)_V00112POÇO": null, "teste200(2)_V00113POÇORASO": null, "teste200(2)_V00114NASCENTE,FONTE": null, "teste200(2)_V00115CARROPIPA": null, "teste200(2)_V00116CHUVA": null, "teste200(2)_V00117RIOS,AÇUDES,CORREGOS": null, "teste200(2)_V00118OUTRAFORMA": null }, "geometry": { "type": "MultiPolygon", "coordinates": [ [ [ [ -40.886078399999974, -3.755378299999961 ], [ -40.890049799999929, -3.747998299999949 ], [ -40.89635549999997, -3.739762499999927 ], [ -40.903210599999966, -3.72722779999998 ], [ -40.903210299999955, -3.727026099999932 ], [ -40.903099899999972, -3.727005899999938 ], [ -40.902770699999962, -3.726945599999965 ], [ -40.902349899999933, -3.726699599999961 ], [ -40.902189599999986, -3.72635889999998 ], [ -40.901976099999956, -3.726355299999966 ], [ -40.901779199999964, -3.726351899999941 ], [ -40.901272099999971, -3.726099499999975 ], [ -40.900947799999983, -3.725647199999969 ], [ -40.900759699999981, -3.725550099999964 ], [ -40.900600299999951, -3.725353299999938 ], [ -40.900609199999963, -3.724893699999939 ], [ -40.900292299999933, -3.724729399999944 ], [ -40.900083199999983, -3.724429399999963 ], [ -40.899907699999972, -3.72388449999994 ], [ -40.899306199999955, -3.723214599999949 ], [ -40.899326499999972, -3.722942399999965 ], [ -40.89925809999994, -3.722493499999928 ], [ -40.899353699999949, -3.722332 ], [ -40.899381299999959, -3.722013 ], [ -40.899158899999975, -3.721807299999966 ], [ -40.899089899999979, -3.721653 ], [ -40.898699, -3.721403199999941 ], [ -40.898474199999953, -3.721581899999933 ], [ -40.897922199999982, -3.72095969999998 ], [ -40.89774529999994, -3.720613599999979 ], [ -40.897515799999951, -3.72043009999993 ], [ -40.897518, -3.720095599999979 ], [ -40.897075, -3.719632699999977 ], [ -40.896862099999964, -3.719583799999953 ], [ -40.89666509999995, -3.719647 ], [ -40.896432599999969, -3.719645499999956 ], [ -40.89627239999993, -3.719475099999954 ], [ -40.895981499999948, -3.719536099999971 ], [ -40.895517199999972, -3.719822 ], [ -40.895356, -3.719723699999975 ], [ -40.89519, -3.719353599999977 ], [ -40.894762499999956, -3.719079099999931 ], [ -40.894494699999939, -3.718968599999926 ], [ -40.894043699999941, -3.718954199999928 ], [ -40.893673899999953, -3.71867 ], [ -40.893565299999977, -3.718607399999939 ], [ -40.893495399999949, -3.718567099999973 ], [ -40.893425399999956, -3.71852679999995 ], [ -40.893185499999959, -3.718538599999931 ], [ -40.89269, -3.718637 ], [ -40.892596199999957, -3.718320699999936 ], [ -40.892285799999968, -3.717758499999945 ], [ -40.89205, -3.717547299999978 ], [ -40.891649399999949, -3.717389099999934 ], [ -40.891611599999976, -3.717219799999953 ], [ -40.891477699999939, -3.717197699999929 ], [ -40.890965499999936, -3.716918499999963 ], [ -40.890661799999975, -3.716633199999933 ], [ -40.890659399999947, -3.716168299999936 ], [ -40.890516699999978, -3.715816199999949 ], [ -40.890197699999931, -3.715393199999937 ], [ -40.889967599999977, -3.715322299999968 ], [ -40.889745299999959, -3.715194199999928 ], [ -40.88961489999997, -3.714965799999959 ], [ -40.889431699999932, -3.714804799999968 ], [ -40.888434699999948, -3.714763299999959 ], [ -40.888247199999967, -3.714676399999973 ], [ -40.888029299999971, -3.71443389999996 ], [ -40.887512499999957, -3.714155399999925 ], [ -40.886824099999956, -3.71417329999997 ], [ -40.886647099999948, -3.714105399999937 ], [ -40.886335799999983, -3.71380929999998 ], [ -40.885897499999942, -3.713729099999966 ], [ -40.88570859999993, -3.71357519999998 ], [ -40.8855, -3.713434499999948 ], [ -40.885401299999955, -3.713210499999946 ], [ -40.885280399999942, -3.712984099999971 ], [ -40.884905199999935, -3.713186899999926 ], [ -40.884628899999939, -3.713164399999926 ], [ -40.884302299999945, -3.712957199999948 ], [ -40.884079299999939, -3.712945799999943 ], [ -40.883884, -3.712817099999938 ], [ -40.883699199999967, -3.71263289999996 ], [ -40.883110099999953, -3.711741099999927 ], [ -40.882944599999973, -3.711583899999937 ], [ -40.882699599999967, -3.711523299999953 ], [ -40.882127499999967, -3.711353 ], [ -40.88148069999994, -3.711162799999954 ], [ -40.881403399999954, -3.710860199999956 ], [ -40.88115629999993, -3.71028739999997 ], [ -40.880588899999964, -3.709881899999971 ], [ -40.879675799999973, -3.709554199999957 ], [ -40.879289799999981, -3.709509199999957 ], [ -40.875385799999947, -3.723243399999944 ], [ -40.880044299999952, -3.738635899999963 ], [ -40.880237499999964, -3.739172 ], [ -40.886078399999974, -3.755378299999961 ] ] ] ] } },
{ "type": "Feature", "properties": { "CD_SETOR": "231340105000175", "SITUACAO": "Rural", "CD_SIT": "8", "CD_TIPO": "0", "AREA_KM2": 5.1346875699602998, "CD_REGIAO": "2", "NM_REGIAO": "Nordeste", "CD_UF": "23", "NM_UF": "Ceará", "CD_MUN": "2313401", "NM_MUN": "Tianguá", "CD_DIST": "231340105", "NM_DIST": "Tianguá", "CD_SUBDIST": "23134010500", "NM_SUBDIST": null, "CD_BAIRRO": "2313401024", "NM_BAIRRO": "Afonso Maranguape", "CD_NU": null, "NM_NU": null, "CD_FCU": null, "NM_FCU": null, "CD_AGLOM": null, "NM_AGLOM": null, "CD_RGINT": "2306", "NM_RGINT": "Sobral", "CD_RGI": "230016", "NM_RGI": "São Benedito - Ipu - Guaraciaba do Norte - Tianguá", "CD_CONCURB": null, "NM_CONCURB": null, "Areapopulacional_CD_SIT": null, "Areapopulacional_CD_TIPO": null, "Areapopulacional_v0001": null, "Areapopulacional_v0002": null, "Areapopulacional_v0003": null, "Areapopulacional_v0004": null, "Areapopulacional_v0005": null, "Areapopulacional_v0006": null, "Areapopulacional_v0007": null, "Areapopulacional_AREA_DOMICILIADA_KM2": null, "Areapopulacional_AREA_KM2": null, "Areapopulacional_DENSIDADE_DEMOGRAFICA_DOMICILIADA_HAB_KM2": null, "Areapopulacional_DENSIDADE_DEMOGRAFICA_SETOR_HAB_KM2": null, "teste200(2)_fid": null, "teste200(2)_CD_SIT": null, "teste200(2)_CD_TIPO": null, "teste200(2)_v0001": null, "teste200(2)_v0002": null, "teste200(2)_v0003": null, "teste200(2)_v0004": null, "teste200(2)_v0005": null, "teste200(2)_v0006": null, "teste200(2)_v0007": null, "teste200(2)_AREA_DOMICILIADA_KM2": null, "teste200(2)_AREA_KM2": null, "teste200(2)_DENSIDADE_DEMOGRAFICA_DOMICILIADA_HAB_KM2": null, "teste200(2)_DENSIDADE_DEMOGRAFICA_SETOR_HAB_KM2": null, "teste200(2)_V00111SISTEMAGERALÁGUA": null, "teste200(2)_V00112POÇO": null, "teste200(2)_V00113POÇORASO": null, "teste200(2)_V00114NASCENTE,FONTE": null, "teste200(2)_V00115CARROPIPA": null, "teste200(2)_V00116CHUVA": null, "teste200(2)_V00117RIOS,AÇUDES,CORREGOS": null, "teste200(2)_V00118OUTRAFORMA": null }, "geometry": { "type": "MultiPolygon", "coordinates": [ [ [ [ -40.976970599999959, -3.714957899999945 ], [ -40.976757599999985, -3.714937 ], [ -40.97584269999993, -3.714763399999981 ], [ -40.975472, -3.714674199999934 ], [ -40.974988699999983, -3.714486499999964 ], [ -40.974429, -3.714283 ], [ -40.973535099999935, -3.714111499999944 ], [ -40.972955699999943, -3.713784299999929 ], [ -40.973576399999956, -3.712361099999953 ], [ -40.973942399999942, -3.711483699999974 ], [ -40.974606699999981, -3.709959099999935 ], [ -40.974843499999963, -3.709495199999935 ], [ -40.974253799999985, -3.709276899999963 ], [ -40.974801099999979, -3.707931799999926 ], [ -40.975018299999931, -3.70742249999995 ], [ -40.97501619999997, -3.707390299999929 ], [ -40.974945099999957, -3.706259899999964 ], [ -40.974702899999954, -3.704737499999965 ], [ -40.974666599999978, -3.704457 ], [ -40.974500899999953, -3.704547399999967 ], [ -40.974213299999974, -3.704589699999929 ], [ -40.97382639999995, -3.704526399999963 ], [ -40.973222699999951, -3.704471699999942 ], [ -40.972042199999976, -3.70411009999998 ], [ -40.971540199999936, -3.704138199999932 ], [ -40.970478799999967, -3.704406799999958 ], [ -40.969501199999968, -3.70439749999997 ], [ -40.967569199999957, -3.704580799999974 ], [ -40.964534899999933, -3.703456699999947 ], [ -40.96312249999994, -3.702730599999938 ], [ -40.961452299999962, -3.702543799999944 ], [ -40.958420299999943, -3.704008699999974 ], [ -40.953389099999981, -3.707222599999966 ], [ -40.951952199999937, -3.707889399999942 ], [ -40.950859399999956, -3.707876299999953 ], [ -40.949663099999952, -3.708588099999929 ], [ -40.948634199999958, -3.710561 ], [ -40.948304899999982, -3.710591499999964 ], [ -40.949236399999961, -3.712390899999946 ], [ -40.950880299999938, -3.71504159999995 ], [ -40.951509099999953, -3.71673809999993 ], [ -40.953306399999974, -3.717536499999937 ], [ -40.955261699999937, -3.718286199999966 ], [ -40.957838, -3.718405699999948 ], [ -40.958531199999982, -3.718138099999976 ], [ -40.959350099999938, -3.718257899999969 ], [ -40.96015959999994, -3.718655399999932 ], [ -40.961390699999981, -3.718633599999976 ], [ -40.962300099999936, -3.71887339999995 ], [ -40.963312, -3.718906799999957 ], [ -40.964440799999977, -3.719459399999948 ], [ -40.965078199999937, -3.719652499999938 ], [ -40.965610199999958, -3.720049299999971 ], [ -40.966400599999929, -3.720355099999949 ], [ -40.967234399999938, -3.720596899999975 ], [ -40.968744099999981, -3.720707899999979 ], [ -40.969413199999963, -3.720952499999953 ], [ -40.969947099999956, -3.721428099999969 ], [ -40.972751099999982, -3.722486899999979 ], [ -40.974350099999981, -3.722492399999965 ], [ -40.978196399999945, -3.724600799999962 ], [ -40.978882699999986, -3.724874599999964 ], [ -40.979129899999975, -3.725313599999936 ], [ -40.982196099999953, -3.727666 ], [ -40.98249009999995, -3.726270199999931 ], [ -40.982812499999966, -3.724885 ], [ -40.982524099999978, -3.72489429999996 ], [ -40.982, -3.724783899999977 ], [ -40.981281199999955, -3.724578299999962 ], [ -40.981395199999952, -3.724059 ], [ -40.980676, -3.723942699999952 ], [ -40.981269, -3.721089099999972 ], [ -40.979550599999982, -3.720712099999957 ], [ -40.980433, -3.716285199999959 ], [ -40.979328499999951, -3.715680799999973 ], [ -40.976970599999959, -3.714957899999945 ] ] ] ] } },
{ "type": "Feature", "properties": { "CD_SETOR": "231340105000176", "SITUACAO": "Urbana", "CD_SIT": "2", "CD_TIPO": "0", "AREA_KM2": 0.25291006497973101, "CD_REGIAO": "2", "NM_REGIAO": "Nordeste", "CD_UF": "23", "NM_UF": "Ceará", "CD_MUN": "2313401", "NM_MUN": "Tianguá", "CD_DIST": "231340105", "NM_DIST": "Tianguá", "CD_SUBDIST": "23134010500", "NM_SUBDIST": null, "CD_BAIRRO": "2313401024", "NM_BAIRRO": "Afonso Maranguape", "CD_NU": null, "NM_NU": null, "CD_FCU": null, "NM_FCU": null, "CD_AGLOM": null, "NM_AGLOM": null, "CD_RGINT": "2306", "NM_RGINT": "Sobral", "CD_RGI": "230016", "NM_RGI": "São Benedito - Ipu - Guaraciaba do Norte - Tianguá", "CD_CONCURB": null, "NM_CONCURB": null, "Areapopulacional_CD_SIT": 2, "Areapopulacional_CD_TIPO": 0, "Areapopulacional_v0001": 741, "Areapopulacional_v0002": 266, "Areapopulacional_v0003": 266, "Areapopulacional_v0004": 0, "Areapopulacional_v0005": 3.4, "Areapopulacional_v0006": 0.0186, "Areapopulacional_v0007": 215, "Areapopulacional_AREA_DOMICILIADA_KM2": 0.25214, "Areapopulacional_AREA_KM2": 0.252910065, "Areapopulacional_DENSIDADE_DEMOGRAFICA_DOMICILIADA_HAB_KM2": 2938.8435, "Areapopulacional_DENSIDADE_DEMOGRAFICA_SETOR_HAB_KM2": 2929.895258, "teste200(2)_fid": 261907, "teste200(2)_CD_SIT": 2, "teste200(2)_CD_TIPO": 0, "teste200(2)_v0001": 741, "teste200(2)_v0002": 266, "teste200(2)_v0003": 266, "teste200(2)_v0004": 0, "teste200(2)_v0005": 3.4, "teste200(2)_v0006": 0.0186, "teste200(2)_v0007": 215, "teste200(2)_AREA_DOMICILIADA_KM2": 0.25214, "teste200(2)_AREA_KM2": 0.252910065, "teste200(2)_DENSIDADE_DEMOGRAFICA_DOMICILIADA_HAB_KM2": 2938.8435, "teste200(2)_DENSIDADE_DEMOGRAFICA_SETOR_HAB_KM2": 2929.895258, "teste200(2)_V00111SISTEMAGERALÁGUA": 212, "teste200(2)_V00112POÇO": null, "teste200(2)_V00113POÇORASO": null, "teste200(2)_V00114NASCENTE,FONTE": 0, "teste200(2)_V00115CARROPIPA": 0, "teste200(2)_V00116CHUVA": 0, "teste200(2)_V00117RIOS,AÇUDES,CORREGOS": 0, "teste200(2)_V00118OUTRAFORMA": 0 }, "geometry": { "type": "MultiPolygon", "coordinates": [ [ [ [ -40.975018299999931, -3.70742249999995 ], [ -40.974801099999979, -3.707931799999926 ], [ -40.974253799999985, -3.709276899999963 ], [ -40.974843499999963, -3.709495199999935 ], [ -40.974606699999981, -3.709959099999935 ], [ -40.973942399999942, -3.711483699999974 ], [ -40.973576399999956, -3.712361099999953 ], [ -40.972955699999943, -3.713784299999929 ], [ -40.973535099999935, -3.714111499999944 ], [ -40.974429, -3.714283 ], [ -40.974988699999983, -3.714486499999964 ], [ -40.975472, -3.714674199999934 ], [ -40.97584269999993, -3.714763399999981 ], [ -40.976757599999985, -3.714937 ], [ -40.976970599999959, -3.714957899999945 ], [ -40.977550899999983, -3.71262459999997 ], [ -40.978103099999942, -3.710676099999944 ], [ -40.976804399999935, -3.710548399999936 ], [ -40.976509599999929, -3.710403 ], [ -40.976319899999964, -3.710326 ], [ -40.976464899999939, -3.70993859999993 ], [ -40.975733399999967, -3.709763799999962 ], [ -40.97646629999997, -3.708082599999955 ], [ -40.975691299999937, -3.707646299999965 ], [ -40.975018299999931, -3.70742249999995 ] ] ] ] } },
{ "type": "Feature", "properties": { "CD_SETOR": "231340105000177", "SITUACAO": "Rural", "CD_SIT": "8", "CD_TIPO": "0", "AREA_KM2": 0.093976671393132996, "CD_REGIAO": "2", "NM_REGIAO": "Nordeste", "CD_UF": "23", "NM_UF": "Ceará", "CD_MUN": "2313401", "NM_MUN": "Tianguá", "CD_DIST": "231340105", "NM_DIST": "Tianguá", "CD_SUBDIST": "23134010500", "NM_SUBDIST": null, "CD_BAIRRO": null, "NM_BAIRRO": null, "CD_NU": null, "NM_NU": null, "CD_FCU": null, "NM_FCU": null, "CD_AGLOM": null, "NM_AGLOM": null, "CD_RGINT": "2306", "NM_RGINT": "Sobral", "CD_RGI": "230016", "NM_RGI": "São Benedito - Ipu - Guaraciaba do Norte - Tianguá", "CD_CONCURB": null, "NM_CONCURB": null, "Areapopulacional_CD_SIT": null, "Areapopulacional_CD_TIPO": null, "Areapopulacional_v0001": null, "Areapopulacional_v0002": null, "Areapopulacional_v0003": null, "Areapopulacional_v0004": null, "Areapopulacional_v0005": null, "Areapopulacional_v0006": null, "Areapopulacional_v0007": null, "Areapopulacional_AREA_DOMICILIADA_KM2": null, "Areapopulacional_AREA_KM2": null, "Areapopulacional_DENSIDADE_DEMOGRAFICA_DOMICILIADA_HAB_KM2": null, "Areapopulacional_DENSIDADE_DEMOGRAFICA_SETOR_HAB_KM2": null, "teste200(2)_fid": null, "teste200(2)_CD_SIT": null, "teste200(2)_CD_TIPO": null, "teste200(2)_v0001": null, "teste200(2)_v0002": null, "teste200(2)_v0003": null, "teste200(2)_v0004": null, "teste200(2)_v0005": null, "teste200(2)_v0006": null, "teste200(2)_v0007": null, "teste200(2)_AREA_DOMICILIADA_KM2": null, "teste200(2)_AREA_KM2": null, "teste200(2)_DENSIDADE_DEMOGRAFICA_DOMICILIADA_HAB_KM2": null, "teste200(2)_DENSIDADE_DEMOGRAFICA_SETOR_HAB_KM2": null, "teste200(2)_V00111SISTEMAGERALÁGUA": null, "teste200(2)_V00112POÇO": null, "teste200(2)_V00113POÇORASO": null, "teste200(2)_V00114NASCENTE,FONTE": null, "teste200(2)_V00115CARROPIPA": null, "teste200(2)_V00116CHUVA": null, "teste200(2)_V00117RIOS,AÇUDES,CORREGOS": null, "teste200(2)_V00118OUTRAFORMA": null }, "geometry": { "type": "MultiPolygon", "coordinates": [ [ [ [ -40.919647, -3.749688399999968 ], [ -40.916624199999944, -3.748687699999948 ], [ -40.91664, -3.748994799999934 ], [ -40.917131299999937, -3.750935199999958 ], [ -40.917170899999974, -3.751091599999938 ], [ -40.917032, -3.751974399999938 ], [ -40.919404799999938, -3.75237089999996 ], [ -40.919647, -3.749688399999968 ] ] ] ] } },
{ "type": "Feature", "properties": { "CD_SETOR": "231340105000178", "SITUACAO": "Rural", "CD_SIT": "5", "CD_TIPO": "0", "AREA_KM2": 0.068936752567059001, "CD_REGIAO": "2", "NM_REGIAO": "Nordeste", "CD_UF": "23", "NM_UF": "Ceará", "CD_MUN": "2313401", "NM_MUN": "Tianguá", "CD_DIST": "231340105", "NM_DIST": "Tianguá", "CD_SUBDIST": "23134010500", "NM_SUBDIST": null, "CD_BAIRRO": null, "NM_BAIRRO": null, "CD_NU": null, "NM_NU": null, "CD_FCU": null, "NM_FCU": null, "CD_AGLOM": "231340100012", "NM_AGLOM": "Itaguaruna", "CD_RGINT": "2306", "NM_RGINT": "Sobral", "CD_RGI": "230016", "NM_RGI": "São Benedito - Ipu - Guaraciaba do Norte - Tianguá", "CD_CONCURB": null, "NM_CONCURB": null, "Areapopulacional_CD_SIT": null, "Areapopulacional_CD_TIPO": null, "Areapopulacional_v0001": null, "Areapopulacional_v0002": null, "Areapopulacional_v0003": null, "Areapopulacional_v0004": null, "Areapopulacional_v0005": null, "Areapopulacional_v0006": null, "Areapopulacional_v0007": null, "Areapopulacional_AREA_DOMICILIADA_KM2": null, "Areapopulacional_AREA_KM2": null, "Areapopulacional_DENSIDADE_DEMOGRAFICA_DOMICILIADA_HAB_KM2": null, "Areapopulacional_DENSIDADE_DEMOGRAFICA_SETOR_HAB_KM2": null, "teste200(2)_fid": null, "teste200(2)_CD_SIT": null, "teste200(2)_CD_TIPO": null, "teste200(2)_v0001": null, "teste200(2)_v0002": null, "teste200(2)_v0003": null, "teste200(2)_v0004": null, "teste200(2)_v0005": null, "teste200(2)_v0006": null, "teste200(2)_v0007": null, "teste200(2)_AREA_DOMICILIADA_KM2": null, "teste200(2)_AREA_KM2": null, "teste200(2)_DENSIDADE_DEMOGRAFICA_DOMICILIADA_HAB_KM2": null, "teste200(2)_DENSIDADE_DEMOGRAFICA_SETOR_HAB_KM2": null, "teste200(2)_V00111SISTEMAGERALÁGUA": null, "teste200(2)_V00112POÇO": null, "teste200(2)_V00113POÇORASO": null, "teste200(2)_V00114NASCENTE,FONTE": null, "teste200(2)_V00115CARROPIPA": null, "teste200(2)_V00116CHUVA": null, "teste200(2)_V00117RIOS,AÇUDES,CORREGOS": null, "teste200(2)_V00118OUTRAFORMA": null }, "geometry": { "type": "MultiPolygon", "coordinates": [ [ [ [ -40.916624199999944, -3.748687699999948 ], [ -40.919647, -3.749688399999968 ], [ -40.91967109999996, -3.749421499999926 ], [ -40.919789299999934, -3.748112899999967 ], [ -40.919795799999974, -3.748040699999933 ], [ -40.918690399999946, -3.747616499999936 ], [ -40.916526399999952, -3.746786 ], [ -40.916611199999977, -3.748435799999925 ], [ -40.916624199999944, -3.748687699999948 ] ] ] ] } },
{ "type": "Feature", "properties": { "CD_SETOR": "231340105000179", "SITUACAO": "Urbana", "CD_SIT": "2", "CD_TIPO": "0", "AREA_KM2": 0.237278721933536, "CD_REGIAO": "2", "NM_REGIAO": "Nordeste", "CD_UF": "23", "NM_UF": "Ceará", "CD_MUN": "2313401", "NM_MUN": "Tianguá", "CD_DIST": "231340105", "NM_DIST": "Tianguá", "CD_SUBDIST": "23134010500", "NM_SUBDIST": null, "CD_BAIRRO": "2313401006", "NM_BAIRRO": "Santo Antônio", "CD_NU": null, "NM_NU": null, "CD_FCU": null, "NM_FCU": null, "CD_AGLOM": null, "NM_AGLOM": null, "CD_RGINT": "2306", "NM_RGINT": "Sobral", "CD_RGI": "230016", "NM_RGI": "São Benedito - Ipu - Guaraciaba do Norte - Tianguá", "CD_CONCURB": null, "NM_CONCURB": null, "Areapopulacional_CD_SIT": 2, "Areapopulacional_CD_TIPO": 0, "Areapopulacional_v0001": 68, "Areapopulacional_v0002": 28, "Areapopulacional_v0003": 28, "Areapopulacional_v0004": 0, "Areapopulacional_v0005": 3.6, "Areapopulacional_v0006": 0.0, "Areapopulacional_v0007": 19, "Areapopulacional_AREA_DOMICILIADA_KM2": 0.19987, "Areapopulacional_AREA_KM2": 0.237278722, "Areapopulacional_DENSIDADE_DEMOGRAFICA_DOMICILIADA_HAB_KM2": 340.2211437, "Areapopulacional_DENSIDADE_DEMOGRAFICA_SETOR_HAB_KM2": 286.5827978, "teste200(2)_fid": 307704, "teste200(2)_CD_SIT": 2, "teste200(2)_CD_TIPO": 0, "teste200(2)_v0001": 68, "teste200(2)_v0002": 28, "teste200(2)_v0003": 28, "teste200(2)_v0004": 0, "teste200(2)_v0005": 3.6, "teste200(2)_v0006": 0.0, "teste200(2)_v0007": 19, "teste200(2)_AREA_DOMICILIADA_KM2": 0.19987, "teste200(2)_AREA_KM2": 0.237278722, "teste200(2)_DENSIDADE_DEMOGRAFICA_DOMICILIADA_HAB_KM2": 340.2211437, "teste200(2)_DENSIDADE_DEMOGRAFICA_SETOR_HAB_KM2": 286.5827978, "teste200(2)_V00111SISTEMAGERALÁGUA": 19, "teste200(2)_V00112POÇO": 0, "teste200(2)_V00113POÇORASO": 0, "teste200(2)_V00114NASCENTE,FONTE": 0, "teste200(2)_V00115CARROPIPA": 0, "teste200(2)_V00116CHUVA": 0, "teste200(2)_V00117RIOS,AÇUDES,CORREGOS": 0, "teste200(2)_V00118OUTRAFORMA": 0 }, "geometry": { "type": "MultiPolygon", "coordinates": [ [ [ [ -41.00639949999993, -3.731051099999945 ], [ -41.00656859999998, -3.731407599999955 ], [ -41.006837899999937, -3.731923499999937 ], [ -41.006988799999931, -3.732257799999957 ], [ -41.007286199999953, -3.73300409999996 ], [ -41.007703099999958, -3.732894099999953 ], [ -41.008136299999933, -3.733918 ], [ -41.00828249999995, -3.734226899999953 ], [ -41.008454599999936, -3.734252699999956 ], [ -41.008699099999944, -3.734294899999952 ], [ -41.008822799999962, -3.734316199999967 ], [ -41.008987899999966, -3.734341599999937 ], [ -41.009075099999961, -3.734353599999963 ], [ -41.009252699999934, -3.73437789999997 ], [ -41.009334699999954, -3.73435539999997 ], [ -41.009555, -3.734295 ], [ -41.009889399999963, -3.734185 ], [ -41.01008, -3.734127899999976 ], [ -41.010345299999983, -3.734048499999972 ], [ -41.010501899999952, -3.733993 ], [ -41.010545399999955, -3.733977599999946 ], [ -41.011006599999973, -3.733840799999939 ], [ -41.011044799999979, -3.733829499999956 ], [ -41.011548499999947, -3.733689799999979 ], [ -41.012022499999944, -3.733545899999967 ], [ -41.012533499999961, -3.733387099999959 ], [ -41.012893199999951, -3.733281899999952 ], [ -41.013542299999983, -3.733088899999927 ], [ -41.014278699999977, -3.732986599999947 ], [ -41.013729699999942, -3.73147419999998 ], [ -41.013645599999961, -3.731208099999947 ], [ -41.013463199999933, -3.730775499999936 ], [ -41.01265559999996, -3.730982399999959 ], [ -41.01005159999994, -3.731649399999981 ], [ -41.009293099999979, -3.730195899999956 ], [ -41.00722879999995, -3.730819399999973 ], [ -41.006718499999977, -3.730908199999931 ], [ -41.00648979999994, -3.731015799999966 ], [ -41.00639949999993, -3.731051099999945 ] ] ] ] } },
{ "type": "Feature", "properties": { "CD_SETOR": "231340105000180", "SITUACAO": "Urbana", "CD_SIT": "1", "CD_TIPO": "0", "AREA_KM2": 0.055947480635544, "CD_REGIAO": "2", "NM_REGIAO": "Nordeste", "CD_UF": "23", "NM_UF": "Ceará", "CD_MUN": "2313401", "NM_MUN": "Tianguá", "CD_DIST": "231340105", "NM_DIST": "Tianguá", "CD_SUBDIST": "23134010500", "NM_SUBDIST": null, "CD_BAIRRO": "2313401006", "NM_BAIRRO": "Santo Antônio", "CD_NU": null, "NM_NU": null, "CD_FCU": null, "NM_FCU": null, "CD_AGLOM": null, "NM_AGLOM": null, "CD_RGINT": "2306", "NM_RGINT": "Sobral", "CD_RGI": "230016", "NM_RGI": "São Benedito - Ipu - Guaraciaba do Norte - Tianguá", "CD_CONCURB": null, "NM_CONCURB": null, "Areapopulacional_CD_SIT": 1, "Areapopulacional_CD_TIPO": 0, "Areapopulacional_v0001": 965, "Areapopulacional_v0002": 342, "Areapopulacional_v0003": 342, "Areapopulacional_v0004": 0, "Areapopulacional_v0005": 3.3, "Areapopulacional_v0006": 0.0, "Areapopulacional_v0007": 289, "Areapopulacional_AREA_DOMICILIADA_KM2": 0.055947481, "Areapopulacional_AREA_KM2": 0.055947481, "Areapopulacional_DENSIDADE_DEMOGRAFICA_DOMICILIADA_HAB_KM2": 17248.31912, "Areapopulacional_DENSIDADE_DEMOGRAFICA_SETOR_HAB_KM2": 17248.31912, "teste200(2)_fid": 56144, "teste200(2)_CD_SIT": 1, "teste200(2)_CD_TIPO": 0, "teste200(2)_v0001": 965, "teste200(2)_v0002": 342, "teste200(2)_v0003": 342, "teste200(2)_v0004": 0, "teste200(2)_v0005": 3.3, "teste200(2)_v0006": 0.0, "teste200(2)_v0007": 289, "teste200(2)_AREA_DOMICILIADA_KM2": 0.055947481, "teste200(2)_AREA_KM2": 0.055947481, "teste200(2)_DENSIDADE_DEMOGRAFICA_DOMICILIADA_HAB_KM2": 17248.31912, "teste200(2)_DENSIDADE_DEMOGRAFICA_SETOR_HAB_KM2": 17248.31912, "teste200(2)_V00111SISTEMAGERALÁGUA": 289, "teste200(2)_V00112POÇO": 0, "teste200(2)_V00113POÇORASO": 0, "teste200(2)_V00114NASCENTE,FONTE": 0, "teste200(2)_V00115CARROPIPA": 0, "teste200(2)_V00116CHUVA": 0, "teste200(2)_V00117RIOS,AÇUDES,CORREGOS": 0, "teste200(2)_V00118OUTRAFORMA": 0 }, "geometry": { "type": "MultiPolygon", "coordinates": [ [ [ [ -41.00828249999995, -3.734226899999953 ], [ -41.008136299999933, -3.733918 ], [ -41.007703099999958, -3.732894099999953 ], [ -41.007286199999953, -3.73300409999996 ], [ -41.006988799999931, -3.732257799999957 ], [ -41.006837899999937, -3.731923499999937 ], [ -41.00656859999998, -3.731407599999955 ], [ -41.00639949999993, -3.731051099999945 ], [ -41.006083699999976, -3.73117469999994 ], [ -41.005605799999955, -3.731472599999961 ], [ -41.005134199999929, -3.73167559999996 ], [ -41.005291899999975, -3.731968799999947 ], [ -41.005485399999941, -3.73230719999998 ], [ -41.006014099999959, -3.733391499999925 ], [ -41.006113, -3.733559 ], [ -41.006137399999943, -3.733600299999978 ], [ -41.006236899999976, -3.733753299999933 ], [ -41.006253799999968, -3.733922599999971 ], [ -41.00828249999995, -3.734226899999953 ] ] ] ] } },
{ "type": "Feature", "properties": { "CD_SETOR": "231340105000181", "SITUACAO": "Urbana", "CD_SIT": "2", "CD_TIPO": "0", "AREA_KM2": 0.51956207120611297, "CD_REGIAO": "2", "NM_REGIAO": "Nordeste", "CD_UF": "23", "NM_UF": "Ceará", "CD_MUN": "2313401", "NM_MUN": "Tianguá", "CD_DIST": "231340105", "NM_DIST": "Tianguá", "CD_SUBDIST": "23134010500", "NM_SUBDIST": null, "CD_BAIRRO": "2313401007", "NM_BAIRRO": "Geraldo Saraiva", "CD_NU": null, "NM_NU": null, "CD_FCU": null, "NM_FCU": null, "CD_AGLOM": null, "NM_AGLOM": null, "CD_RGINT": "2306", "NM_RGINT": "Sobral", "CD_RGI": "230016", "NM_RGI": "São Benedito - Ipu - Guaraciaba do Norte - Tianguá", "CD_CONCURB": null, "NM_CONCURB": null, "Areapopulacional_CD_SIT": 2, "Areapopulacional_CD_TIPO": 0, "Areapopulacional_v0001": 473, "Areapopulacional_v0002": 176, "Areapopulacional_v0003": 176, "Areapopulacional_v0004": 0, "Areapopulacional_v0005": 3.1, "Areapopulacional_v0006": 0.0065, "Areapopulacional_v0007": 153, "Areapopulacional_AREA_DOMICILIADA_KM2": 0.47511, "Areapopulacional_AREA_KM2": 0.519562071, "Areapopulacional_DENSIDADE_DEMOGRAFICA_DOMICILIADA_HAB_KM2": 995.5589232, "Areapopulacional_DENSIDADE_DEMOGRAFICA_SETOR_HAB_KM2": 910.3820818, "teste200(2)_fid": 293685, "teste200(2)_CD_SIT": 2, "teste200(2)_CD_TIPO": 0, "teste200(2)_v0001": 473, "teste200(2)_v0002": 176, "teste200(2)_v0003": 176, "teste200(2)_v0004": 0, "teste200(2)_v0005": 3.1, "teste200(2)_v0006": 0.0065, "teste200(2)_v0007": 153, "teste200(2)_AREA_DOMICILIADA_KM2": 0.47511, "teste200(2)_AREA_KM2": 0.519562071, "teste200(2)_DENSIDADE_DEMOGRAFICA_DOMICILIADA_HAB_KM2": 995.5589232, "teste200(2)_DENSIDADE_DEMOGRAFICA_SETOR_HAB_KM2": 910.3820818, "teste200(2)_V00111SISTEMAGERALÁGUA": 152, "teste200(2)_V00112POÇO": null, "teste200(2)_V00113POÇORASO": 0, "teste200(2)_V00114NASCENTE,FONTE": 0, "teste200(2)_V00115CARROPIPA": 0, "teste200(2)_V00116CHUVA": 0, "teste200(2)_V00117RIOS,AÇUDES,CORREGOS": 0, "teste200(2)_V00118OUTRAFORMA": 0 }, "geometry": { "type": "MultiPolygon", "coordinates": [ [ [ [ -40.987804199999971, -3.714387099999954 ], [ -40.98804789999997, -3.713586899999939 ], [ -40.98828519999995, -3.713683599999968 ], [ -40.98900569999995, -3.709808599999974 ], [ -40.990525799999944, -3.710204 ], [ -40.990235799999937, -3.711566 ], [ -40.990148, -3.711785599999928 ], [ -40.989629599999944, -3.713885699999935 ], [ -40.989664699999935, -3.71412289999995 ], [ -40.989271, -3.715413299999966 ], [ -40.989528, -3.715591 ], [ -40.990078, -3.715972 ], [ -40.99023, -3.716106 ], [ -40.990391, -3.716216 ], [ -40.991747, -3.717152 ], [ -40.99203, -3.717347 ], [ -40.992229, -3.717484 ], [ -40.992649299999982, -3.715730699999938 ], [ -40.992826099999945, -3.714957199999958 ], [ -40.99363349999993, -3.711924599999975 ], [ -40.994096799999966, -3.711642499999925 ], [ -40.994540699999959, -3.71135419999996 ], [ -40.994866899999977, -3.711142299999949 ], [ -40.995699299999956, -3.710605199999975 ], [ -40.993410299999937, -3.708930199999941 ], [ -40.991859899999952, -3.707795699999963 ], [ -40.990154699999948, -3.706547899999975 ], [ -40.989407, -3.709270199999935 ], [ -40.988681799999938, -3.708740699999964 ], [ -40.988025099999959, -3.708261199999924 ], [ -40.987664699999982, -3.708849199999975 ], [ -40.986857599999951, -3.71347389999994 ], [ -40.986825799999963, -3.713699099999928 ], [ -40.986946, -3.713779 ], [ -40.987734, -3.714337 ], [ -40.987804199999971, -3.714387099999954 ] ] ] ] } },
{ "type": "Feature", "properties": { "CD_SETOR": "231340105000182", "SITUACAO": "Urbana", "CD_SIT": "1", "CD_TIPO": "0", "AREA_KM2": 0.094605229615651001, "CD_REGIAO": "2", "NM_REGIAO": "Nordeste", "CD_UF": "23", "NM_UF": "Ceará", "CD_MUN": "2313401", "NM_MUN": "Tianguá", "CD_DIST": "231340105", "NM_DIST": "Tianguá", "CD_SUBDIST": "23134010500", "NM_SUBDIST": null, "CD_BAIRRO": "2313401007", "NM_BAIRRO": "Geraldo Saraiva", "CD_NU": null, "NM_NU": null, "CD_FCU": null, "NM_FCU": null, "CD_AGLOM": null, "NM_AGLOM": null, "CD_RGINT": "2306", "NM_RGINT": "Sobral", "CD_RGI": "230016", "NM_RGI": "São Benedito - Ipu - Guaraciaba do Norte - Tianguá", "CD_CONCURB": null, "NM_CONCURB": null, "Areapopulacional_CD_SIT": 1, "Areapopulacional_CD_TIPO": 0, "Areapopulacional_v0001": 529, "Areapopulacional_v0002": 216, "Areapopulacional_v0003": 216, "Areapopulacional_v0004": 0, "Areapopulacional_v0005": 3.0, "Areapopulacional_v0006": 0.0615, "Areapopulacional_v0007": 179, "Areapopulacional_AREA_DOMICILIADA_KM2": 0.09460523, "Areapopulacional_AREA_KM2": 0.09460523, "Areapopulacional_DENSIDADE_DEMOGRAFICA_DOMICILIADA_HAB_KM2": 5591.657059, "Areapopulacional_DENSIDADE_DEMOGRAFICA_SETOR_HAB_KM2": 5591.657059, "teste200(2)_fid": 51465, "teste200(2)_CD_SIT": 1, "teste200(2)_CD_TIPO": 0, "teste200(2)_v0001": 529, "teste200(2)_v0002": 216, "teste200(2)_v0003": 216, "teste200(2)_v0004": 0, "teste200(2)_v0005": 3.0, "teste200(2)_v0006": 0.0615, "teste200(2)_v0007": 179, "teste200(2)_AREA_DOMICILIADA_KM2": 0.09460523, "teste200(2)_AREA_KM2": 0.09460523, "teste200(2)_DENSIDADE_DEMOGRAFICA_DOMICILIADA_HAB_KM2": 5591.657059, "teste200(2)_DENSIDADE_DEMOGRAFICA_SETOR_HAB_KM2": 5591.657059, "teste200(2)_V00111SISTEMAGERALÁGUA": 173, "teste200(2)_V00112POÇO": 5, "teste200(2)_V00113POÇORASO": 0, "teste200(2)_V00114NASCENTE,FONTE": 0, "teste200(2)_V00115CARROPIPA": 0, "teste200(2)_V00116CHUVA": 0, "teste200(2)_V00117RIOS,AÇUDES,CORREGOS": 0, "teste200(2)_V00118OUTRAFORMA": null }, "geometry": { "type": "MultiPolygon", "coordinates": [ [ [ [ -40.989271, -3.715413299999966 ], [ -40.989664699999935, -3.71412289999995 ], [ -40.989629599999944, -3.713885699999935 ], [ -40.990148, -3.711785599999928 ], [ -40.990235799999937, -3.711566 ], [ -40.990525799999944, -3.710204 ], [ -40.98900569999995, -3.709808599999974 ], [ -40.98828519999995, -3.713683599999968 ], [ -40.98804789999997, -3.713586899999939 ], [ -40.987804199999971, -3.714387099999954 ], [ -40.988148, -3.714632 ], [ -40.988415, -3.714821 ], [ -40.98856, -3.714922 ], [ -40.989021, -3.715241 ], [ -40.989084, -3.715284 ], [ -40.989271, -3.715413299999966 ] ] ] ] } },
{ "type": "Feature", "properties": { "CD_SETOR": "231340105000183", "SITUACAO": "Rural", "CD_SIT": "8", "CD_TIPO": "0", "AREA_KM2": 1.0986642901304511, "CD_REGIAO": "2", "NM_REGIAO": "Nordeste", "CD_UF": "23", "NM_UF": "Ceará", "CD_MUN": "2313401", "NM_MUN": "Tianguá", "CD_DIST": "231340105", "NM_DIST": "Tianguá", "CD_SUBDIST": "23134010500", "NM_SUBDIST": null, "CD_BAIRRO": "2313401006", "NM_BAIRRO": "Santo Antônio", "CD_NU": null, "NM_NU": null, "CD_FCU": null, "NM_FCU": null, "CD_AGLOM": null, "NM_AGLOM": null, "CD_RGINT": "2306", "NM_RGINT": "Sobral", "CD_RGI": "230016", "NM_RGI": "São Benedito - Ipu - Guaraciaba do Norte - Tianguá", "CD_CONCURB": null, "NM_CONCURB": null, "Areapopulacional_CD_SIT": null, "Areapopulacional_CD_TIPO": null, "Areapopulacional_v0001": null, "Areapopulacional_v0002": null, "Areapopulacional_v0003": null, "Areapopulacional_v0004": null, "Areapopulacional_v0005": null, "Areapopulacional_v0006": null, "Areapopulacional_v0007": null, "Areapopulacional_AREA_DOMICILIADA_KM2": null, "Areapopulacional_AREA_KM2": null, "Areapopulacional_DENSIDADE_DEMOGRAFICA_DOMICILIADA_HAB_KM2": null, "Areapopulacional_DENSIDADE_DEMOGRAFICA_SETOR_HAB_KM2": null, "teste200(2)_fid": null, "teste200(2)_CD_SIT": null, "teste200(2)_CD_TIPO": null, "teste200(2)_v0001": null, "teste200(2)_v0002": null, "teste200(2)_v0003": null, "teste200(2)_v0004": null, "teste200(2)_v0005": null, "teste200(2)_v0006": null, "teste200(2)_v0007": null, "teste200(2)_AREA_DOMICILIADA_KM2": null, "teste200(2)_AREA_KM2": null, "teste200(2)_DENSIDADE_DEMOGRAFICA_DOMICILIADA_HAB_KM2": null, "teste200(2)_DENSIDADE_DEMOGRAFICA_SETOR_HAB_KM2": null, "teste200(2)_V00111SISTEMAGERALÁGUA": null, "teste200(2)_V00112POÇO": null, "teste200(2)_V00113POÇORASO": null, "teste200(2)_V00114NASCENTE,FONTE": null, "teste200(2)_V00115CARROPIPA": null, "teste200(2)_V00116CHUVA": null, "teste200(2)_V00117RIOS,AÇUDES,CORREGOS": null, "teste200(2)_V00118OUTRAFORMA": null }, "geometry": { "type": "MultiPolygon", "coordinates": [ [ [ [ -41.007663099999945, -3.722125799999958 ], [ -41.008423099999959, -3.724869 ], [ -41.008622399999979, -3.725282799999945 ], [ -41.008043199999975, -3.725572399999976 ], [ -41.008449499999983, -3.726560399999926 ], [ -41.009557799999982, -3.726161599999955 ], [ -41.009927599999969, -3.726135699999929 ], [ -41.010988299999951, -3.727832799999931 ], [ -41.011082099999953, -3.727795 ], [ -41.011835799999972, -3.729399299999955 ], [ -41.012072699999976, -3.729639499999962 ], [ -41.01265559999996, -3.730982399999959 ], [ -41.013463199999933, -3.730775499999936 ], [ -41.013645599999961, -3.731208099999947 ], [ -41.013729699999942, -3.73147419999998 ], [ -41.014278699999977, -3.732986599999947 ], [ -41.017217699999946, -3.732027499999958 ], [ -41.018705099999977, -3.731588099999954 ], [ -41.019682499999931, -3.731299399999955 ], [ -41.021887099999958, -3.730602699999963 ], [ -41.023953699999936, -3.730757099999948 ], [ -41.023820899999976, -3.730591 ], [ -41.023221699999965, -3.729841 ], [ -41.017456899999956, -3.725062399999956 ], [ -41.012028699999973, -3.720592599999975 ], [ -41.011861499999952, -3.720652599999937 ], [ -41.012792, -3.722740099999953 ], [ -41.011174399999959, -3.723438299999941 ], [ -41.010194099999978, -3.721249399999977 ], [ -41.008897599999955, -3.72170019999993 ], [ -41.007663099999945, -3.722125799999958 ] ] ] ] } },
{ "type": "Feature", "properties": { "CD_SETOR": "231340105000184", "SITUACAO": "Urbana", "CD_SIT": "1", "CD_TIPO": "0", "AREA_KM2": 0.50243383141702203, "CD_REGIAO": "2", "NM_REGIAO": "Nordeste", "CD_UF": "23", "NM_UF": "Ceará", "CD_MUN": "2313401", "NM_MUN": "Tianguá", "CD_DIST": "231340105", "NM_DIST": "Tianguá", "CD_SUBDIST": "23134010500", "NM_SUBDIST": null, "CD_BAIRRO": "2313401006", "NM_BAIRRO": "Santo Antônio", "CD_NU": null, "NM_NU": null, "CD_FCU": null, "NM_FCU": null, "CD_AGLOM": null, "NM_AGLOM": null, "CD_RGINT": "2306", "NM_RGINT": "Sobral", "CD_RGI": "230016", "NM_RGI": "São Benedito - Ipu - Guaraciaba do Norte - Tianguá", "CD_CONCURB": null, "NM_CONCURB": null, "Areapopulacional_CD_SIT": 1, "Areapopulacional_CD_TIPO": 0, "Areapopulacional_v0001": 1693, "Areapopulacional_v0002": 668, "Areapopulacional_v0003": 668, "Areapopulacional_v0004": 0, "Areapopulacional_v0005": 3.5, "Areapopulacional_v0006": 0.0082, "Areapopulacional_v0007": 487, "Areapopulacional_AREA_DOMICILIADA_KM2": 0.50243, "Areapopulacional_AREA_KM2": 0.502433831, "Areapopulacional_DENSIDADE_DEMOGRAFICA_DOMICILIADA_HAB_KM2": 3369.623629, "Areapopulacional_DENSIDADE_DEMOGRAFICA_SETOR_HAB_KM2": 3369.597933, "teste200(2)_fid": 143477, "teste200(2)_CD_SIT": 1, "teste200(2)_CD_TIPO": 0, "teste200(2)_v0001": 1693, "teste200(2)_v0002": 668, "teste200(2)_v0003": 668, "teste200(2)_v0004": 0, "teste200(2)_v0005": 3.5, "teste200(2)_v0006": 0.0082, "teste200(2)_v0007": 487, "teste200(2)_AREA_DOMICILIADA_KM2": 0.50243, "teste200(2)_AREA_KM2": 0.502433831, "teste200(2)_DENSIDADE_DEMOGRAFICA_DOMICILIADA_HAB_KM2": 3369.623629, "teste200(2)_DENSIDADE_DEMOGRAFICA_SETOR_HAB_KM2": 3369.597933, "teste200(2)_V00111SISTEMAGERALÁGUA": 486, "teste200(2)_V00112POÇO": 0, "teste200(2)_V00113POÇORASO": 0, "teste200(2)_V00114NASCENTE,FONTE": 0, "teste200(2)_V00115CARROPIPA": 0, "teste200(2)_V00116CHUVA": 0, "teste200(2)_V00117RIOS,AÇUDES,CORREGOS": 0, "teste200(2)_V00118OUTRAFORMA": null }, "geometry": { "type": "MultiPolygon", "coordinates": [ [ [ [ -41.010988299999951, -3.727832799999931 ], [ -41.009927599999969, -3.726135699999929 ], [ -41.009557799999982, -3.726161599999955 ], [ -41.008449499999983, -3.726560399999926 ], [ -41.008043199999975, -3.725572399999976 ], [ -41.008622399999979, -3.725282799999945 ], [ -41.008423099999959, -3.724869 ], [ -41.007663099999945, -3.722125799999958 ], [ -41.006677599999932, -3.722465499999942 ], [ -41.002356299999974, -3.72394989999998 ], [ -41.003162499999974, -3.725437199999931 ], [ -41.00328559999997, -3.725360199999955 ], [ -41.00458169999996, -3.727977899999928 ], [ -41.005468, -3.729813 ], [ -41.00496069999997, -3.729902899999956 ], [ -41.004438799999946, -3.730199499999969 ], [ -41.005134199999929, -3.73167559999996 ], [ -41.005605799999955, -3.731472599999961 ], [ -41.006083699999976, -3.73117469999994 ], [ -41.00639949999993, -3.731051099999945 ], [ -41.00648979999994, -3.731015799999966 ], [ -41.006718499999977, -3.730908199999931 ], [ -41.00722879999995, -3.730819399999973 ], [ -41.009293099999979, -3.730195899999956 ], [ -41.008879399999955, -3.729330499999946 ], [ -41.008632599999942, -3.728782099999933 ], [ -41.010988299999951, -3.727832799999931 ] ] ] ] } },
{ "type": "Feature", "properties": { "CD_SETOR": "231340105000185", "SITUACAO": "Urbana", "CD_SIT": "2", "CD_TIPO": "0", "AREA_KM2": 0.46034257986656801, "CD_REGIAO": "2", "NM_REGIAO": "Nordeste", "CD_UF": "23", "NM_UF": "Ceará", "CD_MUN": "2313401", "NM_MUN": "Tianguá", "CD_DIST": "231340105", "NM_DIST": "Tianguá", "CD_SUBDIST": "23134010500", "NM_SUBDIST": null, "CD_BAIRRO": "2313401009", "NM_BAIRRO": "Cândido Xavier de Sá", "CD_NU": null, "NM_NU": null, "CD_FCU": null, "NM_FCU": null, "CD_AGLOM": null, "NM_AGLOM": null, "CD_RGINT": "2306", "NM_RGINT": "Sobral", "CD_RGI": "230016", "NM_RGI": "São Benedito - Ipu - Guaraciaba do Norte - Tianguá", "CD_CONCURB": null, "NM_CONCURB": null, "Areapopulacional_CD_SIT": 2, "Areapopulacional_CD_TIPO": 0, "Areapopulacional_v0001": 231, "Areapopulacional_v0002": 84, "Areapopulacional_v0003": 84, "Areapopulacional_v0004": 0, "Areapopulacional_v0005": 3.3, "Areapopulacional_v0006": 0.0435, "Areapopulacional_v0007": 69, "Areapopulacional_AREA_DOMICILIADA_KM2": 0.38171, "Areapopulacional_AREA_KM2": 0.46034258, "Areapopulacional_DENSIDADE_DEMOGRAFICA_DOMICILIADA_HAB_KM2": 605.1714652, "Areapopulacional_DENSIDADE_DEMOGRAFICA_SETOR_HAB_KM2": 501.8002029, "teste200(2)_fid": 309905, "teste200(2)_CD_SIT": 2, "teste200(2)_CD_TIPO": 0, "teste200(2)_v0001": 231, "teste200(2)_v0002": 84, "teste200(2)_v0003": 84, "teste200(2)_v0004": 0, "teste200(2)_v0005": 3.3, "teste200(2)_v0006": 0.0435, "teste200(2)_v0007": 69, "teste200(2)_AREA_DOMICILIADA_KM2": 0.38171, "teste200(2)_AREA_KM2": 0.46034258, "teste200(2)_DENSIDADE_DEMOGRAFICA_DOMICILIADA_HAB_KM2": 605.1714652, "teste200(2)_DENSIDADE_DEMOGRAFICA_SETOR_HAB_KM2": 501.8002029, "teste200(2)_V00111SISTEMAGERALÁGUA": 67, "teste200(2)_V00112POÇO": null, "teste200(2)_V00113POÇORASO": 0, "teste200(2)_V00114NASCENTE,FONTE": 0, "teste200(2)_V00115CARROPIPA": 0, "teste200(2)_V00116CHUVA": 0, "teste200(2)_V00117RIOS,AÇUDES,CORREGOS": 0, "teste200(2)_V00118OUTRAFORMA": 0 }, "geometry": { "type": "MultiPolygon", "coordinates": [ [ [ [ -40.992439399999967, -3.744228299999975 ], [ -40.992586, -3.744549699999936 ], [ -40.992991, -3.745527399999958 ], [ -40.993233699999962, -3.746035 ], [ -40.990579199999956, -3.747127899999953 ], [ -40.990473799999961, -3.746872699999926 ], [ -40.989990599999942, -3.745530599999938 ], [ -40.989098299999966, -3.745989599999973 ], [ -40.988364, -3.746128299999953 ], [ -40.98787939999994, -3.746346299999971 ], [ -40.987632299999973, -3.746748499999967 ], [ -40.98743369999994, -3.747320299999956 ], [ -40.987012099999959, -3.747533499999975 ], [ -40.985757599999943, -3.747808099999929 ], [ -40.985685299999943, -3.747929599999964 ], [ -40.984377, -3.74981 ], [ -40.983866, -3.750662 ], [ -40.983384099999967, -3.751894099999959 ], [ -40.983362899999975, -3.751948199999958 ], [ -40.983282, -3.752155 ], [ -40.982871, -3.753455 ], [ -40.983894499999963, -3.753148 ], [ -40.984315899999956, -3.752942499999961 ], [ -40.984576799999957, -3.752532499999973 ], [ -40.984774699999946, -3.752113699999938 ], [ -40.985018799999978, -3.751593 ], [ -40.985559899999942, -3.751096099999927 ], [ -40.986012399999936, -3.750962399999935 ], [ -40.986230899999953, -3.750793899999962 ], [ -40.986265399999979, -3.750514299999963 ], [ -40.986417499999959, -3.750348699999961 ], [ -40.986741799999947, -3.750260499999968 ], [ -40.987590799999964, -3.749931599999968 ], [ -40.987714799999935, -3.750128399999937 ], [ -40.987694399999953, -3.750420499999962 ], [ -40.987891599999955, -3.750617899999952 ], [ -40.988571499999978, -3.750196299999971 ], [ -40.989143499999955, -3.749840199999937 ], [ -40.989820899999984, -3.74931719999995 ], [ -40.990067, -3.748912 ], [ -40.991033199999947, -3.748491499999943 ], [ -40.992979599999956, -3.747674899999936 ], [ -40.99343719999996, -3.74745919999998 ], [ -40.993716199999938, -3.747495 ], [ -40.993925699999977, -3.747343 ], [ -40.994161399999939, -3.74702549999995 ], [ -40.994410599999981, -3.746787899999958 ], [ -40.994579599999952, -3.746547899999939 ], [ -40.994851199999971, -3.746367799999973 ], [ -40.99497329999997, -3.746065 ], [ -40.994997799999965, -3.745784899999933 ], [ -40.995196899999939, -3.745568899999967 ], [ -40.995344199999977, -3.745468899999935 ], [ -40.995445399999937, -3.745345899999961 ], [ -40.995379699999944, -3.745147899999949 ], [ -40.995354199999952, -3.744893399999967 ], [ -40.995451699999933, -3.744635399999936 ], [ -40.995730099999946, -3.744408899999939 ], [ -40.995905099999959, -3.744272199999955 ], [ -40.995789599999966, -3.744180899999947 ], [ -40.995839499999931, -3.743965799999955 ], [ -40.99582909999998, -3.743783399999927 ], [ -40.99592089999993, -3.743510199999946 ], [ -40.995978599999944, -3.74339759999998 ], [ -40.995970599999964, -3.743292199999928 ], [ -40.996005899999943, -3.743210699999963 ], [ -40.996094399999947, -3.743068 ], [ -40.99623669999994, -3.743061499999953 ], [ -40.996352199999933, -3.743046099999958 ], [ -40.996391099999983, -3.743010099999935 ], [ -40.996409099999937, -3.742933899999969 ], [ -40.99645739999994, -3.742877799999974 ], [ -40.996546599999931, -3.742776099999958 ], [ -40.996644299999957, -3.74260019999997 ], [ -40.996758199999931, -3.742464599999948 ], [ -40.996850599999959, -3.742356199999961 ], [ -40.996383899999955, -3.741743499999927 ], [ -40.996271599999943, -3.741859499999975 ], [ -40.995709499999975, -3.742218099999945 ], [ -40.995272799999952, -3.742472299999974 ], [ -40.99410359999996, -3.743405099999961 ], [ -40.993148599999984, -3.743890699999952 ], [ -40.992439399999967, -3.744228299999975 ] ] ] ] } },
{ "type": "Feature", "properties": { "CD_SETOR": "231340105000186", "SITUACAO": "Urbana", "CD_SIT": "1", "CD_TIPO": "0", "AREA_KM2": 0.063056577683514997, "CD_REGIAO": "2", "NM_REGIAO": "Nordeste", "CD_UF": "23", "NM_UF": "Ceará", "CD_MUN": "2313401", "NM_MUN": "Tianguá", "CD_DIST": "231340105", "NM_DIST": "Tianguá", "CD_SUBDIST": "23134010500", "NM_SUBDIST": null, "CD_BAIRRO": "2313401009", "NM_BAIRRO": "Cândido Xavier de Sá", "CD_NU": null, "NM_NU": null, "CD_FCU": null, "NM_FCU": null, "CD_AGLOM": null, "NM_AGLOM": null, "CD_RGINT": "2306", "NM_RGINT": "Sobral", "CD_RGI": "230016", "NM_RGI": "São Benedito - Ipu - Guaraciaba do Norte - Tianguá", "CD_CONCURB": null, "NM_CONCURB": null, "Areapopulacional_CD_SIT": 1, "Areapopulacional_CD_TIPO": 0, "Areapopulacional_v0001": 560, "Areapopulacional_v0002": 200, "Areapopulacional_v0003": 200, "Areapopulacional_v0004": 0, "Areapopulacional_v0005": 3.1, "Areapopulacional_v0006": 0.0337, "Areapopulacional_v0007": 178, "Areapopulacional_AREA_DOMICILIADA_KM2": 0.063056578, "Areapopulacional_AREA_KM2": 0.063056578, "Areapopulacional_DENSIDADE_DEMOGRAFICA_DOMICILIADA_HAB_KM2": 8880.913309, "Areapopulacional_DENSIDADE_DEMOGRAFICA_SETOR_HAB_KM2": 8880.913309, "teste200(2)_fid": 48518, "teste200(2)_CD_SIT": 1, "teste200(2)_CD_TIPO": 0, "teste200(2)_v0001": 560, "teste200(2)_v0002": 200, "teste200(2)_v0003": 200, "teste200(2)_v0004": 0, "teste200(2)_v0005": 3.1, "teste200(2)_v0006": 0.0337, "teste200(2)_v0007": 178, "teste200(2)_AREA_DOMICILIADA_KM2": 0.063056578, "teste200(2)_AREA_KM2": 0.063056578, "teste200(2)_DENSIDADE_DEMOGRAFICA_DOMICILIADA_HAB_KM2": 8880.913309, "teste200(2)_DENSIDADE_DEMOGRAFICA_SETOR_HAB_KM2": 8880.913309, "teste200(2)_V00111SISTEMAGERALÁGUA": 178, "teste200(2)_V00112POÇO": 0, "teste200(2)_V00113POÇORASO": 0, "teste200(2)_V00114NASCENTE,FONTE": 0, "teste200(2)_V00115CARROPIPA": 0, "teste200(2)_V00116CHUVA": 0, "teste200(2)_V00117RIOS,AÇUDES,CORREGOS": 0, "teste200(2)_V00118OUTRAFORMA": 0 }, "geometry": { "type": "MultiPolygon", "coordinates": [ [ [ [ -40.989990599999942, -3.745530599999938 ], [ -40.990473799999961, -3.746872699999926 ], [ -40.990579199999956, -3.747127899999953 ], [ -40.993233699999962, -3.746035 ], [ -40.992991, -3.745527399999958 ], [ -40.992586, -3.744549699999936 ], [ -40.992439399999967, -3.744228299999975 ], [ -40.99227639999998, -3.744305899999972 ], [ -40.992155799999978, -3.744407199999955 ], [ -40.990961199999958, -3.745031399999959 ], [ -40.989990599999942, -3.745530599999938 ] ] ] ] } },
{ "type": "Feature", "properties": { "CD_SETOR": "231340105000187", "SITUACAO": "Urbana", "CD_SIT": "2", "CD_TIPO": "0", "AREA_KM2": 0.56336762340895596, "CD_REGIAO": "2", "NM_REGIAO": "Nordeste", "CD_UF": "23", "NM_UF": "Ceará", "CD_MUN": "2313401", "NM_MUN": "Tianguá", "CD_DIST": "231340105", "NM_DIST": "Tianguá", "CD_SUBDIST": "23134010500", "NM_SUBDIST": null, "CD_BAIRRO": "2313401021", "NM_BAIRRO": "Zé Humberto", "CD_NU": null, "NM_NU": null, "CD_FCU": null, "NM_FCU": null, "CD_AGLOM": null, "NM_AGLOM": null, "CD_RGINT": "2306", "NM_RGINT": "Sobral", "CD_RGI": "230016", "NM_RGI": "São Benedito - Ipu - Guaraciaba do Norte - Tianguá", "CD_CONCURB": null, "NM_CONCURB": null, "Areapopulacional_CD_SIT": 2, "Areapopulacional_CD_TIPO": 0, "Areapopulacional_v0001": 299, "Areapopulacional_v0002": 97, "Areapopulacional_v0003": 97, "Areapopulacional_v0004": 0, "Areapopulacional_v0005": 3.5, "Areapopulacional_v0006": 0.0, "Areapopulacional_v0007": 86, "Areapopulacional_AREA_DOMICILIADA_KM2": 0.26832, "Areapopulacional_AREA_KM2": 0.563367623, "Areapopulacional_DENSIDADE_DEMOGRAFICA_DOMICILIADA_HAB_KM2": 1114.341085, "Areapopulacional_DENSIDADE_DEMOGRAFICA_SETOR_HAB_KM2": 530.7369248, "teste200(2)_fid": 343645, "teste200(2)_CD_SIT": 2, "teste200(2)_CD_TIPO": 0, "teste200(2)_v0001": 299, "teste200(2)_v0002": 97, "teste200(2)_v0003": 97, "teste200(2)_v0004": 0, "teste200(2)_v0005": 3.5, "teste200(2)_v0006": 0.0, "teste200(2)_v0007": 86, "teste200(2)_AREA_DOMICILIADA_KM2": 0.26832, "teste200(2)_AREA_KM2": 0.563367623, "teste200(2)_DENSIDADE_DEMOGRAFICA_DOMICILIADA_HAB_KM2": 1114.341085, "teste200(2)_DENSIDADE_DEMOGRAFICA_SETOR_HAB_KM2": 530.7369248, "teste200(2)_V00111SISTEMAGERALÁGUA": 65, "teste200(2)_V00112POÇO": 18, "teste200(2)_V00113POÇORASO": 3, "teste200(2)_V00114NASCENTE,FONTE": 0, "teste200(2)_V00115CARROPIPA": 0, "teste200(2)_V00116CHUVA": 0, "teste200(2)_V00117RIOS,AÇUDES,CORREGOS": 0, "teste200(2)_V00118OUTRAFORMA": 0 }, "geometry": { "type": "MultiPolygon", "coordinates": [ [ [ [ -41.009075099999961, -3.734353599999963 ], [ -41.009133299999974, -3.734518099999946 ], [ -41.009883499999944, -3.736154299999953 ], [ -41.009382, -3.736386699999969 ], [ -41.008466299999952, -3.736865499999965 ], [ -41.008148799999958, -3.736334399999976 ], [ -41.007796599999949, -3.735631499999954 ], [ -41.00748649999997, -3.73574739999998 ], [ -41.007244899999932, -3.735790099999974 ], [ -41.006808299999932, -3.735965599999929 ], [ -41.006282099999964, -3.734819799999968 ], [ -41.006061699999975, -3.734302299999968 ], [ -41.005305199999952, -3.734409199999959 ], [ -41.005229, -3.735058699999968 ], [ -41.003451299999938, -3.735458799999947 ], [ -41.003647599999965, -3.735698599999978 ], [ -41.00423539999997, -3.736829099999966 ], [ -41.004696799999977, -3.737490799999932 ], [ -41.007477799999947, -3.738495099999966 ], [ -41.009314499999959, -3.737446899999952 ], [ -41.010279, -3.737088899999947 ], [ -41.012193599999932, -3.737075499999946 ], [ -41.023953699999936, -3.730757099999948 ], [ -41.021887099999958, -3.730602699999963 ], [ -41.019682499999931, -3.731299399999955 ], [ -41.018705099999977, -3.731588099999954 ], [ -41.017217699999946, -3.732027499999958 ], [ -41.014278699999977, -3.732986599999947 ], [ -41.013542299999983, -3.733088899999927 ], [ -41.012893199999951, -3.733281899999952 ], [ -41.012533499999961, -3.733387099999959 ], [ -41.012022499999944, -3.733545899999967 ], [ -41.011548499999947, -3.733689799999979 ], [ -41.011044799999979, -3.733829499999956 ], [ -41.011006599999973, -3.733840799999939 ], [ -41.010545399999955, -3.733977599999946 ], [ -41.010501899999952, -3.733993 ], [ -41.010345299999983, -3.734048499999972 ], [ -41.01008, -3.734127899999976 ], [ -41.009889399999963, -3.734185 ], [ -41.009555, -3.734295 ], [ -41.009334699999954, -3.73435539999997 ], [ -41.009252699999934, -3.73437789999997 ], [ -41.009075099999961, -3.734353599999963 ] ] ] ] } },
{ "type": "Feature", "properties": { "CD_SETOR": "231340105000188", "SITUACAO": "Urbana", "CD_SIT": "1", "CD_TIPO": "0", "AREA_KM2": 0.13673009182736501, "CD_REGIAO": "2", "NM_REGIAO": "Nordeste", "CD_UF": "23", "NM_UF": "Ceará", "CD_MUN": "2313401", "NM_MUN": "Tianguá", "CD_DIST": "231340105", "NM_DIST": "Tianguá", "CD_SUBDIST": "23134010500", "NM_SUBDIST": null, "CD_BAIRRO": "2313401021", "NM_BAIRRO": "Zé Humberto", "CD_NU": null, "NM_NU": null, "CD_FCU": null, "NM_FCU": null, "CD_AGLOM": null, "NM_AGLOM": null, "CD_RGINT": "2306", "NM_RGINT": "Sobral", "CD_RGI": "230016", "NM_RGI": "São Benedito - Ipu - Guaraciaba do Norte - Tianguá", "CD_CONCURB": null, "NM_CONCURB": null, "Areapopulacional_CD_SIT": 1, "Areapopulacional_CD_TIPO": 0, "Areapopulacional_v0001": 701, "Areapopulacional_v0002": 312, "Areapopulacional_v0003": 311, "Areapopulacional_v0004": 1, "Areapopulacional_v0005": 3.0, "Areapopulacional_v0006": 0.0, "Areapopulacional_v0007": 231, "Areapopulacional_AREA_DOMICILIADA_KM2": 0.13673, "Areapopulacional_AREA_KM2": 0.136730092, "Areapopulacional_DENSIDADE_DEMOGRAFICA_DOMICILIADA_HAB_KM2": 5126.892416, "Areapopulacional_DENSIDADE_DEMOGRAFICA_SETOR_HAB_KM2": 5126.888973, "teste200(2)_fid": 128966, "teste200(2)_CD_SIT": 1, "teste200(2)_CD_TIPO": 0, "teste200(2)_v0001": 701, "teste200(2)_v0002": 312, "teste200(2)_v0003": 311, "teste200(2)_v0004": 1, "teste200(2)_v0005": 3.0, "teste200(2)_v0006": 0.0, "teste200(2)_v0007": 231, "teste200(2)_AREA_DOMICILIADA_KM2": 0.13673, "teste200(2)_AREA_KM2": 0.136730092, "teste200(2)_DENSIDADE_DEMOGRAFICA_DOMICILIADA_HAB_KM2": 5126.892416, "teste200(2)_DENSIDADE_DEMOGRAFICA_SETOR_HAB_KM2": 5126.888973, "teste200(2)_V00111SISTEMAGERALÁGUA": 231, "teste200(2)_V00112POÇO": 0, "teste200(2)_V00113POÇORASO": 0, "teste200(2)_V00114NASCENTE,FONTE": 0, "teste200(2)_V00115CARROPIPA": 0, "teste200(2)_V00116CHUVA": 0, "teste200(2)_V00117RIOS,AÇUDES,CORREGOS": 0, "teste200(2)_V00118OUTRAFORMA": 0 }, "geometry": { "type": "MultiPolygon", "coordinates": [ [ [ [ -41.003451299999938, -3.735458799999947 ], [ -41.005229, -3.735058699999968 ], [ -41.005305199999952, -3.734409199999959 ], [ -41.006061699999975, -3.734302299999968 ], [ -41.006282099999964, -3.734819799999968 ], [ -41.006808299999932, -3.735965599999929 ], [ -41.007244899999932, -3.735790099999974 ], [ -41.00748649999997, -3.73574739999998 ], [ -41.007796599999949, -3.735631499999954 ], [ -41.008148799999958, -3.736334399999976 ], [ -41.008466299999952, -3.736865499999965 ], [ -41.009382, -3.736386699999969 ], [ -41.009883499999944, -3.736154299999953 ], [ -41.009133299999974, -3.734518099999946 ], [ -41.009075099999961, -3.734353599999963 ], [ -41.008987899999966, -3.734341599999937 ], [ -41.008822799999962, -3.734316199999967 ], [ -41.008699099999944, -3.734294899999952 ], [ -41.008454599999936, -3.734252699999956 ], [ -41.00828249999995, -3.734226899999953 ], [ -41.006253799999968, -3.733922599999971 ], [ -41.005470799999955, -3.733799799999929 ], [ -41.00543719999996, -3.733795399999963 ], [ -41.004700499999956, -3.733698299999958 ], [ -41.003422399999977, -3.733529 ], [ -41.002011499999981, -3.733355899999935 ], [ -41.002784399999939, -3.734644 ], [ -41.003451299999938, -3.735458799999947 ] ] ] ] } },
{ "type": "Feature", "properties": { "CD_SETOR": "231340105000189", "SITUACAO": "Urbana", "CD_SIT": "2", "CD_TIPO": "4", "AREA_KM2": 0.067636189421987999, "CD_REGIAO": "2", "NM_REGIAO": "Nordeste", "CD_UF": "23", "NM_UF": "Ceará", "CD_MUN": "2313401", "NM_MUN": "Tianguá", "CD_DIST": "231340105", "NM_DIST": "Tianguá", "CD_SUBDIST": "23134010500", "NM_SUBDIST": null, "CD_BAIRRO": null, "NM_BAIRRO": null, "CD_NU": null, "NM_NU": null, "CD_FCU": null, "NM_FCU": null, "CD_AGLOM": null, "NM_AGLOM": null, "CD_RGINT": "2306", "NM_RGINT": "Sobral", "CD_RGI": "230016", "NM_RGI": "São Benedito - Ipu - Guaraciaba do Norte - Tianguá", "CD_CONCURB": null, "NM_CONCURB": null, "Areapopulacional_CD_SIT": 2, "Areapopulacional_CD_TIPO": 4, "Areapopulacional_v0001": 0, "Areapopulacional_v0002": 0, "Areapopulacional_v0003": 0, "Areapopulacional_v0004": 0, "Areapopulacional_v0005": 0.0, "Areapopulacional_v0006": 0.0, "Areapopulacional_v0007": 0, "Areapopulacional_AREA_DOMICILIADA_KM2": 0.05721, "Areapopulacional_AREA_KM2": 0.067636189, "Areapopulacional_DENSIDADE_DEMOGRAFICA_DOMICILIADA_HAB_KM2": 0.0, "Areapopulacional_DENSIDADE_DEMOGRAFICA_SETOR_HAB_KM2": 0.0, "teste200(2)_fid": 307105, "teste200(2)_CD_SIT": 2, "teste200(2)_CD_TIPO": 4, "teste200(2)_v0001": 0, "teste200(2)_v0002": 0, "teste200(2)_v0003": 0, "teste200(2)_v0004": 0, "teste200(2)_v0005": 0.0, "teste200(2)_v0006": 0.0, "teste200(2)_v0007": 0, "teste200(2)_AREA_DOMICILIADA_KM2": 0.05721, "teste200(2)_AREA_KM2": 0.067636189, "teste200(2)_DENSIDADE_DEMOGRAFICA_DOMICILIADA_HAB_KM2": 0.0, "teste200(2)_DENSIDADE_DEMOGRAFICA_SETOR_HAB_KM2": 0.0, "teste200(2)_V00111SISTEMAGERALÁGUA": null, "teste200(2)_V00112POÇO": null, "teste200(2)_V00113POÇORASO": null, "teste200(2)_V00114NASCENTE,FONTE": null, "teste200(2)_V00115CARROPIPA": null, "teste200(2)_V00116CHUVA": null, "teste200(2)_V00117RIOS,AÇUDES,CORREGOS": null, "teste200(2)_V00118OUTRAFORMA": null }, "geometry": { "type": "MultiPolygon", "coordinates": [ [ [ [ -41.007276, -3.745053599999949 ], [ -41.007292399999983, -3.745076799999936 ], [ -41.008532499999944, -3.746417099999974 ], [ -41.009204199999942, -3.747158199999944 ], [ -41.009284, -3.747246299999972 ], [ -41.009333899999945, -3.74695939999998 ], [ -41.009494, -3.74670169999996 ], [ -41.009587499999952, -3.746587399999953 ], [ -41.009968899999933, -3.74626 ], [ -41.010597399999938, -3.745666899999947 ], [ -41.009312199999954, -3.744221 ], [ -41.008778799999959, -3.74364879999996 ], [ -41.008223, -3.744297199999949 ], [ -41.007492, -3.744915399999968 ], [ -41.007276, -3.745053599999949 ] ] ] ] } },
{ "type": "Feature", "properties": { "CD_SETOR": "231340105000190", "SITUACAO": "Rural", "CD_SIT": "8", "CD_TIPO": "4", "AREA_KM2": 0.26821391725201998, "CD_REGIAO": "2", "NM_REGIAO": "Nordeste", "CD_UF": "23", "NM_UF": "Ceará", "CD_MUN": "2313401", "NM_MUN": "Tianguá", "CD_DIST": "231340105", "NM_DIST": "Tianguá", "CD_SUBDIST": "23134010500", "NM_SUBDIST": null, "CD_BAIRRO": null, "NM_BAIRRO": null, "CD_NU": null, "NM_NU": null, "CD_FCU": null, "NM_FCU": null, "CD_AGLOM": null, "NM_AGLOM": null, "CD_RGINT": "2306", "NM_RGINT": "Sobral", "CD_RGI": "230016", "NM_RGI": "São Benedito - Ipu - Guaraciaba do Norte - Tianguá", "CD_CONCURB": null, "NM_CONCURB": null, "Areapopulacional_CD_SIT": null, "Areapopulacional_CD_TIPO": null, "Areapopulacional_v0001": null, "Areapopulacional_v0002": null, "Areapopulacional_v0003": null, "Areapopulacional_v0004": null, "Areapopulacional_v0005": null, "Areapopulacional_v0006": null, "Areapopulacional_v0007": null, "Areapopulacional_AREA_DOMICILIADA_KM2": null, "Areapopulacional_AREA_KM2": null, "Areapopulacional_DENSIDADE_DEMOGRAFICA_DOMICILIADA_HAB_KM2": null, "Areapopulacional_DENSIDADE_DEMOGRAFICA_SETOR_HAB_KM2": null, "teste200(2)_fid": null, "teste200(2)_CD_SIT": null, "teste200(2)_CD_TIPO": null, "teste200(2)_v0001": null, "teste200(2)_v0002": null, "teste200(2)_v0003": null, "teste200(2)_v0004": null, "teste200(2)_v0005": null, "teste200(2)_v0006": null, "teste200(2)_v0007": null, "teste200(2)_AREA_DOMICILIADA_KM2": null, "teste200(2)_AREA_KM2": null, "teste200(2)_DENSIDADE_DEMOGRAFICA_DOMICILIADA_HAB_KM2": null, "teste200(2)_DENSIDADE_DEMOGRAFICA_SETOR_HAB_KM2": null, "teste200(2)_V00111SISTEMAGERALÁGUA": null, "teste200(2)_V00112POÇO": null, "teste200(2)_V00113POÇORASO": null, "teste200(2)_V00114NASCENTE,FONTE": null, "teste200(2)_V00115CARROPIPA": null, "teste200(2)_V00116CHUVA": null, "teste200(2)_V00117RIOS,AÇUDES,CORREGOS": null, "teste200(2)_V00118OUTRAFORMA": null }, "geometry": { "type": "MultiPolygon", "coordinates": [ [ [ [ -41.009204199999942, -3.747158199999944 ], [ -41.00864189999993, -3.747924599999976 ], [ -41.007397499999968, -3.746658899999943 ], [ -41.007213499999978, -3.746816399999943 ], [ -41.006313, -3.747772599999962 ], [ -41.00539079999993, -3.747559099999933 ], [ -41.005160299999943, -3.747235699999976 ], [ -41.00601439999997, -3.746508499999948 ], [ -41.006141199999945, -3.74583389999998 ], [ -41.006117399999937, -3.745795099999953 ], [ -41.005072699999971, -3.746464199999934 ], [ -41.004288799999983, -3.747102599999948 ], [ -41.002708599999949, -3.748442799999964 ], [ -41.001585, -3.749341799999968 ], [ -41.001906199999951, -3.749849899999958 ], [ -41.002914299999929, -3.752197199999955 ], [ -41.002905599999963, -3.75236979999994 ], [ -41.008499399999948, -3.748304299999972 ], [ -41.010754299999974, -3.746657099999936 ], [ -41.011194899999964, -3.746339099999943 ], [ -41.010597399999938, -3.745666899999947 ], [ -41.009968899999933, -3.74626 ], [ -41.009587499999952, -3.746587399999953 ], [ -41.009494, -3.74670169999996 ], [ -41.009333899999945, -3.74695939999998 ], [ -41.009284, -3.747246299999972 ], [ -41.009204199999942, -3.747158199999944 ] ] ] ] } },
{ "type": "Feature", "properties": { "CD_SETOR": "231340105000191", "SITUACAO": "Rural", "CD_SIT": "8", "CD_TIPO": "0", "AREA_KM2": 30.571012006188475, "CD_REGIAO": "2", "NM_REGIAO": "Nordeste", "CD_UF": "23", "NM_UF": "Ceará", "CD_MUN": "2313401", "NM_MUN": "Tianguá", "CD_DIST": "231340105", "NM_DIST": "Tianguá", "CD_SUBDIST": "23134010500", "NM_SUBDIST": null, "CD_BAIRRO": null, "NM_BAIRRO": null, "CD_NU": null, "NM_NU": null, "CD_FCU": null, "NM_FCU": null, "CD_AGLOM": null, "NM_AGLOM": null, "CD_RGINT": "2306", "NM_RGINT": "Sobral", "CD_RGI": "230016", "NM_RGI": "São Benedito - Ipu - Guaraciaba do Norte - Tianguá", "CD_CONCURB": null, "NM_CONCURB": null, "Areapopulacional_CD_SIT": null, "Areapopulacional_CD_TIPO": null, "Areapopulacional_v0001": null, "Areapopulacional_v0002": null, "Areapopulacional_v0003": null, "Areapopulacional_v0004": null, "Areapopulacional_v0005": null, "Areapopulacional_v0006": null, "Areapopulacional_v0007": null, "Areapopulacional_AREA_DOMICILIADA_KM2": null, "Areapopulacional_AREA_KM2": null, "Areapopulacional_DENSIDADE_DEMOGRAFICA_DOMICILIADA_HAB_KM2": null, "Areapopulacional_DENSIDADE_DEMOGRAFICA_SETOR_HAB_KM2": null, "teste200(2)_fid": null, "teste200(2)_CD_SIT": null, "teste200(2)_CD_TIPO": null, "teste200(2)_v0001": null, "teste200(2)_v0002": null, "teste200(2)_v0003": null, "teste200(2)_v0004": null, "teste200(2)_v0005": null, "teste200(2)_v0006": null, "teste200(2)_v0007": null, "teste200(2)_AREA_DOMICILIADA_KM2": null, "teste200(2)_AREA_KM2": null, "teste200(2)_DENSIDADE_DEMOGRAFICA_DOMICILIADA_HAB_KM2": null, "teste200(2)_DENSIDADE_DEMOGRAFICA_SETOR_HAB_KM2": null, "teste200(2)_V00111SISTEMAGERALÁGUA": null, "teste200(2)_V00112POÇO": null, "teste200(2)_V00113POÇORASO": null, "teste200(2)_V00114NASCENTE,FONTE": null, "teste200(2)_V00115CARROPIPA": null, "teste200(2)_V00116CHUVA": null, "teste200(2)_V00117RIOS,AÇUDES,CORREGOS": null, "teste200(2)_V00118OUTRAFORMA": null }, "geometry": { "type": "MultiPolygon", "coordinates": [ [ [ [ -41.040848099999948, -3.751355499999931 ], [ -41.032460599999979, -3.765386 ], [ -41.050594199999978, -3.781589899999972 ], [ -41.059709199999929, -3.789714899999979 ], [ -41.060211099999947, -3.789093599999944 ], [ -41.060465199999953, -3.788357 ], [ -41.061725599999932, -3.787928799999975 ], [ -41.06435659999994, -3.78742879999993 ], [ -41.064883399999985, -3.787178899999958 ], [ -41.065168899999946, -3.785751299999959 ], [ -41.066384199999959, -3.784428699999978 ], [ -41.066437099999973, -3.78325609999996 ], [ -41.069515699999954, -3.779520299999945 ], [ -41.072528899999952, -3.776789399999927 ], [ -41.07302489999995, -3.775823799999955 ], [ -41.076021199999957, -3.771758399999953 ], [ -41.078146199999935, -3.769885299999942 ], [ -41.079812299999958, -3.769923499999948 ], [ -41.081835699999942, -3.76908149999997 ], [ -41.085756099999969, -3.768665599999963 ], [ -41.086864899999966, -3.767358899999977 ], [ -41.085677699999962, -3.763977699999941 ], [ -41.083975899999984, -3.762722499999938 ], [ -41.081774, -3.762111 ], [ -41.081288099999938, -3.761517899999944 ], [ -41.081175099999939, -3.760419899999931 ], [ -41.08280039999994, -3.757502 ], [ -41.082785099999967, -3.755444499999953 ], [ -41.083401399999957, -3.754232399999978 ], [ -41.082674899999972, -3.751764499999979 ], [ -41.081695, -3.75095639999995 ], [ -41.080035799999962, -3.74925879999995 ], [ -41.081077799999946, -3.748338 ], [ -41.08127479999996, -3.746070599999939 ], [ -41.081636399999979, -3.744781199999977 ], [ -41.080591099999936, -3.743619099999933 ], [ -41.079993, -3.742103 ], [ -41.080367299999978, -3.73997049999997 ], [ -41.080776399999934, -3.739154499999927 ], [ -41.081485699999973, -3.737766199999953 ], [ -41.081068599999981, -3.735271599999976 ], [ -41.08128279999994, -3.73333619999994 ], [ -41.082132399999978, -3.732755599999962 ], [ -41.082868499999961, -3.731068499999935 ], [ -41.083476699999949, -3.730005199999937 ], [ -41.083553599999959, -3.726587099999961 ], [ -41.083693399999959, -3.725914699999976 ], [ -41.084648299999969, -3.725445699999966 ], [ -41.085137599999939, -3.723750699999925 ], [ -41.084644399999945, -3.722271699999965 ], [ -41.084355399999936, -3.720899799999927 ], [ -41.083904199999949, -3.720258399999977 ], [ -41.083744599999932, -3.720072399999935 ], [ -41.082945099999961, -3.719045699999981 ], [ -41.082424, -3.717470299999945 ], [ -41.081595399999969, -3.713882699999942 ], [ -41.080667299999959, -3.712257 ], [ -41.079166399999963, -3.711584 ], [ -41.077526199999966, -3.709458499999926 ], [ -41.07538379999994, -3.708633199999952 ], [ -41.072919099999979, -3.70717209999998 ], [ -41.073105699999985, -3.705460799999969 ], [ -41.071718, -3.704297399999973 ], [ -41.070232799999985, -3.703787 ], [ -41.069496099999981, -3.703196799999944 ], [ -41.040848099999948, -3.751355499999931 ] ], [ [ -41.068935099999976, -3.757095199999981 ], [ -41.069304099999954, -3.757091699999933 ], [ -41.069260699999973, -3.758610099999942 ], [ -41.069295099999977, -3.758950899999945 ], [ -41.069012599999951, -3.758973799999978 ], [ -41.069052799999952, -3.759600899999953 ], [ -41.070463299999972, -3.759383799999966 ], [ -41.070648099999971, -3.760183899999959 ], [ -41.06957959999994, -3.760379 ], [ -41.069625499999972, -3.760627199999931 ], [ -41.069204499999955, -3.760726399999953 ], [ -41.069093599999974, -3.761377499999981 ], [ -41.068558799999948, -3.761494 ], [ -41.068556799999953, -3.761997299999962 ], [ -41.068079099999977, -3.762001199999929 ], [ -41.068112199999973, -3.761835399999939 ], [ -41.067556499999966, -3.76181779999996 ], [ -41.068172899999979, -3.759194799999932 ], [ -41.068190099999981, -3.758199799999943 ], [ -41.068494099999953, -3.757537799999966 ], [ -41.06885, -3.757555799999977 ], [ -41.068935099999976, -3.757095199999981 ] ], [ [ -41.079447699999946, -3.720685 ], [ -41.079465099999936, -3.721858 ], [ -41.079467899999941, -3.722042899999963 ], [ -41.081727699999931, -3.721149099999934 ], [ -41.082461, -3.724175299999956 ], [ -41.080167299999971, -3.724596 ], [ -41.080026499999974, -3.724621899999931 ], [ -41.079841699999974, -3.72412479999997 ], [ -41.079122, -3.724424799999952 ], [ -41.078912099999968, -3.724520699999971 ], [ -41.075837899999954, -3.72592579999997 ], [ -41.074303599999951, -3.725739099999942 ], [ -41.074190099999953, -3.72571279999994 ], [ -41.07360639999996, -3.725577599999951 ], [ -41.073073199999953, -3.724653599999954 ], [ -41.073129399999971, -3.724509299999966 ], [ -41.073321899999939, -3.72438829999993 ], [ -41.073399199999983, -3.724178499999937 ], [ -41.073103299999957, -3.723972199999935 ], [ -41.073175399999968, -3.723739199999955 ], [ -41.073124899999982, -3.72344709999993 ], [ -41.07269139999994, -3.723358399999938 ], [ -41.074705799999947, -3.722523899999942 ], [ -41.079447699999946, -3.720685 ] ] ] ] } },
{ "type": "Feature", "properties": { "CD_SETOR": "231340105000192", "SITUACAO": "Rural", "CD_SIT": "7", "CD_TIPO": "0", "AREA_KM2": 0.077737739745706996, "CD_REGIAO": "2", "NM_REGIAO": "Nordeste", "CD_UF": "23", "NM_UF": "Ceará", "CD_MUN": "2313401", "NM_MUN": "Tianguá", "CD_DIST": "231340105", "NM_DIST": "Tianguá", "CD_SUBDIST": "23134010500", "NM_SUBDIST": null, "CD_BAIRRO": null, "NM_BAIRRO": null, "CD_NU": null, "NM_NU": null, "CD_FCU": null, "NM_FCU": null, "CD_AGLOM": "231340100019", "NM_AGLOM": "São João", "CD_RGINT": "2306", "NM_RGINT": "Sobral", "CD_RGI": "230016", "NM_RGI": "São Benedito - Ipu - Guaraciaba do Norte - Tianguá", "CD_CONCURB": null, "NM_CONCURB": null, "Areapopulacional_CD_SIT": null, "Areapopulacional_CD_TIPO": null, "Areapopulacional_v0001": null, "Areapopulacional_v0002": null, "Areapopulacional_v0003": null, "Areapopulacional_v0004": null, "Areapopulacional_v0005": null, "Areapopulacional_v0006": null, "Areapopulacional_v0007": null, "Areapopulacional_AREA_DOMICILIADA_KM2": null, "Areapopulacional_AREA_KM2": null, "Areapopulacional_DENSIDADE_DEMOGRAFICA_DOMICILIADA_HAB_KM2": null, "Areapopulacional_DENSIDADE_DEMOGRAFICA_SETOR_HAB_KM2": null, "teste200(2)_fid": null, "teste200(2)_CD_SIT": null, "teste200(2)_CD_TIPO": null, "teste200(2)_v0001": null, "teste200(2)_v0002": null, "teste200(2)_v0003": null, "teste200(2)_v0004": null, "teste200(2)_v0005": null, "teste200(2)_v0006": null, "teste200(2)_v0007": null, "teste200(2)_AREA_DOMICILIADA_KM2": null, "teste200(2)_AREA_KM2": null, "teste200(2)_DENSIDADE_DEMOGRAFICA_DOMICILIADA_HAB_KM2": null, "teste200(2)_DENSIDADE_DEMOGRAFICA_SETOR_HAB_KM2": null, "teste200(2)_V00111SISTEMAGERALÁGUA": null, "teste200(2)_V00112POÇO": null, "teste200(2)_V00113POÇORASO": null, "teste200(2)_V00114NASCENTE,FONTE": null, "teste200(2)_V00115CARROPIPA": null, "teste200(2)_V00116CHUVA": null, "teste200(2)_V00117RIOS,AÇUDES,CORREGOS": null, "teste200(2)_V00118OUTRAFORMA": null }, "geometry": { "type": "MultiPolygon", "coordinates": [ [ [ [ -41.068935099999976, -3.757095199999981 ], [ -41.06885, -3.757555799999977 ], [ -41.068494099999953, -3.757537799999966 ], [ -41.068190099999981, -3.758199799999943 ], [ -41.068172899999979, -3.759194799999932 ], [ -41.067556499999966, -3.76181779999996 ], [ -41.068112199999973, -3.761835399999939 ], [ -41.068079099999977, -3.762001199999929 ], [ -41.068556799999953, -3.761997299999962 ], [ -41.068558799999948, -3.761494 ], [ -41.069093599999974, -3.761377499999981 ], [ -41.069204499999955, -3.760726399999953 ], [ -41.069625499999972, -3.760627199999931 ], [ -41.06957959999994, -3.760379 ], [ -41.070648099999971, -3.760183899999959 ], [ -41.070463299999972, -3.759383799999966 ], [ -41.069052799999952, -3.759600899999953 ], [ -41.069012599999951, -3.758973799999978 ], [ -41.069295099999977, -3.758950899999945 ], [ -41.069260699999973, -3.758610099999942 ], [ -41.069304099999954, -3.757091699999933 ], [ -41.068935099999976, -3.757095199999981 ] ] ] ] } },
{ "type": "Feature", "properties": { "CD_SETOR": "231340105000193", "SITUACAO": "Urbana", "CD_SIT": "1", "CD_TIPO": "0", "AREA_KM2": 0.065472115376186996, "CD_REGIAO": "2", "NM_REGIAO": "Nordeste", "CD_UF": "23", "NM_UF": "Ceará", "CD_MUN": "2313401", "NM_MUN": "Tianguá", "CD_DIST": "231340105", "NM_DIST": "Tianguá", "CD_SUBDIST": "23134010500", "NM_SUBDIST": null, "CD_BAIRRO": null, "NM_BAIRRO": null, "CD_NU": null, "NM_NU": null, "CD_FCU": null, "NM_FCU": null, "CD_AGLOM": null, "NM_AGLOM": null, "CD_RGINT": "2306", "NM_RGINT": "Sobral", "CD_RGI": "230016", "NM_RGI": "São Benedito - Ipu - Guaraciaba do Norte - Tianguá", "CD_CONCURB": null, "NM_CONCURB": null, "Areapopulacional_CD_SIT": 1, "Areapopulacional_CD_TIPO": 0, "Areapopulacional_v0001": 1287, "Areapopulacional_v0002": 478, "Areapopulacional_v0003": 478, "Areapopulacional_v0004": 0, "Areapopulacional_v0005": 3.4, "Areapopulacional_v0006": 0.0, "Areapopulacional_v0007": 375, "Areapopulacional_AREA_DOMICILIADA_KM2": 0.06547, "Areapopulacional_AREA_KM2": 0.065472115, "Areapopulacional_DENSIDADE_DEMOGRAFICA_DOMICILIADA_HAB_KM2": 19657.85856, "Areapopulacional_DENSIDADE_DEMOGRAFICA_SETOR_HAB_KM2": 19657.22342, "teste200(2)_fid": 185584, "teste200(2)_CD_SIT": 1, "teste200(2)_CD_TIPO": 0, "teste200(2)_v0001": 1287, "teste200(2)_v0002": 478, "teste200(2)_v0003": 478, "teste200(2)_v0004": 0, "teste200(2)_v0005": 3.4, "teste200(2)_v0006": 0.0, "teste200(2)_v0007": 375, "teste200(2)_AREA_DOMICILIADA_KM2": 0.06547, "teste200(2)_AREA_KM2": 0.065472115, "teste200(2)_DENSIDADE_DEMOGRAFICA_DOMICILIADA_HAB_KM2": 19657.85856, "teste200(2)_DENSIDADE_DEMOGRAFICA_SETOR_HAB_KM2": 19657.22342, "teste200(2)_V00111SISTEMAGERALÁGUA": 373, "teste200(2)_V00112POÇO": 0, "teste200(2)_V00113POÇORASO": 0, "teste200(2)_V00114NASCENTE,FONTE": 0, "teste200(2)_V00115CARROPIPA": 0, "teste200(2)_V00116CHUVA": 0, "teste200(2)_V00117RIOS,AÇUDES,CORREGOS": 0, "teste200(2)_V00118OUTRAFORMA": null }, "geometry": { "type": "MultiPolygon", "coordinates": [ [ [ [ -41.006117399999937, -3.745795099999953 ], [ -41.006141199999945, -3.74583389999998 ], [ -41.00601439999997, -3.746508499999948 ], [ -41.005160299999943, -3.747235699999976 ], [ -41.00539079999993, -3.747559099999933 ], [ -41.006313, -3.747772599999962 ], [ -41.007213499999978, -3.746816399999943 ], [ -41.007397499999968, -3.746658899999943 ], [ -41.00864189999993, -3.747924599999976 ], [ -41.009204199999942, -3.747158199999944 ], [ -41.008532499999944, -3.746417099999974 ], [ -41.007292399999983, -3.745076799999936 ], [ -41.007276, -3.745053599999949 ], [ -41.006456799999967, -3.745577699999956 ], [ -41.006117399999937, -3.745795099999953 ] ] ] ] } },
{ "type": "Feature", "properties": { "CD_SETOR": "231340105000194", "SITUACAO": "Urbana", "CD_SIT": "2", "CD_TIPO": "0", "AREA_KM2": 0.147618764048497, "CD_REGIAO": "2", "NM_REGIAO": "Nordeste", "CD_UF": "23", "NM_UF": "Ceará", "CD_MUN": "2313401", "NM_MUN": "Tianguá", "CD_DIST": "231340105", "NM_DIST": "Tianguá", "CD_SUBDIST": "23134010500", "NM_SUBDIST": null, "CD_BAIRRO": "2313401008", "NM_BAIRRO": "Régis Diniz", "CD_NU": null, "NM_NU": null, "CD_FCU": null, "NM_FCU": null, "CD_AGLOM": null, "NM_AGLOM": null, "CD_RGINT": "2306", "NM_RGINT": "Sobral", "CD_RGI": "230016", "NM_RGI": "São Benedito - Ipu - Guaraciaba do Norte - Tianguá", "CD_CONCURB": null, "NM_CONCURB": null, "Areapopulacional_CD_SIT": 2, "Areapopulacional_CD_TIPO": 0, "Areapopulacional_v0001": 74, "Areapopulacional_v0002": 22, "Areapopulacional_v0003": 22, "Areapopulacional_v0004": 0, "Areapopulacional_v0005": 3.9, "Areapopulacional_v0006": 0.0, "Areapopulacional_v0007": 19, "Areapopulacional_AREA_DOMICILIADA_KM2": 0.07871, "Areapopulacional_AREA_KM2": 0.147618764, "Areapopulacional_DENSIDADE_DEMOGRAFICA_DOMICILIADA_HAB_KM2": 940.1600813, "Areapopulacional_DENSIDADE_DEMOGRAFICA_SETOR_HAB_KM2": 501.2912855, "teste200(2)_fid": 340416, "teste200(2)_CD_SIT": 2, "teste200(2)_CD_TIPO": 0, "teste200(2)_v0001": 74, "teste200(2)_v0002": 22, "teste200(2)_v0003": 22, "teste200(2)_v0004": 0, "teste200(2)_v0005": 3.9, "teste200(2)_v0006": 0.0, "teste200(2)_v0007": 19, "teste200(2)_AREA_DOMICILIADA_KM2": 0.07871, "teste200(2)_AREA_KM2": 0.147618764, "teste200(2)_DENSIDADE_DEMOGRAFICA_DOMICILIADA_HAB_KM2": 940.1600813, "teste200(2)_DENSIDADE_DEMOGRAFICA_SETOR_HAB_KM2": 501.2912855, "teste200(2)_V00111SISTEMAGERALÁGUA": 19, "teste200(2)_V00112POÇO": 0, "teste200(2)_V00113POÇORASO": 0, "teste200(2)_V00114NASCENTE,FONTE": 0, "teste200(2)_V00115CARROPIPA": 0, "teste200(2)_V00116CHUVA": 0, "teste200(2)_V00117RIOS,AÇUDES,CORREGOS": 0, "teste200(2)_V00118OUTRAFORMA": 0 }, "geometry": { "type": "MultiPolygon", "coordinates": [ [ [ [ -41.003199099999961, -3.737461699999926 ], [ -41.00281, -3.737596 ], [ -41.002998699999978, -3.738418499999966 ], [ -41.00210919999995, -3.738604299999963 ], [ -41.002105399999948, -3.73915 ], [ -41.00153709999995, -3.739072299999975 ], [ -41.001490799999942, -3.737684699999932 ], [ -41.001109499999984, -3.73691679999996 ], [ -41.00075019999997, -3.73722639999994 ], [ -41.000976399999956, -3.738753 ], [ -40.999512599999946, -3.739019399999961 ], [ -40.999312099999941, -3.737738299999933 ], [ -40.998886199999959, -3.737996199999941 ], [ -40.998760399999981, -3.738056899999947 ], [ -40.998602299999959, -3.738279299999931 ], [ -40.998002, -3.739215899999977 ], [ -40.997843, -3.739545 ], [ -40.998141, -3.739821 ], [ -40.999015, -3.740034 ], [ -40.999334, -3.740034 ], [ -40.999611, -3.740119 ], [ -41.000037, -3.74031 ], [ -41.000464, -3.740332 ], [ -41.000698, -3.740629 ], [ -41.001017, -3.740651 ], [ -41.001167, -3.740608 ], [ -41.00138, -3.740438 ], [ -41.001934, -3.740374 ], [ -41.002275, -3.740374 ], [ -41.002828, -3.740289 ], [ -41.003063, -3.740098 ], [ -41.003143099999932, -3.740079 ], [ -41.003872, -3.739906 ], [ -41.004469, -3.739715 ], [ -41.00477049999995, -3.739604099999951 ], [ -41.004896099999939, -3.739537499999926 ], [ -41.005004, -3.739480399999934 ], [ -41.003199099999961, -3.737461699999926 ] ] ] ] } },
{ "type": "Feature", "properties": { "CD_SETOR": "231340105000195", "SITUACAO": "Urbana", "CD_SIT": "1", "CD_TIPO": "0", "AREA_KM2": 0.079539808386036998, "CD_REGIAO": "2", "NM_REGIAO": "Nordeste", "CD_UF": "23", "NM_UF": "Ceará", "CD_MUN": "2313401", "NM_MUN": "Tianguá", "CD_DIST": "231340105", "NM_DIST": "Tianguá", "CD_SUBDIST": "23134010500", "NM_SUBDIST": null, "CD_BAIRRO": "2313401008", "NM_BAIRRO": "Régis Diniz", "CD_NU": null, "NM_NU": null, "CD_FCU": null, "NM_FCU": null, "CD_AGLOM": null, "NM_AGLOM": null, "CD_RGINT": "2306", "NM_RGINT": "Sobral", "CD_RGI": "230016", "NM_RGI": "São Benedito - Ipu - Guaraciaba do Norte - Tianguá", "CD_CONCURB": null, "NM_CONCURB": null, "Areapopulacional_CD_SIT": 1, "Areapopulacional_CD_TIPO": 0, "Areapopulacional_v0001": 748, "Areapopulacional_v0002": 278, "Areapopulacional_v0003": 278, "Areapopulacional_v0004": 0, "Areapopulacional_v0005": 3.0, "Areapopulacional_v0006": 0.0161, "Areapopulacional_v0007": 248, "Areapopulacional_AREA_DOMICILIADA_KM2": 0.07944, "Areapopulacional_AREA_KM2": 0.079539808, "Areapopulacional_DENSIDADE_DEMOGRAFICA_DOMICILIADA_HAB_KM2": 9415.91138, "Areapopulacional_DENSIDADE_DEMOGRAFICA_SETOR_HAB_KM2": 9404.096077, "teste200(2)_fid": 258588, "teste200(2)_CD_SIT": 1, "teste200(2)_CD_TIPO": 0, "teste200(2)_v0001": 748, "teste200(2)_v0002": 278, "teste200(2)_v0003": 278, "teste200(2)_v0004": 0, "teste200(2)_v0005": 3.0, "teste200(2)_v0006": 0.0161, "teste200(2)_v0007": 248, "teste200(2)_AREA_DOMICILIADA_KM2": 0.07944, "teste200(2)_AREA_KM2": 0.079539808, "teste200(2)_DENSIDADE_DEMOGRAFICA_DOMICILIADA_HAB_KM2": 9415.91138, "teste200(2)_DENSIDADE_DEMOGRAFICA_SETOR_HAB_KM2": 9404.096077, "teste200(2)_V00111SISTEMAGERALÁGUA": 245, "teste200(2)_V00112POÇO": null, "teste200(2)_V00113POÇORASO": null, "teste200(2)_V00114NASCENTE,FONTE": 0, "teste200(2)_V00115CARROPIPA": 0, "teste200(2)_V00116CHUVA": 0, "teste200(2)_V00117RIOS,AÇUDES,CORREGOS": 0, "teste200(2)_V00118OUTRAFORMA": 0 }, "geometry": { "type": "MultiPolygon", "coordinates": [ [ [ [ -40.999312099999941, -3.737738299999933 ], [ -40.999512599999946, -3.739019399999961 ], [ -41.000976399999956, -3.738753 ], [ -41.00075019999997, -3.73722639999994 ], [ -41.001109499999984, -3.73691679999996 ], [ -41.001490799999942, -3.737684699999932 ], [ -41.00153709999995, -3.739072299999975 ], [ -41.002105399999948, -3.73915 ], [ -41.00210919999995, -3.738604299999963 ], [ -41.002998699999978, -3.738418499999966 ], [ -41.00281, -3.737596 ], [ -41.003199099999961, -3.737461699999926 ], [ -41.001778499999944, -3.735872799999925 ], [ -41.001486399999976, -3.736108799999954 ], [ -41.000325699999962, -3.737013599999955 ], [ -40.999407099999985, -3.737680799999964 ], [ -40.999312099999941, -3.737738299999933 ] ] ] ] } },
{ "type": "Feature", "properties": { "CD_SETOR": "231340110000002", "SITUACAO": "Rural", "CD_SIT": "8", "CD_TIPO": "0", "AREA_KM2": 1.516526015212597, "CD_REGIAO": "2", "NM_REGIAO": "Nordeste", "CD_UF": "23", "NM_UF": "Ceará", "CD_MUN": "2313401", "NM_MUN": "Tianguá", "CD_DIST": "231340110", "NM_DIST": "Arapá", "CD_SUBDIST": "23134011000", "NM_SUBDIST": null, "CD_BAIRRO": null, "NM_BAIRRO": null, "CD_NU": null, "NM_NU": null, "CD_FCU": null, "NM_FCU": null, "CD_AGLOM": null, "NM_AGLOM": null, "CD_RGINT": "2306", "NM_RGINT": "Sobral", "CD_RGI": "230016", "NM_RGI": "São Benedito - Ipu - Guaraciaba do Norte - Tianguá", "CD_CONCURB": null, "NM_CONCURB": null, "Areapopulacional_CD_SIT": null, "Areapopulacional_CD_TIPO": null, "Areapopulacional_v0001": null, "Areapopulacional_v0002": null, "Areapopulacional_v0003": null, "Areapopulacional_v0004": null, "Areapopulacional_v0005": null, "Areapopulacional_v0006": null, "Areapopulacional_v0007": null, "Areapopulacional_AREA_DOMICILIADA_KM2": null, "Areapopulacional_AREA_KM2": null, "Areapopulacional_DENSIDADE_DEMOGRAFICA_DOMICILIADA_HAB_KM2": null, "Areapopulacional_DENSIDADE_DEMOGRAFICA_SETOR_HAB_KM2": null, "teste200(2)_fid": null, "teste200(2)_CD_SIT": null, "teste200(2)_CD_TIPO": null, "teste200(2)_v0001": null, "teste200(2)_v0002": null, "teste200(2)_v0003": null, "teste200(2)_v0004": null, "teste200(2)_v0005": null, "teste200(2)_v0006": null, "teste200(2)_v0007": null, "teste200(2)_AREA_DOMICILIADA_KM2": null, "teste200(2)_AREA_KM2": null, "teste200(2)_DENSIDADE_DEMOGRAFICA_DOMICILIADA_HAB_KM2": null, "teste200(2)_DENSIDADE_DEMOGRAFICA_SETOR_HAB_KM2": null, "teste200(2)_V00111SISTEMAGERALÁGUA": null, "teste200(2)_V00112POÇO": null, "teste200(2)_V00113POÇORASO": null, "teste200(2)_V00114NASCENTE,FONTE": null, "teste200(2)_V00115CARROPIPA": null, "teste200(2)_V00116CHUVA": null, "teste200(2)_V00117RIOS,AÇUDES,CORREGOS": null, "teste200(2)_V00118OUTRAFORMA": null }, "geometry": { "type": "MultiPolygon", "coordinates": [ [ [ [ -40.89504119999998, -3.631662 ], [ -40.89484669999996, -3.633380299999942 ], [ -40.896431899999982, -3.634275699999932 ], [ -40.896898699999952, -3.635096899999951 ], [ -40.897338399999967, -3.635446099999967 ], [ -40.897584799999947, -3.63545 ], [ -40.89830139999998, -3.635310599999968 ], [ -40.89848319999993, -3.635226499999931 ], [ -40.898607199999958, -3.635314699999981 ], [ -40.898770499999955, -3.635550699999953 ], [ -40.898990699999956, -3.635613599999942 ], [ -40.899116699999979, -3.63574019999993 ], [ -40.899122399999953, -3.635895399999924 ], [ -40.899022, -3.636095099999977 ], [ -40.899265299999968, -3.636546199999941 ], [ -40.899476199999981, -3.636727 ], [ -40.899661899999955, -3.636749299999963 ], [ -40.900224699999967, -3.63667369999996 ], [ -40.900322699999947, -3.636572799999954 ], [ -40.900417699999934, -3.636198199999967 ], [ -40.900552199999936, -3.636049399999933 ], [ -40.900822399999981, -3.635969599999953 ], [ -40.901076199999977, -3.635983799999963 ], [ -40.90134409999996, -3.636117499999955 ], [ -40.901526499999932, -3.636276599999974 ], [ -40.901691699999958, -3.636182099999928 ], [ -40.901931599999955, -3.636152099999947 ], [ -40.902276699999959, -3.636046 ], [ -40.902745699999969, -3.636083799999938 ], [ -40.902990099999954, -3.636194399999965 ], [ -40.903147199999978, -3.636084799999935 ], [ -40.903166, -3.63580479999996 ], [ -40.903177699999958, -3.635423499999945 ], [ -40.903316199999949, -3.635330799999963 ], [ -40.903525599999966, -3.635363199999972 ], [ -40.90394589999994, -3.63488719999998 ], [ -40.904287199999942, -3.634500699999933 ], [ -40.904652, -3.634317299999964 ], [ -40.904996, -3.634108799999979 ], [ -40.905136399999947, -3.633856899999955 ], [ -40.905249599999934, -3.633818899999937 ], [ -40.905359399999952, -3.633867899999927 ], [ -40.905594599999972, -3.63424109999994 ], [ -40.905660399999931, -3.634409399999925 ], [ -40.906223099999977, -3.634599599999945 ], [ -40.906457, -3.635118299999931 ], [ -40.906912299999931, -3.635378799999955 ], [ -40.907259499999952, -3.635145899999941 ], [ -40.907452599999942, -3.635120799999925 ], [ -40.907790399999953, -3.63540839999996 ], [ -40.907983599999966, -3.63573539999993 ], [ -40.908285599999942, -3.635940199999936 ], [ -40.908441, -3.636142899999925 ], [ -40.909043299999951, -3.636434399999928 ], [ -40.909798599999931, -3.636870599999952 ], [ -40.91008549999998, -3.637219199999947 ], [ -40.910266499999977, -3.63738509999996 ], [ -40.910457599999972, -3.637375899999938 ], [ -40.910600799999941, -3.637616 ], [ -40.910820099999967, -3.637848499999961 ], [ -40.911191899999949, -3.637974 ], [ -40.911515, -3.638183599999934 ], [ -40.911822399999949, -3.638124499999947 ], [ -40.91226249999994, -3.638175 ], [ -40.913221599999929, -3.638170699999932 ], [ -40.913649699999951, -3.638072899999941 ], [ -40.912634499999967, -3.63611549999996 ], [ -40.910879, -3.633714599999962 ], [ -40.908994399999983, -3.630100399999947 ], [ -40.906980799999985, -3.627622 ], [ -40.905903099999932, -3.625321799999938 ], [ -40.905801399999973, -3.625294599999961 ], [ -40.905699699999957, -3.625267399999927 ], [ -40.905490599999951, -3.625209299999938 ], [ -40.905177899999956, -3.625124 ], [ -40.904907899999955, -3.625081399999942 ], [ -40.904609499999935, -3.624996099999976 ], [ -40.904282699999953, -3.62486819999998 ], [ -40.903842199999985, -3.62486819999998 ], [ -40.903458499999942, -3.624967699999956 ], [ -40.903288, -3.625095599999952 ], [ -40.903117499999951, -3.625251899999967 ], [ -40.90286169999996, -3.625323 ], [ -40.902620099999979, -3.625323 ], [ -40.90227909999993, -3.625195099999928 ], [ -40.901923799999963, -3.625024499999938 ], [ -40.901497499999948, -3.624939299999937 ], [ -40.901213299999938, -3.624839799999961 ], [ -40.901000199999942, -3.624711899999966 ], [ -40.900701799999979, -3.624541399999941 ], [ -40.900431799999978, -3.624314 ], [ -40.900092699999959, -3.624171899999965 ], [ -40.901102899999955, -3.62687539999996 ], [ -40.900499099999934, -3.627216 ], [ -40.900054499999953, -3.627760599999931 ], [ -40.899563399999977, -3.628289499999937 ], [ -40.898890899999969, -3.629459099999963 ], [ -40.89710249999996, -3.630481699999962 ], [ -40.896179299999972, -3.631677799999977 ], [ -40.89504119999998, -3.631662 ] ] ] ] } },
{ "type": "Feature", "properties": { "CD_SETOR": "231340110000004", "SITUACAO": "Urbana", "CD_SIT": "1", "CD_TIPO": "0", "AREA_KM2": 0.14622481687792799, "CD_REGIAO": "2", "NM_REGIAO": "Nordeste", "CD_UF": "23", "NM_UF": "Ceará", "CD_MUN": "2313401", "NM_MUN": "Tianguá", "CD_DIST": "231340110", "NM_DIST": "Arapá", "CD_SUBDIST": "23134011000", "NM_SUBDIST": null, "CD_BAIRRO": null, "NM_BAIRRO": null, "CD_NU": null, "NM_NU": null, "CD_FCU": null, "NM_FCU": null, "CD_AGLOM": null, "NM_AGLOM": null, "CD_RGINT": "2306", "NM_RGINT": "Sobral", "CD_RGI": "230016", "NM_RGI": "São Benedito - Ipu - Guaraciaba do Norte - Tianguá", "CD_CONCURB": null, "NM_CONCURB": null, "Areapopulacional_CD_SIT": 1, "Areapopulacional_CD_TIPO": 0, "Areapopulacional_v0001": 607, "Areapopulacional_v0002": 296, "Areapopulacional_v0003": 296, "Areapopulacional_v0004": 0, "Areapopulacional_v0005": 2.9, "Areapopulacional_v0006": 0.0, "Areapopulacional_v0007": 210, "Areapopulacional_AREA_DOMICILIADA_KM2": 0.14622, "Areapopulacional_AREA_KM2": 0.146224817, "Areapopulacional_DENSIDADE_DEMOGRAFICA_DOMICILIADA_HAB_KM2": 4151.278895, "Areapopulacional_DENSIDADE_DEMOGRAFICA_SETOR_HAB_KM2": 4151.142145, "teste200(2)_fid": null, "teste200(2)_CD_SIT": null, "teste200(2)_CD_TIPO": null, "teste200(2)_v0001": null, "teste200(2)_v0002": null, "teste200(2)_v0003": null, "teste200(2)_v0004": null, "teste200(2)_v0005": null, "teste200(2)_v0006": null, "teste200(2)_v0007": null, "teste200(2)_AREA_DOMICILIADA_KM2": null, "teste200(2)_AREA_KM2": null, "teste200(2)_DENSIDADE_DEMOGRAFICA_DOMICILIADA_HAB_KM2": null, "teste200(2)_DENSIDADE_DEMOGRAFICA_SETOR_HAB_KM2": null, "teste200(2)_V00111SISTEMAGERALÁGUA": null, "teste200(2)_V00112POÇO": null, "teste200(2)_V00113POÇORASO": null, "teste200(2)_V00114NASCENTE,FONTE": null, "teste200(2)_V00115CARROPIPA": null, "teste200(2)_V00116CHUVA": null, "teste200(2)_V00117RIOS,AÇUDES,CORREGOS": null, "teste200(2)_V00118OUTRAFORMA": null }, "geometry": { "type": "MultiPolygon", "coordinates": [ [ [ [ -40.905903099999932, -3.625321799999938 ], [ -40.906777199999965, -3.623240799999962 ], [ -40.907068, -3.62226359999994 ], [ -40.907911699999943, -3.622461299999941 ], [ -40.907922399999961, -3.620672099999979 ], [ -40.906141, -3.619424299999935 ], [ -40.905222599999945, -3.618981799999972 ], [ -40.905043, -3.619359399999951 ], [ -40.904942299999959, -3.619955899999979 ], [ -40.904876, -3.620431699999926 ], [ -40.90472, -3.621529499999951 ], [ -40.904500499999983, -3.622320099999968 ], [ -40.90444789999998, -3.622543099999973 ], [ -40.904439499999967, -3.622572 ], [ -40.904354199999943, -3.622939 ], [ -40.905478699999946, -3.623285199999941 ], [ -40.905398399999967, -3.623538199999928 ], [ -40.905380799999932, -3.623602099999971 ], [ -40.905903099999932, -3.625321799999938 ] ] ] ] } },
{ "type": "Feature", "properties": { "CD_SETOR": "231340110000005", "SITUACAO": "Rural", "CD_SIT": "8", "CD_TIPO": "0", "AREA_KM2": 3.220749244602167, "CD_REGIAO": "2", "NM_REGIAO": "Nordeste", "CD_UF": "23", "NM_UF": "Ceará", "CD_MUN": "2313401", "NM_MUN": "Tianguá", "CD_DIST": "231340110", "NM_DIST": "Arapá", "CD_SUBDIST": "23134011000", "NM_SUBDIST": null, "CD_BAIRRO": null, "NM_BAIRRO": null, "CD_NU": null, "NM_NU": null, "CD_FCU": null, "NM_FCU": null, "CD_AGLOM": null, "NM_AGLOM": null, "CD_RGINT": "2306", "NM_RGINT": "Sobral", "CD_RGI": "230016", "NM_RGI": "São Benedito - Ipu - Guaraciaba do Norte - Tianguá", "CD_CONCURB": null, "NM_CONCURB": null, "Areapopulacional_CD_SIT": null, "Areapopulacional_CD_TIPO": null, "Areapopulacional_v0001": null, "Areapopulacional_v0002": null, "Areapopulacional_v0003": null, "Areapopulacional_v0004": null, "Areapopulacional_v0005": null, "Areapopulacional_v0006": null, "Areapopulacional_v0007": null, "Areapopulacional_AREA_DOMICILIADA_KM2": null, "Areapopulacional_AREA_KM2": null, "Areapopulacional_DENSIDADE_DEMOGRAFICA_DOMICILIADA_HAB_KM2": null, "Areapopulacional_DENSIDADE_DEMOGRAFICA_SETOR_HAB_KM2": null, "teste200(2)_fid": null, "teste200(2)_CD_SIT": null, "teste200(2)_CD_TIPO": null, "teste200(2)_v0001": null, "teste200(2)_v0002": null, "teste200(2)_v0003": null, "teste200(2)_v0004": null, "teste200(2)_v0005": null, "teste200(2)_v0006": null, "teste200(2)_v0007": null, "teste200(2)_AREA_DOMICILIADA_KM2": null, "teste200(2)_AREA_KM2": null, "teste200(2)_DENSIDADE_DEMOGRAFICA_DOMICILIADA_HAB_KM2": null, "teste200(2)_DENSIDADE_DEMOGRAFICA_SETOR_HAB_KM2": null, "teste200(2)_V00111SISTEMAGERALÁGUA": null, "teste200(2)_V00112POÇO": null, "teste200(2)_V00113POÇORASO": null, "teste200(2)_V00114NASCENTE,FONTE": null, "teste200(2)_V00115CARROPIPA": null, "teste200(2)_V00116CHUVA": null, "teste200(2)_V00117RIOS,AÇUDES,CORREGOS": null, "teste200(2)_V00118OUTRAFORMA": null }, "geometry": { "type": "MultiPolygon", "coordinates": [ [ [ [ -40.905903099999932, -3.625321799999938 ], [ -40.906980799999985, -3.627622 ], [ -40.908994399999983, -3.630100399999947 ], [ -40.910879, -3.633714599999962 ], [ -40.912634499999967, -3.63611549999996 ], [ -40.913649699999951, -3.638072899999941 ], [ -40.914911099999983, -3.637735099999929 ], [ -40.915666199999976, -3.637430299999949 ], [ -40.916378599999973, -3.637207699999976 ], [ -40.916885899999954, -3.637170899999944 ], [ -40.917660299999966, -3.637459099999944 ], [ -40.918272099999967, -3.637743 ], [ -40.918651899999929, -3.638002899999947 ], [ -40.918967, -3.638399099999958 ], [ -40.919364199999961, -3.638746399999945 ], [ -40.919871399999977, -3.638958199999934 ], [ -40.920139, -3.639154899999937 ], [ -40.920321699999931, -3.639404099999979 ], [ -40.920420499999977, -3.639572299999941 ], [ -40.920641799999942, -3.639623599999936 ], [ -40.920856399999934, -3.639765199999943 ], [ -40.921514299999956, -3.639908499999933 ], [ -40.921800599999983, -3.639888699999972 ], [ -40.922063799999933, -3.640020299999946 ], [ -40.923070699999982, -3.639678099999969 ], [ -40.923236199999963, -3.639566099999968 ], [ -40.923907, -3.63965769999993 ], [ -40.924235, -3.639472099999978 ], [ -40.924891499999944, -3.639539299999967 ], [ -40.925212599999952, -3.639748299999951 ], [ -40.927293299999974, -3.640277499999968 ], [ -40.927236799999946, -3.640944299999944 ], [ -40.92636159999995, -3.641547 ], [ -40.926072899999951, -3.64282929999996 ], [ -40.92673, -3.642896 ], [ -40.928514699999937, -3.64355409999996 ], [ -40.92931539999995, -3.643776599999967 ], [ -40.931573599999979, -3.644436199999973 ], [ -40.932680199999936, -3.644796099999951 ], [ -40.932917699999962, -3.646121499999936 ], [ -40.932460099999957, -3.647443199999941 ], [ -40.932045799999969, -3.648444099999949 ], [ -40.931762499999934, -3.648373899999967 ], [ -40.931383799999935, -3.648849499999926 ], [ -40.931327799999963, -3.649136299999952 ], [ -40.931212, -3.649394699999959 ], [ -40.930898, -3.649665899999945 ], [ -40.931446499999936, -3.650471299999936 ], [ -40.931177199999979, -3.651522599999964 ], [ -40.931315299999937, -3.652566599999943 ], [ -40.93122429999994, -3.65310889999995 ], [ -40.938721, -3.648013399999968 ], [ -40.938242199999934, -3.647727599999939 ], [ -40.937495699999943, -3.64740409999996 ], [ -40.935792599999957, -3.645498 ], [ -40.935159, -3.644563499999947 ], [ -40.934363799999971, -3.64237849999995 ], [ -40.932639599999959, -3.640004099999942 ], [ -40.932306599999947, -3.638832399999956 ], [ -40.932439799999941, -3.638032199999941 ], [ -40.932717199999956, -3.637348599999939 ], [ -40.933040799999958, -3.637134599999968 ], [ -40.93331569999998, -3.636376 ], [ -40.933235799999977, -3.635929699999963 ], [ -40.932659599999965, -3.635323099999937 ], [ -40.931029799999976, -3.635166 ], [ -40.930407799999955, -3.634794899999974 ], [ -40.929987899999958, -3.634209 ], [ -40.928945099999964, -3.633304899999928 ], [ -40.92582729999998, -3.632777699999963 ], [ -40.925174099999936, -3.632447599999978 ], [ -40.920954599999959, -3.631295799999975 ], [ -40.919712, -3.63076529999995 ], [ -40.917867299999955, -3.629670899999951 ], [ -40.917298499999958, -3.629107599999941 ], [ -40.916439499999967, -3.627583899999934 ], [ -40.916306, -3.626742 ], [ -40.915800299999944, -3.625986599999976 ], [ -40.915380099999936, -3.625601599999925 ], [ -40.914854199999979, -3.625368599999945 ], [ -40.913215899999955, -3.625159399999973 ], [ -40.911758499999962, -3.625365299999942 ], [ -40.911296499999935, -3.625067899999976 ], [ -40.910536, -3.62499459999998 ], [ -40.909281, -3.62518659999995 ], [ -40.908359899999937, -3.625506799999926 ], [ -40.906066399999929, -3.625321799999938 ], [ -40.905903099999932, -3.625321799999938 ] ] ] ] } },
{ "type": "Feature", "properties": { "CD_SETOR": "231340110000006", "SITUACAO": "Rural", "CD_SIT": "8", "CD_TIPO": "0", "AREA_KM2": 46.830416499853278, "CD_REGIAO": "2", "NM_REGIAO": "Nordeste", "CD_UF": "23", "NM_UF": "Ceará", "CD_MUN": "2313401", "NM_MUN": "Tianguá", "CD_DIST": "231340110", "NM_DIST": "Arapá", "CD_SUBDIST": "23134011000", "NM_SUBDIST": null, "CD_BAIRRO": null, "NM_BAIRRO": null, "CD_NU": null, "NM_NU": null, "CD_FCU": null, "NM_FCU": null, "CD_AGLOM": null, "NM_AGLOM": null, "CD_RGINT": "2306", "NM_RGINT": "Sobral", "CD_RGI": "230016", "NM_RGI": "São Benedito - Ipu - Guaraciaba do Norte - Tianguá", "CD_CONCURB": null, "NM_CONCURB": null, "Areapopulacional_CD_SIT": null, "Areapopulacional_CD_TIPO": null, "Areapopulacional_v0001": null, "Areapopulacional_v0002": null, "Areapopulacional_v0003": null, "Areapopulacional_v0004": null, "Areapopulacional_v0005": null, "Areapopulacional_v0006": null, "Areapopulacional_v0007": null, "Areapopulacional_AREA_DOMICILIADA_KM2": null, "Areapopulacional_AREA_KM2": null, "Areapopulacional_DENSIDADE_DEMOGRAFICA_DOMICILIADA_HAB_KM2": null, "Areapopulacional_DENSIDADE_DEMOGRAFICA_SETOR_HAB_KM2": null, "teste200(2)_fid": null, "teste200(2)_CD_SIT": null, "teste200(2)_CD_TIPO": null, "teste200(2)_v0001": null, "teste200(2)_v0002": null, "teste200(2)_v0003": null, "teste200(2)_v0004": null, "teste200(2)_v0005": null, "teste200(2)_v0006": null, "teste200(2)_v0007": null, "teste200(2)_AREA_DOMICILIADA_KM2": null, "teste200(2)_AREA_KM2": null, "teste200(2)_DENSIDADE_DEMOGRAFICA_DOMICILIADA_HAB_KM2": null, "teste200(2)_DENSIDADE_DEMOGRAFICA_SETOR_HAB_KM2": null, "teste200(2)_V00111SISTEMAGERALÁGUA": null, "teste200(2)_V00112POÇO": null, "teste200(2)_V00113POÇORASO": null, "teste200(2)_V00114NASCENTE,FONTE": null, "teste200(2)_V00115CARROPIPA": null, "teste200(2)_V00116CHUVA": null, "teste200(2)_V00117RIOS,AÇUDES,CORREGOS": null, "teste200(2)_V00118OUTRAFORMA": null }, "geometry": { "type": "MultiPolygon", "coordinates": [ [ [ [ -40.902111599999955, -3.615398399999947 ], [ -40.902399799999955, -3.615748599999961 ], [ -40.902386299999932, -3.615922 ], [ -40.903956499999936, -3.617497299999968 ], [ -40.903934299999946, -3.617803199999969 ], [ -40.905450899999948, -3.618580399999928 ], [ -40.905222599999945, -3.618981799999972 ], [ -40.906141, -3.619424299999935 ], [ -40.907922399999961, -3.620672099999979 ], [ -40.907911699999943, -3.622461299999941 ], [ -40.907068, -3.62226359999994 ], [ -40.906777199999965, -3.623240799999962 ], [ -40.905903099999932, -3.625321799999938 ], [ -40.906066399999929, -3.625321799999938 ], [ -40.908359899999937, -3.625506799999926 ], [ -40.909281, -3.62518659999995 ], [ -40.910536, -3.62499459999998 ], [ -40.911296499999935, -3.625067899999976 ], [ -40.911758499999962, -3.625365299999942 ], [ -40.913215899999955, -3.625159399999973 ], [ -40.914854199999979, -3.625368599999945 ], [ -40.915380099999936, -3.625601599999925 ], [ -40.915800299999944, -3.625986599999976 ], [ -40.916306, -3.626742 ], [ -40.916439499999967, -3.627583899999934 ], [ -40.917298499999958, -3.629107599999941 ], [ -40.917867299999955, -3.629670899999951 ], [ -40.919712, -3.63076529999995 ], [ -40.920954599999959, -3.631295799999975 ], [ -40.925174099999936, -3.632447599999978 ], [ -40.92582729999998, -3.632777699999963 ], [ -40.928945099999964, -3.633304899999928 ], [ -40.929987899999958, -3.634209 ], [ -40.930407799999955, -3.634794899999974 ], [ -40.931029799999976, -3.635166 ], [ -40.932659599999965, -3.635323099999937 ], [ -40.933235799999977, -3.635929699999963 ], [ -40.93331569999998, -3.636376 ], [ -40.933040799999958, -3.637134599999968 ], [ -40.932717199999956, -3.637348599999939 ], [ -40.932439799999941, -3.638032199999941 ], [ -40.932306599999947, -3.638832399999956 ], [ -40.932639599999959, -3.640004099999942 ], [ -40.934363799999971, -3.64237849999995 ], [ -40.935159, -3.644563499999947 ], [ -40.935792599999957, -3.645498 ], [ -40.937495699999943, -3.64740409999996 ], [ -40.938242199999934, -3.647727599999939 ], [ -40.938721, -3.648013399999968 ], [ -40.94054049999994, -3.64613449999996 ], [ -40.941147099999966, -3.64504119999998 ], [ -40.941991799999983, -3.642080599999929 ], [ -40.942227299999956, -3.641178099999934 ], [ -40.942768299999955, -3.63989 ], [ -40.944014799999934, -3.637572599999942 ], [ -40.945419299999969, -3.635284699999943 ], [ -40.946840699999939, -3.632996799999944 ], [ -40.948389499999962, -3.631195199999979 ], [ -40.950468199999932, -3.629579599999943 ], [ -40.952803299999971, -3.628288599999962 ], [ -40.95513909999994, -3.627254899999969 ], [ -40.95722, -3.62647759999993 ], [ -40.958659, -3.625768 ], [ -40.95977929999998, -3.624992199999951 ], [ -40.960256299999969, -3.623704799999928 ], [ -40.960221899999965, -3.62241819999997 ], [ -40.960569599999985, -3.620359399999927 ], [ -40.961430499999949, -3.618234599999937 ], [ -40.962736399999983, -3.615594299999941 ], [ -40.964302799999984, -3.613726199999974 ], [ -40.96644509999993, -3.612499199999945 ], [ -40.967577099999971, -3.612069099999928 ], [ -40.964930199999969, -3.610244699999953 ], [ -40.963211899999976, -3.608418399999948 ], [ -40.960203599999943, -3.60462119999994 ], [ -40.956388699999934, -3.603290199999947 ], [ -40.954135199999939, -3.601117599999952 ], [ -40.953264099999956, -3.599612299999933 ], [ -40.95173589999996, -3.59629949999993 ], [ -40.948212499999954, -3.592195099999969 ], [ -40.946099699999934, -3.589544199999978 ], [ -40.943596099999979, -3.587898799999948 ], [ -40.941627399999959, -3.586869099999944 ], [ -40.939423099999942, -3.58584849999994 ], [ -40.937172799999985, -3.586286399999949 ], [ -40.935200299999963, -3.586110899999937 ], [ -40.933514499999944, -3.584964299999967 ], [ -40.93228019999998, -3.583567599999981 ], [ -40.931658, -3.582376499999953 ], [ -40.931769899999949, -3.580189 ], [ -40.930362699999932, -3.577857699999925 ], [ -40.926857899999959, -3.57558279999995 ], [ -40.923054399999955, -3.573930599999926 ], [ -40.921208599999943, -3.572544499999935 ], [ -40.919869099999971, -3.571487699999977 ], [ -40.918627, -3.569997299999955 ], [ -40.916151399999933, -3.568149299999959 ], [ -40.91525269999994, -3.567095499999937 ], [ -40.914509199999941, -3.564489399999957 ], [ -40.913359599999978, -3.561632699999961 ], [ -40.912475599999937, -3.559732799999949 ], [ -40.91106579999996, -3.557295599999975 ], [ -40.910011899999972, -3.55470379999997 ], [ -40.907434, -3.551551199999949 ], [ -40.90543219999995, -3.55034569999998 ], [ -40.903217, -3.54984769999993 ], [ -40.900763299999937, -3.549182899999948 ], [ -40.899025599999959, -3.549377899999968 ], [ -40.897072799999933, -3.549214399999926 ], [ -40.895645199999933, -3.549695899999961 ], [ -40.894597, -3.549410899999941 ], [ -40.892235599999935, -3.547334399999954 ], [ -40.891018899999949, -3.546164699999963 ], [ -40.889826899999946, -3.545425499999965 ], [ -40.888801499999943, -3.544638099999929 ], [ -40.888011799999958, -3.543831099999977 ], [ -40.887419299999976, -3.542837099999929 ], [ -40.886438299999952, -3.541676399999972 ], [ -40.885529299999973, -3.53959679999997 ], [ -40.884476399999983, -3.538738399999943 ], [ -40.876874399999963, -3.532540899999958 ], [ -40.873602099999971, -3.530663499999946 ], [ -40.869858799999975, -3.530558599999949 ], [ -40.866494299999943, -3.530790299999978 ], [ -40.863370599999939, -3.529770399999961 ], [ -40.860980499999982, -3.527405599999952 ], [ -40.857557499999984, -3.528061699999967 ], [ -40.856794299999933, -3.531340799999953 ], [ -40.857188599999972, -3.536126 ], [ -40.857491799999934, -3.536323699999969 ], [ -40.859963499999935, -3.537935299999958 ], [ -40.892467199999942, -3.559128399999963 ], [ -40.904036799999972, -3.575332199999934 ], [ -40.899122699999964, -3.595593399999927 ], [ -40.897913299999971, -3.606281 ], [ -40.898132799999985, -3.606701299999941 ], [ -40.898220499999979, -3.606863199999964 ], [ -40.898296799999969, -3.606913 ], [ -40.898518099999933, -3.607137099999932 ], [ -40.898682099999974, -3.607286299999942 ], [ -40.89900259999996, -3.607510199999979 ], [ -40.899315399999978, -3.607734099999959 ], [ -40.899673899999982, -3.607895299999939 ], [ -40.89999819999997, -3.608069299999954 ], [ -40.90024619999997, -3.608355699999947 ], [ -40.90043309999993, -3.60851729999996 ], [ -40.900608599999941, -3.608679199999926 ], [ -40.900856499999975, -3.609015399999976 ], [ -40.901032, -3.609302 ], [ -40.901108299999976, -3.609663399999931 ], [ -40.901108299999976, -3.61001269999997 ], [ -40.901180799999963, -3.610336699999948 ], [ -40.901207499999941, -3.610586099999978 ], [ -40.901592799999946, -3.611196399999926 ], [ -40.901592799999946, -3.611433399999953 ], [ -40.90156989999997, -3.611732599999925 ], [ -40.901447799999971, -3.611969899999963 ], [ -40.901409599999965, -3.612319199999945 ], [ -40.901287599999932, -3.612668699999972 ], [ -40.90122649999995, -3.612968099999932 ], [ -40.901177, -3.613180299999954 ], [ -40.901150199999961, -3.613429699999926 ], [ -40.901150199999961, -3.613679399999967 ], [ -40.901325699999973, -3.614115399999946 ], [ -40.901512599999933, -3.614588899999944 ], [ -40.901814, -3.615074599999957 ], [ -40.902111599999955, -3.615398399999947 ] ] ] ] } },
{ "type": "Feature", "properties": { "CD_SETOR": "231340110000007", "SITUACAO": "Rural", "CD_SIT": "8", "CD_TIPO": "0", "AREA_KM2": 1.2554786397843669, "CD_REGIAO": "2", "NM_REGIAO": "Nordeste", "CD_UF": "23", "NM_UF": "Ceará", "CD_MUN": "2313401", "NM_MUN": "Tianguá", "CD_DIST": "231340110", "NM_DIST": "Arapá", "CD_SUBDIST": "23134011000", "NM_SUBDIST": null, "CD_BAIRRO": null, "NM_BAIRRO": null, "CD_NU": null, "NM_NU": null, "CD_FCU": null, "NM_FCU": null, "CD_AGLOM": null, "NM_AGLOM": null, "CD_RGINT": "2306", "NM_RGINT": "Sobral", "CD_RGI": "230016", "NM_RGI": "São Benedito - Ipu - Guaraciaba do Norte - Tianguá", "CD_CONCURB": null, "NM_CONCURB": null, "Areapopulacional_CD_SIT": null, "Areapopulacional_CD_TIPO": null, "Areapopulacional_v0001": null, "Areapopulacional_v0002": null, "Areapopulacional_v0003": null, "Areapopulacional_v0004": null, "Areapopulacional_v0005": null, "Areapopulacional_v0006": null, "Areapopulacional_v0007": null, "Areapopulacional_AREA_DOMICILIADA_KM2": null, "Areapopulacional_AREA_KM2": null, "Areapopulacional_DENSIDADE_DEMOGRAFICA_DOMICILIADA_HAB_KM2": null, "Areapopulacional_DENSIDADE_DEMOGRAFICA_SETOR_HAB_KM2": null, "teste200(2)_fid": null, "teste200(2)_CD_SIT": null, "teste200(2)_CD_TIPO": null, "teste200(2)_v0001": null, "teste200(2)_v0002": null, "teste200(2)_v0003": null, "teste200(2)_v0004": null, "teste200(2)_v0005": null, "teste200(2)_v0006": null, "teste200(2)_v0007": null, "teste200(2)_AREA_DOMICILIADA_KM2": null, "teste200(2)_AREA_KM2": null, "teste200(2)_DENSIDADE_DEMOGRAFICA_DOMICILIADA_HAB_KM2": null, "teste200(2)_DENSIDADE_DEMOGRAFICA_SETOR_HAB_KM2": null, "teste200(2)_V00111SISTEMAGERALÁGUA": null, "teste200(2)_V00112POÇO": null, "teste200(2)_V00113POÇORASO": null, "teste200(2)_V00114NASCENTE,FONTE": null, "teste200(2)_V00115CARROPIPA": null, "teste200(2)_V00116CHUVA": null, "teste200(2)_V00117RIOS,AÇUDES,CORREGOS": null, "teste200(2)_V00118OUTRAFORMA": null }, "geometry": { "type": "MultiPolygon", "coordinates": [ [ [ [ -40.901833499999952, -3.616609599999947 ], [ -40.902399799999955, -3.615748599999961 ], [ -40.902111599999955, -3.615398399999947 ], [ -40.901814, -3.615074599999957 ], [ -40.901512599999933, -3.614588899999944 ], [ -40.901325699999973, -3.614115399999946 ], [ -40.901150199999961, -3.613679399999967 ], [ -40.901150199999961, -3.613429699999926 ], [ -40.901177, -3.613180299999954 ], [ -40.90122649999995, -3.612968099999932 ], [ -40.901287599999932, -3.612668699999972 ], [ -40.901409599999965, -3.612319199999945 ], [ -40.901447799999971, -3.611969899999963 ], [ -40.90156989999997, -3.611732599999925 ], [ -40.901592799999946, -3.611433399999953 ], [ -40.901592799999946, -3.611196399999926 ], [ -40.901207499999941, -3.610586099999978 ], [ -40.901180799999963, -3.610336699999948 ], [ -40.901108299999976, -3.61001269999997 ], [ -40.901108299999976, -3.609663399999931 ], [ -40.901032, -3.609302 ], [ -40.900856499999975, -3.609015399999976 ], [ -40.900608599999941, -3.608679199999926 ], [ -40.90043309999993, -3.60851729999996 ], [ -40.90024619999997, -3.608355699999947 ], [ -40.89999819999997, -3.608069299999954 ], [ -40.899673899999982, -3.607895299999939 ], [ -40.899315399999978, -3.607734099999959 ], [ -40.89900259999996, -3.607510199999979 ], [ -40.898682099999974, -3.607286299999942 ], [ -40.898518099999933, -3.607137099999932 ], [ -40.898296799999969, -3.606913 ], [ -40.898220499999979, -3.606863199999964 ], [ -40.898132799999985, -3.606701299999941 ], [ -40.897913299999971, -3.606281 ], [ -40.896223199999952, -3.62121529999996 ], [ -40.896144599999957, -3.621909599999981 ], [ -40.89504119999998, -3.631662 ], [ -40.896179299999972, -3.631677799999977 ], [ -40.89710249999996, -3.630481699999962 ], [ -40.898890899999969, -3.629459099999963 ], [ -40.899563399999977, -3.628289499999937 ], [ -40.900054499999953, -3.627760599999931 ], [ -40.900499099999934, -3.627216 ], [ -40.901102899999955, -3.62687539999996 ], [ -40.900092699999959, -3.624171899999965 ], [ -40.900421899999969, -3.623155899999972 ], [ -40.90065409999994, -3.623085899999978 ], [ -40.901714, -3.617405799999972 ], [ -40.901833499999952, -3.616609599999947 ] ] ] ] } },
{ "type": "Feature", "properties": { "CD_SETOR": "231340110000008", "SITUACAO": "Urbana", "CD_SIT": "2", "CD_TIPO": "0", "AREA_KM2": 0.26887053462882898, "CD_REGIAO": "2", "NM_REGIAO": "Nordeste", "CD_UF": "23", "NM_UF": "Ceará", "CD_MUN": "2313401", "NM_MUN": "Tianguá", "CD_DIST": "231340110", "NM_DIST": "Arapá", "CD_SUBDIST": "23134011000", "NM_SUBDIST": null, "CD_BAIRRO": null, "NM_BAIRRO": null, "CD_NU": null, "NM_NU": null, "CD_FCU": null, "NM_FCU": null, "CD_AGLOM": null, "NM_AGLOM": null, "CD_RGINT": "2306", "NM_RGINT": "Sobral", "CD_RGI": "230016", "NM_RGI": "São Benedito - Ipu - Guaraciaba do Norte - Tianguá", "CD_CONCURB": null, "NM_CONCURB": null, "Areapopulacional_CD_SIT": 2, "Areapopulacional_CD_TIPO": 0, "Areapopulacional_v0001": 290, "Areapopulacional_v0002": 133, "Areapopulacional_v0003": 133, "Areapopulacional_v0004": 0, "Areapopulacional_v0005": 3.1, "Areapopulacional_v0006": 0.0, "Areapopulacional_v0007": 95, "Areapopulacional_AREA_DOMICILIADA_KM2": 0.24241, "Areapopulacional_AREA_KM2": 0.268870535, "Areapopulacional_DENSIDADE_DEMOGRAFICA_DOMICILIADA_HAB_KM2": 1196.320284, "Areapopulacional_DENSIDADE_DEMOGRAFICA_SETOR_HAB_KM2": 1078.586021, "teste200(2)_fid": null, "teste200(2)_CD_SIT": null, "teste200(2)_CD_TIPO": null, "teste200(2)_v0001": null, "teste200(2)_v0002": null, "teste200(2)_v0003": null, "teste200(2)_v0004": null, "teste200(2)_v0005": null, "teste200(2)_v0006": null, "teste200(2)_v0007": null, "teste200(2)_AREA_DOMICILIADA_KM2": null, "teste200(2)_AREA_KM2": null, "teste200(2)_DENSIDADE_DEMOGRAFICA_DOMICILIADA_HAB_KM2": null, "teste200(2)_DENSIDADE_DEMOGRAFICA_SETOR_HAB_KM2": null, "teste200(2)_V00111SISTEMAGERALÁGUA": null, "teste200(2)_V00112POÇO": null, "teste200(2)_V00113POÇORASO": null, "teste200(2)_V00114NASCENTE,FONTE": null, "teste200(2)_V00115CARROPIPA": null, "teste200(2)_V00116CHUVA": null, "teste200(2)_V00117RIOS,AÇUDES,CORREGOS": null, "teste200(2)_V00118OUTRAFORMA": null }, "geometry": { "type": "MultiPolygon", "coordinates": [ [ [ [ -40.902405099999953, -3.616610799999933 ], [ -40.902386299999932, -3.615922 ], [ -40.902399799999955, -3.615748599999961 ], [ -40.901833499999952, -3.616609599999947 ], [ -40.901714, -3.617405799999972 ], [ -40.90065409999994, -3.623085899999978 ], [ -40.900421899999969, -3.623155899999972 ], [ -40.900092699999959, -3.624171899999965 ], [ -40.900431799999978, -3.624314 ], [ -40.900701799999979, -3.624541399999941 ], [ -40.901000199999942, -3.624711899999966 ], [ -40.901213299999938, -3.624839799999961 ], [ -40.901497499999948, -3.624939299999937 ], [ -40.901923799999963, -3.625024499999938 ], [ -40.90227909999993, -3.625195099999928 ], [ -40.902620099999979, -3.625323 ], [ -40.90286169999996, -3.625323 ], [ -40.903117499999951, -3.625251899999967 ], [ -40.903288, -3.625095599999952 ], [ -40.903458499999942, -3.624967699999956 ], [ -40.903842199999985, -3.62486819999998 ], [ -40.904282699999953, -3.62486819999998 ], [ -40.904609499999935, -3.624996099999976 ], [ -40.904907899999955, -3.625081399999942 ], [ -40.905177899999956, -3.625124 ], [ -40.905490599999951, -3.625209299999938 ], [ -40.905699699999957, -3.625267399999927 ], [ -40.905801399999973, -3.625294599999961 ], [ -40.905903099999932, -3.625321799999938 ], [ -40.905380799999932, -3.623602099999971 ], [ -40.905398399999967, -3.623538199999928 ], [ -40.905478699999946, -3.623285199999941 ], [ -40.904354199999943, -3.622939 ], [ -40.904439499999967, -3.622572 ], [ -40.904334399999982, -3.622500899999977 ], [ -40.904019299999959, -3.622080899999958 ], [ -40.903623499999981, -3.621550599999978 ], [ -40.902946399999962, -3.620378899999935 ], [ -40.902803199999937, -3.620148499999971 ], [ -40.902673899999968, -3.619862099999978 ], [ -40.902658899999949, -3.619533599999954 ], [ -40.902562299999943, -3.619204499999967 ], [ -40.902492399999971, -3.618597799999975 ], [ -40.902452299999936, -3.617647599999941 ], [ -40.902405099999953, -3.616610799999933 ] ] ] ] } },
{ "type": "Feature", "properties": { "CD_SETOR": "231340110000009", "SITUACAO": "Urbana", "CD_SIT": "2", "CD_TIPO": "0", "AREA_KM2": 0.124180771944048, "CD_REGIAO": "2", "NM_REGIAO": "Nordeste", "CD_UF": "23", "NM_UF": "Ceará", "CD_MUN": "2313401", "NM_MUN": "Tianguá", "CD_DIST": "231340110", "NM_DIST": "Arapá", "CD_SUBDIST": "23134011000", "NM_SUBDIST": null, "CD_BAIRRO": null, "NM_BAIRRO": null, "CD_NU": null, "NM_NU": null, "CD_FCU": null, "NM_FCU": null, "CD_AGLOM": null, "NM_AGLOM": null, "CD_RGINT": "2306", "NM_RGINT": "Sobral", "CD_RGI": "230016", "NM_RGI": "São Benedito - Ipu - Guaraciaba do Norte - Tianguá", "CD_CONCURB": null, "NM_CONCURB": null, "Areapopulacional_CD_SIT": 2, "Areapopulacional_CD_TIPO": 0, "Areapopulacional_v0001": 269, "Areapopulacional_v0002": 124, "Areapopulacional_v0003": 124, "Areapopulacional_v0004": 0, "Areapopulacional_v0005": 3.0, "Areapopulacional_v0006": 0.0, "Areapopulacional_v0007": 91, "Areapopulacional_AREA_DOMICILIADA_KM2": 0.12418, "Areapopulacional_AREA_KM2": 0.124180772, "Areapopulacional_DENSIDADE_DEMOGRAFICA_DOMICILIADA_HAB_KM2": 2166.21034, "Areapopulacional_DENSIDADE_DEMOGRAFICA_SETOR_HAB_KM2": 2166.196874, "teste200(2)_fid": null, "teste200(2)_CD_SIT": null, "teste200(2)_CD_TIPO": null, "teste200(2)_v0001": null, "teste200(2)_v0002": null, "teste200(2)_v0003": null, "teste200(2)_v0004": null, "teste200(2)_v0005": null, "teste200(2)_v0006": null, "teste200(2)_v0007": null, "teste200(2)_AREA_DOMICILIADA_KM2": null, "teste200(2)_AREA_KM2": null, "teste200(2)_DENSIDADE_DEMOGRAFICA_DOMICILIADA_HAB_KM2": null, "teste200(2)_DENSIDADE_DEMOGRAFICA_SETOR_HAB_KM2": null, "teste200(2)_V00111SISTEMAGERALÁGUA": null, "teste200(2)_V00112POÇO": null, "teste200(2)_V00113POÇORASO": null, "teste200(2)_V00114NASCENTE,FONTE": null, "teste200(2)_V00115CARROPIPA": null, "teste200(2)_V00116CHUVA": null, "teste200(2)_V00117RIOS,AÇUDES,CORREGOS": null, "teste200(2)_V00118OUTRAFORMA": null }, "geometry": { "type": "MultiPolygon", "coordinates": [ [ [ [ -40.902386299999932, -3.615922 ], [ -40.902405099999953, -3.616610799999933 ], [ -40.902452299999936, -3.617647599999941 ], [ -40.902492399999971, -3.618597799999975 ], [ -40.902562299999943, -3.619204499999967 ], [ -40.902658899999949, -3.619533599999954 ], [ -40.902673899999968, -3.619862099999978 ], [ -40.902803199999937, -3.620148499999971 ], [ -40.902946399999962, -3.620378899999935 ], [ -40.903623499999981, -3.621550599999978 ], [ -40.904019299999959, -3.622080899999958 ], [ -40.904334399999982, -3.622500899999977 ], [ -40.904439499999967, -3.622572 ], [ -40.90444789999998, -3.622543099999973 ], [ -40.904500499999983, -3.622320099999968 ], [ -40.90472, -3.621529499999951 ], [ -40.904876, -3.620431699999926 ], [ -40.904942299999959, -3.619955899999979 ], [ -40.905043, -3.619359399999951 ], [ -40.905222599999945, -3.618981799999972 ], [ -40.905450899999948, -3.618580399999928 ], [ -40.903934299999946, -3.617803199999969 ], [ -40.903956499999936, -3.617497299999968 ], [ -40.902386299999932, -3.615922 ] ] ] ] } },
{ "type": "Feature", "properties": { "CD_SETOR": "231340115000001", "SITUACAO": "Urbana", "CD_SIT": "1", "CD_TIPO": "0", "AREA_KM2": 0.32728676133511497, "CD_REGIAO": "2", "NM_REGIAO": "Nordeste", "CD_UF": "23", "NM_UF": "Ceará", "CD_MUN": "2313401", "NM_MUN": "Tianguá", "CD_DIST": "231340115", "NM_DIST": "Caruataí", "CD_SUBDIST": "23134011500", "NM_SUBDIST": null, "CD_BAIRRO": null, "NM_BAIRRO": null, "CD_NU": null, "NM_NU": null, "CD_FCU": null, "NM_FCU": null, "CD_AGLOM": null, "NM_AGLOM": null, "CD_RGINT": "2306", "NM_RGINT": "Sobral", "CD_RGI": "230016", "NM_RGI": "São Benedito - Ipu - Guaraciaba do Norte - Tianguá", "CD_CONCURB": null, "NM_CONCURB": null, "Areapopulacional_CD_SIT": 1, "Areapopulacional_CD_TIPO": 0, "Areapopulacional_v0001": 1385, "Areapopulacional_v0002": 483, "Areapopulacional_v0003": 483, "Areapopulacional_v0004": 0, "Areapopulacional_v0005": 3.4, "Areapopulacional_v0006": 0.0024, "Areapopulacional_v0007": 413, "Areapopulacional_AREA_DOMICILIADA_KM2": 0.30334, "Areapopulacional_AREA_KM2": 0.327286761, "Areapopulacional_DENSIDADE_DEMOGRAFICA_DOMICILIADA_HAB_KM2": 4565.833718, "Areapopulacional_DENSIDADE_DEMOGRAFICA_SETOR_HAB_KM2": 4231.762979, "teste200(2)_fid": null, "teste200(2)_CD_SIT": null, "teste200(2)_CD_TIPO": null, "teste200(2)_v0001": null, "teste200(2)_v0002": null, "teste200(2)_v0003": null, "teste200(2)_v0004": null, "teste200(2)_v0005": null, "teste200(2)_v0006": null, "teste200(2)_v0007": null, "teste200(2)_AREA_DOMICILIADA_KM2": null, "teste200(2)_AREA_KM2": null, "teste200(2)_DENSIDADE_DEMOGRAFICA_DOMICILIADA_HAB_KM2": null, "teste200(2)_DENSIDADE_DEMOGRAFICA_SETOR_HAB_KM2": null, "teste200(2)_V00111SISTEMAGERALÁGUA": null, "teste200(2)_V00112POÇO": null, "teste200(2)_V00113POÇORASO": null, "teste200(2)_V00114NASCENTE,FONTE": null, "teste200(2)_V00115CARROPIPA": null, "teste200(2)_V00116CHUVA": null, "teste200(2)_V00117RIOS,AÇUDES,CORREGOS": null, "teste200(2)_V00118OUTRAFORMA": null }, "geometry": { "type": "MultiPolygon", "coordinates": [ [ [ [ -40.96866979999993, -3.834301699999969 ], [ -40.968636, -3.835045899999955 ], [ -40.968889699999977, -3.83545179999993 ], [ -40.969041899999979, -3.835967699999969 ], [ -40.969126499999959, -3.836652599999979 ], [ -40.968999599999961, -3.837168499999962 ], [ -40.969211, -3.837777399999936 ], [ -40.969375199999945, -3.838059699999974 ], [ -40.969720799999948, -3.838874199999964 ], [ -40.970016899999962, -3.83929379999995 ], [ -40.970639899999981, -3.83989 ], [ -40.97156549999994, -3.839349299999981 ], [ -40.97338579999996, -3.838035099999956 ], [ -40.973266799999976, -3.835306899999978 ], [ -40.973275499999943, -3.835288899999966 ], [ -40.973510199999964, -3.834568099999956 ], [ -40.973130399999945, -3.832448199999931 ], [ -40.970271899999943, -3.832693399999926 ], [ -40.969136099999957, -3.834301699999969 ], [ -40.96866979999993, -3.834301699999969 ] ] ] ] } },
{ "type": "Feature", "properties": { "CD_SETOR": "231340115000002", "SITUACAO": "Rural", "CD_SIT": "8", "CD_TIPO": "0", "AREA_KM2": 4.8705686604338538, "CD_REGIAO": "2", "NM_REGIAO": "Nordeste", "CD_UF": "23", "NM_UF": "Ceará", "CD_MUN": "2313401", "NM_MUN": "Tianguá", "CD_DIST": "231340115", "NM_DIST": "Caruataí", "CD_SUBDIST": "23134011500", "NM_SUBDIST": null, "CD_BAIRRO": null, "NM_BAIRRO": null, "CD_NU": null, "NM_NU": null, "CD_FCU": null, "NM_FCU": null, "CD_AGLOM": null, "NM_AGLOM": null, "CD_RGINT": "2306", "NM_RGINT": "Sobral", "CD_RGI": "230016", "NM_RGI": "São Benedito - Ipu - Guaraciaba do Norte - Tianguá", "CD_CONCURB": null, "NM_CONCURB": null, "Areapopulacional_CD_SIT": null, "Areapopulacional_CD_TIPO": null, "Areapopulacional_v0001": null, "Areapopulacional_v0002": null, "Areapopulacional_v0003": null, "Areapopulacional_v0004": null, "Areapopulacional_v0005": null, "Areapopulacional_v0006": null, "Areapopulacional_v0007": null, "Areapopulacional_AREA_DOMICILIADA_KM2": null, "Areapopulacional_AREA_KM2": null, "Areapopulacional_DENSIDADE_DEMOGRAFICA_DOMICILIADA_HAB_KM2": null, "Areapopulacional_DENSIDADE_DEMOGRAFICA_SETOR_HAB_KM2": null, "teste200(2)_fid": null, "teste200(2)_CD_SIT": null, "teste200(2)_CD_TIPO": null, "teste200(2)_v0001": null, "teste200(2)_v0002": null, "teste200(2)_v0003": null, "teste200(2)_v0004": null, "teste200(2)_v0005": null, "teste200(2)_v0006": null, "teste200(2)_v0007": null, "teste200(2)_AREA_DOMICILIADA_KM2": null, "teste200(2)_AREA_KM2": null, "teste200(2)_DENSIDADE_DEMOGRAFICA_DOMICILIADA_HAB_KM2": null, "teste200(2)_DENSIDADE_DEMOGRAFICA_SETOR_HAB_KM2": null, "teste200(2)_V00111SISTEMAGERALÁGUA": null, "teste200(2)_V00112POÇO": null, "teste200(2)_V00113POÇORASO": null, "teste200(2)_V00114NASCENTE,FONTE": null, "teste200(2)_V00115CARROPIPA": null, "teste200(2)_V00116CHUVA": null, "teste200(2)_V00117RIOS,AÇUDES,CORREGOS": null, "teste200(2)_V00118OUTRAFORMA": null }, "geometry": { "type": "MultiPolygon", "coordinates": [ [ [ [ -40.897279, -3.772037799999964 ], [ -40.896358699999951, -3.773156099999937 ], [ -40.896357799999976, -3.77315729999998 ], [ -40.895199399999967, -3.774564799999951 ], [ -40.893771099999981, -3.776531099999943 ], [ -40.895302799999968, -3.780978799999957 ], [ -40.895729899999935, -3.780515499999979 ], [ -40.896362299999964, -3.780085099999951 ], [ -40.897335799999951, -3.779680699999972 ], [ -40.897775399999944, -3.779277499999978 ], [ -40.89812139999998, -3.778794 ], [ -40.898547699999938, -3.778417599999955 ], [ -40.899120899999957, -3.778041 ], [ -40.899707899999953, -3.777919 ], [ -40.900401599999952, -3.777983199999937 ], [ -40.900415499999951, -3.777984499999945 ], [ -40.901483799999937, -3.778210099999967 ], [ -40.901592599999958, -3.778304499999933 ], [ -40.902393199999949, -3.77899919999993 ], [ -40.903444099999945, -3.780411 ], [ -40.903683899999976, -3.781467799999973 ], [ -40.904069899999968, -3.782763199999977 ], [ -40.904503699999964, -3.784005 ], [ -40.90459629999998, -3.784160099999951 ], [ -40.904817899999955, -3.784531399999935 ], [ -40.905508699999984, -3.785361599999931 ], [ -40.906391499999984, -3.78608939999998 ], [ -40.90782269999994, -3.787126899999976 ], [ -40.907983399999978, -3.787219599999958 ], [ -40.909289199999932, -3.787972899999943 ], [ -40.91061209999998, -3.788448399999936 ], [ -40.911125199999958, -3.788390199999981 ], [ -40.912184099999934, -3.787947599999939 ], [ -40.913370799999939, -3.788034499999981 ], [ -40.913838599999963, -3.788202099999978 ], [ -40.914183699999967, -3.788117599999964 ], [ -40.914599399999929, -3.787888299999963 ], [ -40.914756899999929, -3.788031499999931 ], [ -40.915128299999935, -3.787958899999978 ], [ -40.915485699999977, -3.788029799999947 ], [ -40.915828199999964, -3.787828099999956 ], [ -40.916186099999948, -3.787842 ], [ -40.91655929999996, -3.788107799999977 ], [ -40.917157399999951, -3.787968699999965 ], [ -40.917662199999938, -3.787623399999973 ], [ -40.918072299999949, -3.787581799999941 ], [ -40.91851319999995, -3.787188199999946 ], [ -40.919141499999967, -3.787002599999937 ], [ -40.919998799999973, -3.786943299999962 ], [ -40.920626899999945, -3.786654799999951 ], [ -40.921513499999946, -3.786954199999968 ], [ -40.922443499999929, -3.787512 ], [ -40.923301799999933, -3.787940699999979 ], [ -40.923871199999951, -3.787040499999932 ], [ -40.924289099999953, -3.786090299999955 ], [ -40.925199899999939, -3.785168499999941 ], [ -40.926059099999975, -3.783029599999963 ], [ -40.926119799999981, -3.782415299999968 ], [ -40.926695099999961, -3.781469199999947 ], [ -40.926971899999955, -3.780736399999967 ], [ -40.926891, -3.779779699999949 ], [ -40.927060499999982, -3.779411099999948 ], [ -40.92784249999994, -3.778790599999979 ], [ -40.928072199999974, -3.778367399999979 ], [ -40.922645799999941, -3.77641269999998 ], [ -40.906722399999978, -3.768520099999932 ], [ -40.90526559999995, -3.768466 ], [ -40.90130019999998, -3.770137799999929 ], [ -40.897279, -3.772037799999964 ] ] ] ] } },
{ "type": "Feature", "properties": { "CD_SETOR": "231340115000004", "SITUACAO": "Rural", "CD_SIT": "8", "CD_TIPO": "0", "AREA_KM2": 6.052453366737276, "CD_REGIAO": "2", "NM_REGIAO": "Nordeste", "CD_UF": "23", "NM_UF": "Ceará", "CD_MUN": "2313401", "NM_MUN": "Tianguá", "CD_DIST": "231340115", "NM_DIST": "Caruataí", "CD_SUBDIST": "23134011500", "NM_SUBDIST": null, "CD_BAIRRO": null, "NM_BAIRRO": null, "CD_NU": null, "NM_NU": null, "CD_FCU": null, "NM_FCU": null, "CD_AGLOM": null, "NM_AGLOM": null, "CD_RGINT": "2306", "NM_RGINT": "Sobral", "CD_RGI": "230016", "NM_RGI": "São Benedito - Ipu - Guaraciaba do Norte - Tianguá", "CD_CONCURB": null, "NM_CONCURB": null, "Areapopulacional_CD_SIT": null, "Areapopulacional_CD_TIPO": null, "Areapopulacional_v0001": null, "Areapopulacional_v0002": null, "Areapopulacional_v0003": null, "Areapopulacional_v0004": null, "Areapopulacional_v0005": null, "Areapopulacional_v0006": null, "Areapopulacional_v0007": null, "Areapopulacional_AREA_DOMICILIADA_KM2": null, "Areapopulacional_AREA_KM2": null, "Areapopulacional_DENSIDADE_DEMOGRAFICA_DOMICILIADA_HAB_KM2": null, "Areapopulacional_DENSIDADE_DEMOGRAFICA_SETOR_HAB_KM2": null, "teste200(2)_fid": null, "teste200(2)_CD_SIT": null, "teste200(2)_CD_TIPO": null, "teste200(2)_v0001": null, "teste200(2)_v0002": null, "teste200(2)_v0003": null, "teste200(2)_v0004": null, "teste200(2)_v0005": null, "teste200(2)_v0006": null, "teste200(2)_v0007": null, "teste200(2)_AREA_DOMICILIADA_KM2": null, "teste200(2)_AREA_KM2": null, "teste200(2)_DENSIDADE_DEMOGRAFICA_DOMICILIADA_HAB_KM2": null, "teste200(2)_DENSIDADE_DEMOGRAFICA_SETOR_HAB_KM2": null, "teste200(2)_V00111SISTEMAGERALÁGUA": null, "teste200(2)_V00112POÇO": null, "teste200(2)_V00113POÇORASO": null, "teste200(2)_V00114NASCENTE,FONTE": null, "teste200(2)_V00115CARROPIPA": null, "teste200(2)_V00116CHUVA": null, "teste200(2)_V00117RIOS,AÇUDES,CORREGOS": null, "teste200(2)_V00118OUTRAFORMA": null }, "geometry": { "type": "MultiPolygon", "coordinates": [ [ [ [ -40.969136099999957, -3.834301699999969 ], [ -40.970271899999943, -3.832693399999926 ], [ -40.973130399999945, -3.832448199999931 ], [ -40.973510199999964, -3.834568099999956 ], [ -40.975311199999965, -3.829037799999981 ], [ -40.976757199999952, -3.823943299999939 ], [ -40.977682, -3.821126199999981 ], [ -40.979465599999969, -3.816256099999976 ], [ -40.98032429999995, -3.814159099999927 ], [ -40.981251499999985, -3.812287099999935 ], [ -40.982544, -3.808905699999968 ], [ -40.982978299999957, -3.807058099999949 ], [ -40.983437, -3.805914299999927 ], [ -40.982268499999975, -3.806017 ], [ -40.97592949999995, -3.805486299999927 ], [ -40.97492879999993, -3.805402499999957 ], [ -40.966960399999948, -3.803988 ], [ -40.962527899999941, -3.801391799999976 ], [ -40.957684299999983, -3.808904899999959 ], [ -40.958640099999968, -3.810005799999942 ], [ -40.958076299999959, -3.81051169999995 ], [ -40.958198799999934, -3.810867499999972 ], [ -40.958239499999934, -3.81088879999993 ], [ -40.958675599999935, -3.811084699999981 ], [ -40.959069299999953, -3.811172799999952 ], [ -40.959087599999975, -3.811176899999964 ], [ -40.959223899999984, -3.811422099999959 ], [ -40.959477799999945, -3.811421199999927 ], [ -40.959803, -3.811555599999963 ], [ -40.95995, -3.811889299999962 ], [ -40.959940399999937, -3.81229449999995 ], [ -40.960233199999948, -3.812672 ], [ -40.959877799999958, -3.813057799999967 ], [ -40.959862199999975, -3.813454799999931 ], [ -40.959908399999961, -3.813928499999975 ], [ -40.960357399999964, -3.814501599999971 ], [ -40.960840299999973, -3.814742799999976 ], [ -40.961644399999955, -3.814910099999963 ], [ -40.961988199999951, -3.815226199999927 ], [ -40.962055299999975, -3.815483399999948 ], [ -40.961602499999969, -3.815875 ], [ -40.961705, -3.816431499999965 ], [ -40.961707299999944, -3.817426699999942 ], [ -40.961852599999929, -3.818478899999945 ], [ -40.961765799999966, -3.818974199999957 ], [ -40.962007599999936, -3.819655599999976 ], [ -40.962062399999979, -3.820935599999927 ], [ -40.961698599999977, -3.822010299999931 ], [ -40.961436699999979, -3.82359329999997 ], [ -40.961846299999934, -3.824096 ], [ -40.962294399999962, -3.824257599999953 ], [ -40.962514099999964, -3.824534599999936 ], [ -40.962695899999972, -3.824859599999968 ], [ -40.962819899999943, -3.825528899999938 ], [ -40.962856899999963, -3.826629899999944 ], [ -40.963148799999942, -3.827126399999941 ], [ -40.964016499999957, -3.827507199999957 ], [ -40.965742599999942, -3.82886179999997 ], [ -40.966847899999948, -3.830436799999973 ], [ -40.966676399999983, -3.830966199999978 ], [ -40.966855499999951, -3.831173899999953 ], [ -40.966827799999976, -3.831568699999934 ], [ -40.967093699999964, -3.832242699999938 ], [ -40.967251699999963, -3.832586899999967 ], [ -40.967838699999959, -3.833066299999928 ], [ -40.967836599999941, -3.833333299999936 ], [ -40.96783309999995, -3.833776899999975 ], [ -40.967820699999947, -3.834573499999976 ], [ -40.967485599999975, -3.835326 ], [ -40.967401199999983, -3.83570229999998 ], [ -40.967196099999967, -3.836419399999954 ], [ -40.967015599999968, -3.83748079999998 ], [ -40.96715759999995, -3.838292599999932 ], [ -40.967376499999943, -3.839110799999958 ], [ -40.967960399999981, -3.838873 ], [ -40.969709499999965, -3.839849899999933 ], [ -40.971055699999965, -3.840092099999936 ], [ -40.97156549999994, -3.839349299999981 ], [ -40.970639899999981, -3.83989 ], [ -40.970016899999962, -3.83929379999995 ], [ -40.969720799999948, -3.838874199999964 ], [ -40.969375199999945, -3.838059699999974 ], [ -40.969211, -3.837777399999936 ], [ -40.968999599999961, -3.837168499999962 ], [ -40.969126499999959, -3.836652599999979 ], [ -40.969041899999979, -3.835967699999969 ], [ -40.968889699999977, -3.83545179999993 ], [ -40.968636, -3.835045899999955 ], [ -40.96866979999993, -3.834301699999969 ], [ -40.969136099999957, -3.834301699999969 ] ] ] ] } },
{ "type": "Feature", "properties": { "CD_SETOR": "231340115000006", "SITUACAO": "Rural", "CD_SIT": "8", "CD_TIPO": "0", "AREA_KM2": 8.3953985321887323, "CD_REGIAO": "2", "NM_REGIAO": "Nordeste", "CD_UF": "23", "NM_UF": "Ceará", "CD_MUN": "2313401", "NM_MUN": "Tianguá", "CD_DIST": "231340115", "NM_DIST": "Caruataí", "CD_SUBDIST": "23134011500", "NM_SUBDIST": null, "CD_BAIRRO": null, "NM_BAIRRO": null, "CD_NU": null, "NM_NU": null, "CD_FCU": null, "NM_FCU": null, "CD_AGLOM": null, "NM_AGLOM": null, "CD_RGINT": "2306", "NM_RGINT": "Sobral", "CD_RGI": "230016", "NM_RGI": "São Benedito - Ipu - Guaraciaba do Norte - Tianguá", "CD_CONCURB": null, "NM_CONCURB": null, "Areapopulacional_CD_SIT": null, "Areapopulacional_CD_TIPO": null, "Areapopulacional_v0001": null, "Areapopulacional_v0002": null, "Areapopulacional_v0003": null, "Areapopulacional_v0004": null, "Areapopulacional_v0005": null, "Areapopulacional_v0006": null, "Areapopulacional_v0007": null, "Areapopulacional_AREA_DOMICILIADA_KM2": null, "Areapopulacional_AREA_KM2": null, "Areapopulacional_DENSIDADE_DEMOGRAFICA_DOMICILIADA_HAB_KM2": null, "Areapopulacional_DENSIDADE_DEMOGRAFICA_SETOR_HAB_KM2": null, "teste200(2)_fid": null, "teste200(2)_CD_SIT": null, "teste200(2)_CD_TIPO": null, "teste200(2)_v0001": null, "teste200(2)_v0002": null, "teste200(2)_v0003": null, "teste200(2)_v0004": null, "teste200(2)_v0005": null, "teste200(2)_v0006": null, "teste200(2)_v0007": null, "teste200(2)_AREA_DOMICILIADA_KM2": null, "teste200(2)_AREA_KM2": null, "teste200(2)_DENSIDADE_DEMOGRAFICA_DOMICILIADA_HAB_KM2": null, "teste200(2)_DENSIDADE_DEMOGRAFICA_SETOR_HAB_KM2": null, "teste200(2)_V00111SISTEMAGERALÁGUA": null, "teste200(2)_V00112POÇO": null, "teste200(2)_V00113POÇORASO": null, "teste200(2)_V00114NASCENTE,FONTE": null, "teste200(2)_V00115CARROPIPA": null, "teste200(2)_V00116CHUVA": null, "teste200(2)_V00117RIOS,AÇUDES,CORREGOS": null, "teste200(2)_V00118OUTRAFORMA": null }, "geometry": { "type": "MultiPolygon", "coordinates": [ [ [ [ -41.022960099999978, -3.844698899999969 ], [ -41.02484359999994, -3.845605499999976 ], [ -41.025386499999968, -3.845708199999933 ], [ -41.026005, -3.845419699999979 ], [ -41.026625499999966, -3.845968399999947 ], [ -41.02715029999996, -3.846302099999946 ], [ -41.027984199999935, -3.84646749999996 ], [ -41.029721799999948, -3.846068699999933 ], [ -41.030587, -3.846257099999946 ], [ -41.031174699999951, -3.846489599999927 ], [ -41.031786099999977, -3.847845899999925 ], [ -41.032214299999964, -3.848284599999943 ], [ -41.033002299999964, -3.84852479999995 ], [ -41.033526, -3.848391899999967 ], [ -41.034467, -3.848509299999932 ], [ -41.034766899999966, -3.849453499999925 ], [ -41.035328099999958, -3.849605099999962 ], [ -41.035838699999942, -3.849486799999966 ], [ -41.036361599999964, -3.849055 ], [ -41.037648499999932, -3.848608199999944 ], [ -41.039145899999937, -3.84737709999996 ], [ -41.039519199999972, -3.84672009999997 ], [ -41.040115, -3.846376199999952 ], [ -41.040933199999984, -3.847352699999931 ], [ -41.041501499999981, -3.847236499999951 ], [ -41.042922799999985, -3.845949599999926 ], [ -41.044538399999965, -3.845151 ], [ -41.04727459999998, -3.817524299999945 ], [ -41.04697479999993, -3.81736989999996 ], [ -41.030128599999955, -3.808696 ], [ -41.023011399999973, -3.844441199999949 ], [ -41.022960099999978, -3.844698899999969 ] ] ] ] } },
{ "type": "Feature", "properties": { "CD_SETOR": "231340115000008", "SITUACAO": "Rural", "CD_SIT": "5", "CD_TIPO": "0", "AREA_KM2": 1.0242528958835959, "CD_REGIAO": "2", "NM_REGIAO": "Nordeste", "CD_UF": "23", "NM_UF": "Ceará", "CD_MUN": "2313401", "NM_MUN": "Tianguá", "CD_DIST": "231340115", "NM_DIST": "Caruataí", "CD_SUBDIST": "23134011500", "NM_SUBDIST": null, "CD_BAIRRO": null, "NM_BAIRRO": null, "CD_NU": null, "NM_NU": null, "CD_FCU": null, "NM_FCU": null, "CD_AGLOM": "231340100013", "NM_AGLOM": "Fim do Córrego", "CD_RGINT": "2306", "NM_RGINT": "Sobral", "CD_RGI": "230016", "NM_RGI": "São Benedito - Ipu - Guaraciaba do Norte - Tianguá", "CD_CONCURB": null, "NM_CONCURB": null, "Areapopulacional_CD_SIT": null, "Areapopulacional_CD_TIPO": null, "Areapopulacional_v0001": null, "Areapopulacional_v0002": null, "Areapopulacional_v0003": null, "Areapopulacional_v0004": null, "Areapopulacional_v0005": null, "Areapopulacional_v0006": null, "Areapopulacional_v0007": null, "Areapopulacional_AREA_DOMICILIADA_KM2": null, "Areapopulacional_AREA_KM2": null, "Areapopulacional_DENSIDADE_DEMOGRAFICA_DOMICILIADA_HAB_KM2": null, "Areapopulacional_DENSIDADE_DEMOGRAFICA_SETOR_HAB_KM2": null, "teste200(2)_fid": null, "teste200(2)_CD_SIT": null, "teste200(2)_CD_TIPO": null, "teste200(2)_v0001": null, "teste200(2)_v0002": null, "teste200(2)_v0003": null, "teste200(2)_v0004": null, "teste200(2)_v0005": null, "teste200(2)_v0006": null, "teste200(2)_v0007": null, "teste200(2)_AREA_DOMICILIADA_KM2": null, "teste200(2)_AREA_KM2": null, "teste200(2)_DENSIDADE_DEMOGRAFICA_DOMICILIADA_HAB_KM2": null, "teste200(2)_DENSIDADE_DEMOGRAFICA_SETOR_HAB_KM2": null, "teste200(2)_V00111SISTEMAGERALÁGUA": null, "teste200(2)_V00112POÇO": null, "teste200(2)_V00113POÇORASO": null, "teste200(2)_V00114NASCENTE,FONTE": null, "teste200(2)_V00115CARROPIPA": null, "teste200(2)_V00116CHUVA": null, "teste200(2)_V00117RIOS,AÇUDES,CORREGOS": null, "teste200(2)_V00118OUTRAFORMA": null }, "geometry": { "type": "MultiPolygon", "coordinates": [ [ [ [ -40.993569099999945, -3.835560799999939 ], [ -40.993286099999978, -3.837710399999935 ], [ -40.993858099999954, -3.837854899999968 ], [ -40.994111, -3.837830799999949 ], [ -40.994640899999979, -3.837662199999954 ], [ -40.994809499999974, -3.838065599999936 ], [ -40.995194799999979, -3.838390799999956 ], [ -40.995206899999971, -3.83858349999997 ], [ -41.011229299999968, -3.837626099999966 ], [ -41.011988, -3.832303299999978 ], [ -41.002998299999945, -3.832923499999936 ], [ -40.993569099999945, -3.835560799999939 ] ] ] ] } },
{ "type": "Feature", "properties": { "CD_SETOR": "231340115000009", "SITUACAO": "Rural", "CD_SIT": "8", "CD_TIPO": "0", "AREA_KM2": 22.351324030012385, "CD_REGIAO": "2", "NM_REGIAO": "Nordeste", "CD_UF": "23", "NM_UF": "Ceará", "CD_MUN": "2313401", "NM_MUN": "Tianguá", "CD_DIST": "231340115", "NM_DIST": "Caruataí", "CD_SUBDIST": "23134011500", "NM_SUBDIST": null, "CD_BAIRRO": null, "NM_BAIRRO": null, "CD_NU": null, "NM_NU": null, "CD_FCU": null, "NM_FCU": null, "CD_AGLOM": null, "NM_AGLOM": null, "CD_RGINT": "2306", "NM_RGINT": "Sobral", "CD_RGI": "230016", "NM_RGI": "São Benedito - Ipu - Guaraciaba do Norte - Tianguá", "CD_CONCURB": null, "NM_CONCURB": null, "Areapopulacional_CD_SIT": null, "Areapopulacional_CD_TIPO": null, "Areapopulacional_v0001": null, "Areapopulacional_v0002": null, "Areapopulacional_v0003": null, "Areapopulacional_v0004": null, "Areapopulacional_v0005": null, "Areapopulacional_v0006": null, "Areapopulacional_v0007": null, "Areapopulacional_AREA_DOMICILIADA_KM2": null, "Areapopulacional_AREA_KM2": null, "Areapopulacional_DENSIDADE_DEMOGRAFICA_DOMICILIADA_HAB_KM2": null, "Areapopulacional_DENSIDADE_DEMOGRAFICA_SETOR_HAB_KM2": null, "teste200(2)_fid": null, "teste200(2)_CD_SIT": null, "teste200(2)_CD_TIPO": null, "teste200(2)_v0001": null, "teste200(2)_v0002": null, "teste200(2)_v0003": null, "teste200(2)_v0004": null, "teste200(2)_v0005": null, "teste200(2)_v0006": null, "teste200(2)_v0007": null, "teste200(2)_AREA_DOMICILIADA_KM2": null, "teste200(2)_AREA_KM2": null, "teste200(2)_DENSIDADE_DEMOGRAFICA_DOMICILIADA_HAB_KM2": null, "teste200(2)_DENSIDADE_DEMOGRAFICA_SETOR_HAB_KM2": null, "teste200(2)_V00111SISTEMAGERALÁGUA": null, "teste200(2)_V00112POÇO": null, "teste200(2)_V00113POÇORASO": null, "teste200(2)_V00114NASCENTE,FONTE": null, "teste200(2)_V00115CARROPIPA": null, "teste200(2)_V00116CHUVA": null, "teste200(2)_V00117RIOS,AÇUDES,CORREGOS": null, "teste200(2)_V00118OUTRAFORMA": null }, "geometry": { "type": "MultiPolygon", "coordinates": [ [ [ [ -40.983437, -3.805914299999927 ], [ -40.982978299999957, -3.807058099999949 ], [ -40.982544, -3.808905699999968 ], [ -40.981251499999985, -3.812287099999935 ], [ -40.98032429999995, -3.814159099999927 ], [ -40.979465599999969, -3.816256099999976 ], [ -40.977682, -3.821126199999981 ], [ -40.976757199999952, -3.823943299999939 ], [ -40.975311199999965, -3.829037799999981 ], [ -40.973510199999964, -3.834568099999956 ], [ -40.973275499999943, -3.835288899999966 ], [ -40.973266799999976, -3.835306899999978 ], [ -40.97338579999996, -3.838035099999956 ], [ -40.97156549999994, -3.839349299999981 ], [ -40.971055699999965, -3.840092099999936 ], [ -40.971993299999951, -3.840369899999928 ], [ -40.972110199999975, -3.840404499999977 ], [ -40.972360699999967, -3.841048399999977 ], [ -40.972470499999929, -3.841162299999951 ], [ -40.972605499999929, -3.841302299999938 ], [ -40.973136599999975, -3.841934099999946 ], [ -40.973553699999968, -3.842026499999974 ], [ -40.974042, -3.842049299999928 ], [ -40.974172199999941, -3.841862499999934 ], [ -40.973803099999941, -3.841738799999973 ], [ -40.973719899999935, -3.841400699999951 ], [ -40.974158399999965, -3.841473 ], [ -40.974148299999968, -3.841014399999949 ], [ -40.974870299999964, -3.841232899999966 ], [ -40.975527599999964, -3.840869099999964 ], [ -40.975536099999943, -3.84086439999993 ], [ -40.975548699999933, -3.840862499999957 ], [ -40.976547499999981, -3.840714199999979 ], [ -40.976622, -3.840458199999944 ], [ -40.978201099999978, -3.840106 ], [ -40.980199599999935, -3.839413299999933 ], [ -40.981102, -3.838649799999928 ], [ -40.98254559999998, -3.83893089999998 ], [ -40.982536799999934, -3.839096 ], [ -40.983441299999981, -3.839249799999948 ], [ -40.984262599999965, -3.838972699999943 ], [ -40.985885099999962, -3.839512199999945 ], [ -40.986112299999945, -3.839587699999925 ], [ -40.988874399999929, -3.840920299999937 ], [ -40.990497199999936, -3.840929099999926 ], [ -40.992503399999975, -3.841034099999945 ], [ -40.993374899999935, -3.840905899999939 ], [ -40.993513099999973, -3.840951 ], [ -40.99435479999994, -3.84122549999995 ], [ -40.997495, -3.840631 ], [ -40.999978499999941, -3.840380599999946 ], [ -41.002014899999949, -3.840690199999926 ], [ -41.00215419999995, -3.840711399999975 ], [ -41.003790699999968, -3.840738499999929 ], [ -41.005590299999938, -3.84017149999994 ], [ -41.006589599999984, -3.839973599999951 ], [ -41.008719599999949, -3.840836599999932 ], [ -41.008896, -3.841549 ], [ -41.009406699999943, -3.84180159999994 ], [ -41.00995759999995, -3.842300099999932 ], [ -41.010662499999967, -3.842459099999928 ], [ -41.011102599999958, -3.84306289999995 ], [ -41.011577599999953, -3.843252 ], [ -41.01221019999997, -3.843156 ], [ -41.012873899999931, -3.84327049999996 ], [ -41.013489799999945, -3.843913099999952 ], [ -41.01404679999996, -3.844067299999949 ], [ -41.014634899999976, -3.84364839999995 ], [ -41.014740699999948, -3.84204589999996 ], [ -41.015053199999954, -3.84186939999995 ], [ -41.015616799999975, -3.841786899999931 ], [ -41.015777699999944, -3.842887299999973 ], [ -41.016473599999983, -3.843656199999941 ], [ -41.017216799999971, -3.843837899999926 ], [ -41.018044299999985, -3.843628099999933 ], [ -41.018369299999961, -3.844253699999967 ], [ -41.018835099999933, -3.84459419999996 ], [ -41.019811599999969, -3.84433329999996 ], [ -41.020424399999968, -3.844242399999928 ], [ -41.021734799999933, -3.844047899999964 ], [ -41.022960099999978, -3.844698899999969 ], [ -41.023011399999973, -3.844441199999949 ], [ -41.030128599999955, -3.808696 ], [ -41.025171199999932, -3.806143399999939 ], [ -41.008883799999978, -3.797758199999976 ], [ -41.007204899999977, -3.798563199999933 ], [ -41.001587399999949, -3.800812699999938 ], [ -40.994826699999976, -3.803865899999948 ], [ -40.988977299999931, -3.80542829999996 ], [ -40.983437, -3.805914299999927 ] ], [ [ -40.993569099999945, -3.835560799999939 ], [ -41.002998299999945, -3.832923499999936 ], [ -41.011988, -3.832303299999978 ], [ -41.011229299999968, -3.837626099999966 ], [ -40.995206899999971, -3.83858349999997 ], [ -40.995194799999979, -3.838390799999956 ], [ -40.994809499999974, -3.838065599999936 ], [ -40.994640899999979, -3.837662199999954 ], [ -40.994111, -3.837830799999949 ], [ -40.993858099999954, -3.837854899999968 ], [ -40.993286099999978, -3.837710399999935 ], [ -40.993569099999945, -3.835560799999939 ] ] ] ] } },
{ "type": "Feature", "properties": { "CD_SETOR": "231340115000010", "SITUACAO": null, "CD_SIT": "9", "CD_TIPO": "0", "AREA_KM2": 0.72164300470137799, "CD_REGIAO": "2", "NM_REGIAO": "Nordeste", "CD_UF": "23", "NM_UF": "Ceará", "CD_MUN": "2313401", "NM_MUN": "Tianguá", "CD_DIST": "231340115", "NM_DIST": "Caruataí", "CD_SUBDIST": "23134011500", "NM_SUBDIST": null, "CD_BAIRRO": null, "NM_BAIRRO": null, "CD_NU": null, "NM_NU": null, "CD_FCU": null, "NM_FCU": null, "CD_AGLOM": null, "NM_AGLOM": null, "CD_RGINT": "2306", "NM_RGINT": "Sobral", "CD_RGI": "230016", "NM_RGI": "São Benedito - Ipu - Guaraciaba do Norte - Tianguá", "CD_CONCURB": null, "NM_CONCURB": null, "Areapopulacional_CD_SIT": null, "Areapopulacional_CD_TIPO": null, "Areapopulacional_v0001": null, "Areapopulacional_v0002": null, "Areapopulacional_v0003": null, "Areapopulacional_v0004": null, "Areapopulacional_v0005": null, "Areapopulacional_v0006": null, "Areapopulacional_v0007": null, "Areapopulacional_AREA_DOMICILIADA_KM2": null, "Areapopulacional_AREA_KM2": null, "Areapopulacional_DENSIDADE_DEMOGRAFICA_DOMICILIADA_HAB_KM2": null, "Areapopulacional_DENSIDADE_DEMOGRAFICA_SETOR_HAB_KM2": null, "teste200(2)_fid": null, "teste200(2)_CD_SIT": null, "teste200(2)_CD_TIPO": null, "teste200(2)_v0001": null, "teste200(2)_v0002": null, "teste200(2)_v0003": null, "teste200(2)_v0004": null, "teste200(2)_v0005": null, "teste200(2)_v0006": null, "teste200(2)_v0007": null, "teste200(2)_AREA_DOMICILIADA_KM2": null, "teste200(2)_AREA_KM2": null, "teste200(2)_DENSIDADE_DEMOGRAFICA_DOMICILIADA_HAB_KM2": null, "teste200(2)_DENSIDADE_DEMOGRAFICA_SETOR_HAB_KM2": null, "teste200(2)_V00111SISTEMAGERALÁGUA": null, "teste200(2)_V00112POÇO": null, "teste200(2)_V00113POÇORASO": null, "teste200(2)_V00114NASCENTE,FONTE": null, "teste200(2)_V00115CARROPIPA": null, "teste200(2)_V00116CHUVA": null, "teste200(2)_V00117RIOS,AÇUDES,CORREGOS": null, "teste200(2)_V00118OUTRAFORMA": null }, "geometry": { "type": "MultiPolygon", "coordinates": [ [ [ [ -41.082182199999977, -3.835501299999976 ], [ -41.081868699999973, -3.835635 ], [ -41.081335399999944, -3.835818499999959 ], [ -41.080802099999971, -3.835809799999936 ], [ -41.080478699999958, -3.83569609999995 ], [ -41.08011149999993, -3.835451399999954 ], [ -41.080032799999969, -3.835014299999955 ], [ -41.07997169999993, -3.834725799999944 ], [ -41.07979679999994, -3.834559699999943 ], [ -41.079473399999983, -3.834507199999962 ], [ -41.079298499999936, -3.834419799999978 ], [ -41.078983799999946, -3.834454799999946 ], [ -41.078983799999946, -3.834752 ], [ -41.078546699999947, -3.834769499999936 ], [ -41.078371899999979, -3.834620899999948 ], [ -41.07824949999997, -3.834647099999927 ], [ -41.07815329999994, -3.834498499999938 ], [ -41.077969699999983, -3.834516 ], [ -41.077768699999979, -3.834804499999962 ], [ -41.077375299999972, -3.834743299999957 ], [ -41.077113, -3.834839399999964 ], [ -41.076964399999952, -3.834804499999962 ], [ -41.076632199999949, -3.834996799999942 ], [ -41.076230099999975, -3.834961799999974 ], [ -41.075749299999984, -3.835276499999964 ], [ -41.075355899999977, -3.835329 ], [ -41.074875, -3.835197899999969 ], [ -41.074333, -3.835224099999948 ], [ -41.073948399999949, -3.835390199999949 ], [ -41.073450099999945, -3.835626199999979 ], [ -41.073284, -3.835608699999966 ], [ -41.07256719999998, -3.835923399999956 ], [ -41.072217499999965, -3.835643699999935 ], [ -41.070547699999963, -3.834699599999965 ], [ -41.070180599999958, -3.836063299999978 ], [ -41.069883399999981, -3.836456699999928 ], [ -41.069839599999966, -3.836806399999944 ], [ -41.070145599999933, -3.836955 ], [ -41.069647299999986, -3.837103599999978 ], [ -41.069524899999976, -3.837287199999935 ], [ -41.069603599999937, -3.837575699999945 ], [ -41.069559899999945, -3.837733 ], [ -41.069691, -3.837907899999948 ], [ -41.069769699999938, -3.83804779999997 ], [ -41.069524899999976, -3.838056499999936 ], [ -41.069271399999934, -3.838161399999933 ], [ -41.069201499999963, -3.83806519999996 ], [ -41.069157799999971, -3.837846699999943 ], [ -41.068711899999983, -3.837794199999962 ], [ -41.068510899999978, -3.837907899999948 ], [ -41.068572, -3.83804779999997 ], [ -41.068677, -3.838108899999952 ], [ -41.068510899999978, -3.838187599999969 ], [ -41.068353499999944, -3.83826629999993 ], [ -41.068196099999966, -3.838397399999963 ], [ -41.067925099999968, -3.838484899999969 ], [ -41.067863899999963, -3.838572299999953 ], [ -41.067767799999956, -3.838922 ], [ -41.067689099999939, -3.839166699999964 ], [ -41.067829, -3.839297899999963 ], [ -41.067794, -3.839429 ], [ -41.06763669999998, -3.839341599999955 ], [ -41.067444299999977, -3.839219199999945 ], [ -41.067252, -3.839385299999947 ], [ -41.067077199999972, -3.839464 ], [ -41.066989699999965, -3.839289099999974 ], [ -41.066727499999956, -3.839315299999953 ], [ -41.066543899999942, -3.839472699999931 ], [ -41.066421499999933, -3.839682499999981 ], [ -41.065905699999973, -3.84011959999998 ], [ -41.065250099999957, -3.840373099999965 ], [ -41.064839199999938, -3.840338199999962 ], [ -41.064690599999949, -3.839927299999943 ], [ -41.064340899999934, -3.839638799999932 ], [ -41.063632799999937, -3.839752499999975 ], [ -41.06303829999996, -3.840163299999972 ], [ -41.06272359999997, -3.840277 ], [ -41.061919399999965, -3.840093399999944 ], [ -41.058154599999966, -3.839804699999945 ], [ -41.066159699999957, -3.841124899999954 ], [ -41.069693399999949, -3.839932199999964 ], [ -41.075761599999964, -3.838003799999967 ], [ -41.084169, -3.83829419999995 ], [ -41.086262899999952, -3.83871709999994 ], [ -41.086896799999977, -3.837929199999962 ], [ -41.082182199999977, -3.835501299999976 ] ] ] ] } },
{ "type": "Feature", "properties": { "CD_SETOR": "231340115000011", "SITUACAO": "Rural", "CD_SIT": "8", "CD_TIPO": "0", "AREA_KM2": 5.6338899054135902, "CD_REGIAO": "2", "NM_REGIAO": "Nordeste", "CD_UF": "23", "NM_UF": "Ceará", "CD_MUN": "2313401", "NM_MUN": "Tianguá", "CD_DIST": "231340115", "NM_DIST": "Caruataí", "CD_SUBDIST": "23134011500", "NM_SUBDIST": null, "CD_BAIRRO": null, "NM_BAIRRO": null, "CD_NU": null, "NM_NU": null, "CD_FCU": null, "NM_FCU": null, "CD_AGLOM": null, "NM_AGLOM": null, "CD_RGINT": "2306", "NM_RGINT": "Sobral", "CD_RGI": "230016", "NM_RGI": "São Benedito - Ipu - Guaraciaba do Norte - Tianguá", "CD_CONCURB": null, "NM_CONCURB": null, "Areapopulacional_CD_SIT": null, "Areapopulacional_CD_TIPO": null, "Areapopulacional_v0001": null, "Areapopulacional_v0002": null, "Areapopulacional_v0003": null, "Areapopulacional_v0004": null, "Areapopulacional_v0005": null, "Areapopulacional_v0006": null, "Areapopulacional_v0007": null, "Areapopulacional_AREA_DOMICILIADA_KM2": null, "Areapopulacional_AREA_KM2": null, "Areapopulacional_DENSIDADE_DEMOGRAFICA_DOMICILIADA_HAB_KM2": null, "Areapopulacional_DENSIDADE_DEMOGRAFICA_SETOR_HAB_KM2": null, "teste200(2)_fid": null, "teste200(2)_CD_SIT": null, "teste200(2)_CD_TIPO": null, "teste200(2)_v0001": null, "teste200(2)_v0002": null, "teste200(2)_v0003": null, "teste200(2)_v0004": null, "teste200(2)_v0005": null, "teste200(2)_v0006": null, "teste200(2)_v0007": null, "teste200(2)_AREA_DOMICILIADA_KM2": null, "teste200(2)_AREA_KM2": null, "teste200(2)_DENSIDADE_DEMOGRAFICA_DOMICILIADA_HAB_KM2": null, "teste200(2)_DENSIDADE_DEMOGRAFICA_SETOR_HAB_KM2": null, "teste200(2)_V00111SISTEMAGERALÁGUA": null, "teste200(2)_V00112POÇO": null, "teste200(2)_V00113POÇORASO": null, "teste200(2)_V00114NASCENTE,FONTE": null, "teste200(2)_V00115CARROPIPA": null, "teste200(2)_V00116CHUVA": null, "teste200(2)_V00117RIOS,AÇUDES,CORREGOS": null, "teste200(2)_V00118OUTRAFORMA": null }, "geometry": { "type": "MultiPolygon", "coordinates": [ [ [ [ -41.058154599999966, -3.839804699999945 ], [ -41.061919399999965, -3.840093399999944 ], [ -41.06272359999997, -3.840277 ], [ -41.06303829999996, -3.840163299999972 ], [ -41.063632799999937, -3.839752499999975 ], [ -41.064340899999934, -3.839638799999932 ], [ -41.064690599999949, -3.839927299999943 ], [ -41.064839199999938, -3.840338199999962 ], [ -41.065250099999957, -3.840373099999965 ], [ -41.065905699999973, -3.84011959999998 ], [ -41.066421499999933, -3.839682499999981 ], [ -41.066543899999942, -3.839472699999931 ], [ -41.066727499999956, -3.839315299999953 ], [ -41.066989699999965, -3.839289099999974 ], [ -41.067077199999972, -3.839464 ], [ -41.067252, -3.839385299999947 ], [ -41.067444299999977, -3.839219199999945 ], [ -41.06763669999998, -3.839341599999955 ], [ -41.067794, -3.839429 ], [ -41.067829, -3.839297899999963 ], [ -41.067689099999939, -3.839166699999964 ], [ -41.067767799999956, -3.838922 ], [ -41.067863899999963, -3.838572299999953 ], [ -41.067925099999968, -3.838484899999969 ], [ -41.068196099999966, -3.838397399999963 ], [ -41.068353499999944, -3.83826629999993 ], [ -41.068510899999978, -3.838187599999969 ], [ -41.068677, -3.838108899999952 ], [ -41.068572, -3.83804779999997 ], [ -41.068510899999978, -3.837907899999948 ], [ -41.068711899999983, -3.837794199999962 ], [ -41.069157799999971, -3.837846699999943 ], [ -41.069201499999963, -3.83806519999996 ], [ -41.069271399999934, -3.838161399999933 ], [ -41.069524899999976, -3.838056499999936 ], [ -41.069769699999938, -3.83804779999997 ], [ -41.069691, -3.837907899999948 ], [ -41.069559899999945, -3.837733 ], [ -41.069603599999937, -3.837575699999945 ], [ -41.069524899999976, -3.837287199999935 ], [ -41.069647299999986, -3.837103599999978 ], [ -41.070145599999933, -3.836955 ], [ -41.069839599999966, -3.836806399999944 ], [ -41.069883399999981, -3.836456699999928 ], [ -41.070180599999958, -3.836063299999978 ], [ -41.070547699999963, -3.834699599999965 ], [ -41.072217499999965, -3.835643699999935 ], [ -41.07256719999998, -3.835923399999956 ], [ -41.073284, -3.835608699999966 ], [ -41.073450099999945, -3.835626199999979 ], [ -41.073948399999949, -3.835390199999949 ], [ -41.074333, -3.835224099999948 ], [ -41.074875, -3.835197899999969 ], [ -41.075355899999977, -3.835329 ], [ -41.075749299999984, -3.835276499999964 ], [ -41.076230099999975, -3.834961799999974 ], [ -41.076632199999949, -3.834996799999942 ], [ -41.076964399999952, -3.834804499999962 ], [ -41.077113, -3.834839399999964 ], [ -41.077375299999972, -3.834743299999957 ], [ -41.077768699999979, -3.834804499999962 ], [ -41.077969699999983, -3.834516 ], [ -41.07815329999994, -3.834498499999938 ], [ -41.07824949999997, -3.834647099999927 ], [ -41.078371899999979, -3.834620899999948 ], [ -41.078546699999947, -3.834769499999936 ], [ -41.078983799999946, -3.834752 ], [ -41.078983799999946, -3.834454799999946 ], [ -41.079298499999936, -3.834419799999978 ], [ -41.079473399999983, -3.834507199999962 ], [ -41.07979679999994, -3.834559699999943 ], [ -41.07997169999993, -3.834725799999944 ], [ -41.080032799999969, -3.835014299999955 ], [ -41.08011149999993, -3.835451399999954 ], [ -41.080478699999958, -3.83569609999995 ], [ -41.080802099999971, -3.835809799999936 ], [ -41.081335399999944, -3.835818499999959 ], [ -41.081868699999973, -3.835635 ], [ -41.082182199999977, -3.835501299999976 ], [ -41.04727459999998, -3.817524299999945 ], [ -41.044538399999965, -3.845151 ], [ -41.04490119999997, -3.844982699999946 ], [ -41.046360499999935, -3.84418009999996 ], [ -41.046815799999933, -3.843647499999975 ], [ -41.048006699999974, -3.843716399999948 ], [ -41.048797099999945, -3.843068599999981 ], [ -41.049575199999936, -3.842325199999948 ], [ -41.050170499999979, -3.841985699999952 ], [ -41.050717499999962, -3.841951699999925 ], [ -41.051583799999946, -3.842308499999945 ], [ -41.053075799999931, -3.841603599999928 ], [ -41.053775599999938, -3.84103529999993 ], [ -41.054675299999985, -3.839955099999941 ], [ -41.055500099999961, -3.840181899999948 ], [ -41.056588899999952, -3.839959799999974 ], [ -41.058154599999966, -3.839804699999945 ] ] ] ] } },
{ "type": "Feature", "properties": { "CD_SETOR": "231340115000012", "SITUACAO": "Rural", "CD_SIT": "8", "CD_TIPO": "0", "AREA_KM2": 6.4516222300603561, "CD_REGIAO": "2", "NM_REGIAO": "Nordeste", "CD_UF": "23", "NM_UF": "Ceará", "CD_MUN": "2313401", "NM_MUN": "Tianguá", "CD_DIST": "231340115", "NM_DIST": "Caruataí", "CD_SUBDIST": "23134011500", "NM_SUBDIST": null, "CD_BAIRRO": null, "NM_BAIRRO": null, "CD_NU": null, "NM_NU": null, "CD_FCU": null, "NM_FCU": null, "CD_AGLOM": null, "NM_AGLOM": null, "CD_RGINT": "2306", "NM_RGINT": "Sobral", "CD_RGI": "230016", "NM_RGI": "São Benedito - Ipu - Guaraciaba do Norte - Tianguá", "CD_CONCURB": null, "NM_CONCURB": null, "Areapopulacional_CD_SIT": null, "Areapopulacional_CD_TIPO": null, "Areapopulacional_v0001": null, "Areapopulacional_v0002": null, "Areapopulacional_v0003": null, "Areapopulacional_v0004": null, "Areapopulacional_v0005": null, "Areapopulacional_v0006": null, "Areapopulacional_v0007": null, "Areapopulacional_AREA_DOMICILIADA_KM2": null, "Areapopulacional_AREA_KM2": null, "Areapopulacional_DENSIDADE_DEMOGRAFICA_DOMICILIADA_HAB_KM2": null, "Areapopulacional_DENSIDADE_DEMOGRAFICA_SETOR_HAB_KM2": null, "teste200(2)_fid": null, "teste200(2)_CD_SIT": null, "teste200(2)_CD_TIPO": null, "teste200(2)_v0001": null, "teste200(2)_v0002": null, "teste200(2)_v0003": null, "teste200(2)_v0004": null, "teste200(2)_v0005": null, "teste200(2)_v0006": null, "teste200(2)_v0007": null, "teste200(2)_AREA_DOMICILIADA_KM2": null, "teste200(2)_AREA_KM2": null, "teste200(2)_DENSIDADE_DEMOGRAFICA_DOMICILIADA_HAB_KM2": null, "teste200(2)_DENSIDADE_DEMOGRAFICA_SETOR_HAB_KM2": null, "teste200(2)_V00111SISTEMAGERALÁGUA": null, "teste200(2)_V00112POÇO": null, "teste200(2)_V00113POÇORASO": null, "teste200(2)_V00114NASCENTE,FONTE": null, "teste200(2)_V00115CARROPIPA": null, "teste200(2)_V00116CHUVA": null, "teste200(2)_V00117RIOS,AÇUDES,CORREGOS": null, "teste200(2)_V00118OUTRAFORMA": null }, "geometry": { "type": "MultiPolygon", "coordinates": [ [ [ [ -40.923301799999933, -3.787940699999979 ], [ -40.923888899999952, -3.788456099999962 ], [ -40.924703199999954, -3.789186699999959 ], [ -40.92553769999995, -3.789603499999942 ], [ -40.92620549999998, -3.790032599999961 ], [ -40.92681349999998, -3.790366099999972 ], [ -40.927397499999984, -3.790580199999965 ], [ -40.927731199999982, -3.790746899999931 ], [ -40.928042199999936, -3.791344299999935 ], [ -40.928390599999943, -3.791600099999926 ], [ -40.928454299999942, -3.791646799999967 ], [ -40.929545899999937, -3.792384 ], [ -40.930167599999947, -3.793530899999951 ], [ -40.930480899999964, -3.793844099999944 ], [ -40.930549499999984, -3.79391279999993 ], [ -40.930635699999982, -3.793971499999941 ], [ -40.93122829999993, -3.794375399999979 ], [ -40.931705699999952, -3.794864699999948 ], [ -40.931881399999952, -3.795253199999934 ], [ -40.932040799999982, -3.795605599999931 ], [ -40.932625599999938, -3.796202299999948 ], [ -40.93307939999994, -3.796799399999941 ], [ -40.933546099999944, -3.797791199999949 ], [ -40.93376, -3.797970299999974 ], [ -40.934153099999946, -3.798299399999962 ], [ -40.935475899999972, -3.798121699999967 ], [ -40.936235899999986, -3.798374099999933 ], [ -40.936846699999933, -3.798752599999943 ], [ -40.937499299999956, -3.799331399999971 ], [ -40.938418799999965, -3.799808499999926 ], [ -40.938812399999961, -3.800058799999931 ], [ -40.940134899999975, -3.800414699999976 ], [ -40.94094, -3.800506199999973 ], [ -40.940959499999963, -3.800508399999956 ], [ -40.941470699999968, -3.800404799999967 ], [ -40.941900499999974, -3.800894299999925 ], [ -40.942556399999944, -3.801347399999941 ], [ -40.943222799999944, -3.801154499999939 ], [ -40.943959399999983, -3.800994899999978 ], [ -40.944079099999954, -3.80107849999996 ], [ -40.944779899999958, -3.801567199999965 ], [ -40.945060399999932, -3.801965 ], [ -40.945665299999973, -3.801770899999951 ], [ -40.946095399999933, -3.801947 ], [ -40.946416499999941, -3.802187899999979 ], [ -40.947018399999934, -3.803233599999942 ], [ -40.947647399999937, -3.803356599999972 ], [ -40.948145499999953, -3.803260499999965 ], [ -40.948688899999979, -3.803271099999961 ], [ -40.948693299999945, -3.803271199999926 ], [ -40.948841199999947, -3.803385799999944 ], [ -40.94917049999998, -3.803640899999948 ], [ -40.949417599999947, -3.80398 ], [ -40.949612, -3.804186199999947 ], [ -40.949672, -3.80424979999998 ], [ -40.949901599999976, -3.804223899999954 ], [ -40.950109599999962, -3.80410089999998 ], [ -40.950294099999951, -3.804001699999958 ], [ -40.950335799999948, -3.804013599999962 ], [ -40.950675899999965, -3.80411 ], [ -40.950997899999948, -3.804037599999958 ], [ -40.951099, -3.804100299999959 ], [ -40.95137509999995, -3.804271399999948 ], [ -40.95161289999993, -3.804355799999939 ], [ -40.951656, -3.804371 ], [ -40.95196059999995, -3.80427009999994 ], [ -40.952229899999963, -3.804269499999975 ], [ -40.952248499999939, -3.804397799999947 ], [ -40.952302499999973, -3.804771699999947 ], [ -40.952581199999941, -3.804895199999976 ], [ -40.952971099999957, -3.804836399999942 ], [ -40.953001099999938, -3.805210099999954 ], [ -40.953075699999943, -3.805323399999963 ], [ -40.953192199999933, -3.805500499999937 ], [ -40.953425599999946, -3.805717299999969 ], [ -40.953516899999954, -3.80580219999996 ], [ -40.953981299999953, -3.805916399999944 ], [ -40.954265299999975, -3.806525499999964 ], [ -40.954807899999935, -3.806261799999959 ], [ -40.955086499999936, -3.806326299999967 ], [ -40.955180199999973, -3.806672099999957 ], [ -40.955230599999936, -3.806858299999931 ], [ -40.955903199999966, -3.806743099999949 ], [ -40.95617969999995, -3.807932599999958 ], [ -40.955706499999962, -3.808352099999979 ], [ -40.955514199999982, -3.808603799999958 ], [ -40.955642, -3.808811399999968 ], [ -40.955686299999968, -3.808883299999934 ], [ -40.955991899999958, -3.809141099999977 ], [ -40.95617249999998, -3.80902569999995 ], [ -40.956372, -3.808802799999967 ], [ -40.956693599999937, -3.809126599999956 ], [ -40.957069, -3.809371699999929 ], [ -40.957231699999966, -3.809754299999952 ], [ -40.957717, -3.80957959999995 ], [ -40.957921399999975, -3.80967069999997 ], [ -40.958042399999954, -3.809895499999925 ], [ -40.958118499999955, -3.810036899999943 ], [ -40.958076299999959, -3.81051169999995 ], [ -40.958640099999968, -3.810005799999942 ], [ -40.957684299999983, -3.808904899999959 ], [ -40.962527899999941, -3.801391799999976 ], [ -40.960791699999959, -3.800220799999977 ], [ -40.958179399999949, -3.797472299999924 ], [ -40.956030299999952, -3.793807799999968 ], [ -40.952738599999975, -3.790317699999946 ], [ -40.948877, -3.78694459999997 ], [ -40.947435599999949, -3.785874399999955 ], [ -40.944414799999947, -3.783630499999958 ], [ -40.940329799999972, -3.781975799999941 ], [ -40.931300299999975, -3.779530799999975 ], [ -40.928099299999985, -3.778377099999943 ], [ -40.928072199999974, -3.778367399999979 ], [ -40.92784249999994, -3.778790599999979 ], [ -40.927060499999982, -3.779411099999948 ], [ -40.926891, -3.779779699999949 ], [ -40.926971899999955, -3.780736399999967 ], [ -40.926695099999961, -3.781469199999947 ], [ -40.926119799999981, -3.782415299999968 ], [ -40.926059099999975, -3.783029599999963 ], [ -40.925199899999939, -3.785168499999941 ], [ -40.924289099999953, -3.786090299999955 ], [ -40.923871199999951, -3.787040499999932 ], [ -40.923301799999933, -3.787940699999979 ] ], [ [ -40.950221699999929, -3.800079599999947 ], [ -40.950625599999967, -3.800185599999963 ], [ -40.951318299999969, -3.800305 ], [ -40.951327699999979, -3.800060199999962 ], [ -40.951639099999966, -3.800096699999926 ], [ -40.952390799999932, -3.801190499999962 ], [ -40.952282699999955, -3.801546599999938 ], [ -40.952499399999965, -3.801721 ], [ -40.952339799999947, -3.802097699999933 ], [ -40.948218299999951, -3.802081599999951 ], [ -40.946614599999975, -3.801800899999932 ], [ -40.946856299999979, -3.800164099999961 ], [ -40.947214199999962, -3.798500199999978 ], [ -40.946898499999975, -3.798421399999938 ], [ -40.947197499999959, -3.7969 ], [ -40.948623099999963, -3.797095099999979 ], [ -40.948646799999949, -3.798840499999926 ], [ -40.949261799999931, -3.798925499999939 ], [ -40.94991129999994, -3.799043599999948 ], [ -40.950429699999972, -3.799188299999969 ], [ -40.950221699999929, -3.800079599999947 ] ] ] ] } },
{ "type": "Feature", "properties": { "CD_SETOR": "231340115000013", "SITUACAO": "Rural", "CD_SIT": "5", "CD_TIPO": "0", "AREA_KM2": 0.21326604213306899, "CD_REGIAO": "2", "NM_REGIAO": "Nordeste", "CD_UF": "23", "NM_UF": "Ceará", "CD_MUN": "2313401", "NM_MUN": "Tianguá", "CD_DIST": "231340115", "NM_DIST": "Caruataí", "CD_SUBDIST": "23134011500", "NM_SUBDIST": null, "CD_BAIRRO": null, "NM_BAIRRO": null, "CD_NU": null, "NM_NU": null, "CD_FCU": null, "NM_FCU": null, "CD_AGLOM": "231340100020", "NM_AGLOM": "Sítio Taboca", "CD_RGINT": "2306", "NM_RGINT": "Sobral", "CD_RGI": "230016", "NM_RGI": "São Benedito - Ipu - Guaraciaba do Norte - Tianguá", "CD_CONCURB": null, "NM_CONCURB": null, "Areapopulacional_CD_SIT": null, "Areapopulacional_CD_TIPO": null, "Areapopulacional_v0001": null, "Areapopulacional_v0002": null, "Areapopulacional_v0003": null, "Areapopulacional_v0004": null, "Areapopulacional_v0005": null, "Areapopulacional_v0006": null, "Areapopulacional_v0007": null, "Areapopulacional_AREA_DOMICILIADA_KM2": null, "Areapopulacional_AREA_KM2": null, "Areapopulacional_DENSIDADE_DEMOGRAFICA_DOMICILIADA_HAB_KM2": null, "Areapopulacional_DENSIDADE_DEMOGRAFICA_SETOR_HAB_KM2": null, "teste200(2)_fid": null, "teste200(2)_CD_SIT": null, "teste200(2)_CD_TIPO": null, "teste200(2)_v0001": null, "teste200(2)_v0002": null, "teste200(2)_v0003": null, "teste200(2)_v0004": null, "teste200(2)_v0005": null, "teste200(2)_v0006": null, "teste200(2)_v0007": null, "teste200(2)_AREA_DOMICILIADA_KM2": null, "teste200(2)_AREA_KM2": null, "teste200(2)_DENSIDADE_DEMOGRAFICA_DOMICILIADA_HAB_KM2": null, "teste200(2)_DENSIDADE_DEMOGRAFICA_SETOR_HAB_KM2": null, "teste200(2)_V00111SISTEMAGERALÁGUA": null, "teste200(2)_V00112POÇO": null, "teste200(2)_V00113POÇORASO": null, "teste200(2)_V00114NASCENTE,FONTE": null, "teste200(2)_V00115CARROPIPA": null, "teste200(2)_V00116CHUVA": null, "teste200(2)_V00117RIOS,AÇUDES,CORREGOS": null, "teste200(2)_V00118OUTRAFORMA": null }, "geometry": { "type": "MultiPolygon", "coordinates": [ [ [ [ -40.950221699999929, -3.800079599999947 ], [ -40.950429699999972, -3.799188299999969 ], [ -40.94991129999994, -3.799043599999948 ], [ -40.949261799999931, -3.798925499999939 ], [ -40.948646799999949, -3.798840499999926 ], [ -40.948623099999963, -3.797095099999979 ], [ -40.947197499999959, -3.7969 ], [ -40.946898499999975, -3.798421399999938 ], [ -40.947214199999962, -3.798500199999978 ], [ -40.946856299999979, -3.800164099999961 ], [ -40.946614599999975, -3.801800899999932 ], [ -40.948218299999951, -3.802081599999951 ], [ -40.952339799999947, -3.802097699999933 ], [ -40.952499399999965, -3.801721 ], [ -40.952282699999955, -3.801546599999938 ], [ -40.952390799999932, -3.801190499999962 ], [ -40.951639099999966, -3.800096699999926 ], [ -40.951327699999979, -3.800060199999962 ], [ -40.951318299999969, -3.800305 ], [ -40.950625599999967, -3.800185599999963 ], [ -40.950221699999929, -3.800079599999947 ] ] ] ] } },
{ "type": "Feature", "properties": { "CD_SETOR": "231340120000001", "SITUACAO": "Urbana", "CD_SIT": "1", "CD_TIPO": "0", "AREA_KM2": 0.083712076022978005, "CD_REGIAO": "2", "NM_REGIAO": "Nordeste", "CD_UF": "23", "NM_UF": "Ceará", "CD_MUN": "2313401", "NM_MUN": "Tianguá", "CD_DIST": "231340120", "NM_DIST": "Pindoguaba", "CD_SUBDIST": "23134012000", "NM_SUBDIST": null, "CD_BAIRRO": null, "NM_BAIRRO": null, "CD_NU": null, "NM_NU": null, "CD_FCU": null, "NM_FCU": null, "CD_AGLOM": null, "NM_AGLOM": null, "CD_RGINT": "2306", "NM_RGINT": "Sobral", "CD_RGI": "230016", "NM_RGI": "São Benedito - Ipu - Guaraciaba do Norte - Tianguá", "CD_CONCURB": null, "NM_CONCURB": null, "Areapopulacional_CD_SIT": 1, "Areapopulacional_CD_TIPO": 0, "Areapopulacional_v0001": 423, "Areapopulacional_v0002": 179, "Areapopulacional_v0003": 179, "Areapopulacional_v0004": 0, "Areapopulacional_v0005": 3.2, "Areapopulacional_v0006": 0.0, "Areapopulacional_v0007": 131, "Areapopulacional_AREA_DOMICILIADA_KM2": 0.08371, "Areapopulacional_AREA_KM2": 0.083712076, "Areapopulacional_DENSIDADE_DEMOGRAFICA_DOMICILIADA_HAB_KM2": 5053.159718, "Areapopulacional_DENSIDADE_DEMOGRAFICA_SETOR_HAB_KM2": 5053.034402, "teste200(2)_fid": null, "teste200(2)_CD_SIT": null, "teste200(2)_CD_TIPO": null, "teste200(2)_v0001": null, "teste200(2)_v0002": null, "teste200(2)_v0003": null, "teste200(2)_v0004": null, "teste200(2)_v0005": null, "teste200(2)_v0006": null, "teste200(2)_v0007": null, "teste200(2)_AREA_DOMICILIADA_KM2": null, "teste200(2)_AREA_KM2": null, "teste200(2)_DENSIDADE_DEMOGRAFICA_DOMICILIADA_HAB_KM2": null, "teste200(2)_DENSIDADE_DEMOGRAFICA_SETOR_HAB_KM2": null, "teste200(2)_V00111SISTEMAGERALÁGUA": null, "teste200(2)_V00112POÇO": null, "teste200(2)_V00113POÇORASO": null, "teste200(2)_V00114NASCENTE,FONTE": null, "teste200(2)_V00115CARROPIPA": null, "teste200(2)_V00116CHUVA": null, "teste200(2)_V00117RIOS,AÇUDES,CORREGOS": null, "teste200(2)_V00118OUTRAFORMA": null }, "geometry": { "type": "MultiPolygon", "coordinates": [ [ [ [ -41.14188489999998, -3.749563699999953 ], [ -41.138347, -3.749886899999979 ], [ -41.138389099999984, -3.750517 ], [ -41.138435, -3.750527099999942 ], [ -41.138586499999974, -3.750594399999954 ], [ -41.138700799999981, -3.751188699999943 ], [ -41.138736399999971, -3.751801299999954 ], [ -41.139946799999962, -3.751803199999927 ], [ -41.14101439999996, -3.751796699999943 ], [ -41.142147499999965, -3.751666199999931 ], [ -41.141924, -3.751347499999952 ], [ -41.141796699999929, -3.751012899999978 ], [ -41.141660299999955, -3.750267599999972 ], [ -41.141998099999967, -3.750090299999954 ], [ -41.14188489999998, -3.749563699999953 ] ] ] ] } },
{ "type": "Feature", "properties": { "CD_SETOR": "231340120000003", "SITUACAO": "Rural", "CD_SIT": "5", "CD_TIPO": "0", "AREA_KM2": 0.20380682018610499, "CD_REGIAO": "2", "NM_REGIAO": "Nordeste", "CD_UF": "23", "NM_UF": "Ceará", "CD_MUN": "2313401", "NM_MUN": "Tianguá", "CD_DIST": "231340120", "NM_DIST": "Pindoguaba", "CD_SUBDIST": "23134012000", "NM_SUBDIST": null, "CD_BAIRRO": null, "NM_BAIRRO": null, "CD_NU": null, "NM_NU": null, "CD_FCU": null, "NM_FCU": null, "CD_AGLOM": "231340100001", "NM_AGLOM": "Tucuns", "CD_RGINT": "2306", "NM_RGINT": "Sobral", "CD_RGI": "230016", "NM_RGI": "São Benedito - Ipu - Guaraciaba do Norte - Tianguá", "CD_CONCURB": null, "NM_CONCURB": null, "Areapopulacional_CD_SIT": null, "Areapopulacional_CD_TIPO": null, "Areapopulacional_v0001": null, "Areapopulacional_v0002": null, "Areapopulacional_v0003": null, "Areapopulacional_v0004": null, "Areapopulacional_v0005": null, "Areapopulacional_v0006": null, "Areapopulacional_v0007": null, "Areapopulacional_AREA_DOMICILIADA_KM2": null, "Areapopulacional_AREA_KM2": null, "Areapopulacional_DENSIDADE_DEMOGRAFICA_DOMICILIADA_HAB_KM2": null, "Areapopulacional_DENSIDADE_DEMOGRAFICA_SETOR_HAB_KM2": null, "teste200(2)_fid": null, "teste200(2)_CD_SIT": null, "teste200(2)_CD_TIPO": null, "teste200(2)_v0001": null, "teste200(2)_v0002": null, "teste200(2)_v0003": null, "teste200(2)_v0004": null, "teste200(2)_v0005": null, "teste200(2)_v0006": null, "teste200(2)_v0007": null, "teste200(2)_AREA_DOMICILIADA_KM2": null, "teste200(2)_AREA_KM2": null, "teste200(2)_DENSIDADE_DEMOGRAFICA_DOMICILIADA_HAB_KM2": null, "teste200(2)_DENSIDADE_DEMOGRAFICA_SETOR_HAB_KM2": null, "teste200(2)_V00111SISTEMAGERALÁGUA": null, "teste200(2)_V00112POÇO": null, "teste200(2)_V00113POÇORASO": null, "teste200(2)_V00114NASCENTE,FONTE": null, "teste200(2)_V00115CARROPIPA": null, "teste200(2)_V00116CHUVA": null, "teste200(2)_V00117RIOS,AÇUDES,CORREGOS": null, "teste200(2)_V00118OUTRAFORMA": null }, "geometry": { "type": "MultiPolygon", "coordinates": [ [ [ [ -41.162074099999984, -3.750039499999957 ], [ -41.16201529999995, -3.75004249999995 ], [ -41.161676099999966, -3.749884399999928 ], [ -41.161491199999944, -3.750412799999935 ], [ -41.165040499999975, -3.752237199999968 ], [ -41.165768199999945, -3.752291499999956 ], [ -41.169735599999967, -3.752587299999959 ], [ -41.169895399999973, -3.751461099999972 ], [ -41.169602499999939, -3.751096199999949 ], [ -41.169605499999932, -3.750776299999927 ], [ -41.169466199999931, -3.750461 ], [ -41.168463699999961, -3.749709799999948 ], [ -41.162074099999984, -3.750039499999957 ] ] ] ] } },
{ "type": "Feature", "properties": { "CD_SETOR": "231340120000004", "SITUACAO": "Rural", "CD_SIT": "8", "CD_TIPO": "0", "AREA_KM2": 20.230895410059468, "CD_REGIAO": "2", "NM_REGIAO": "Nordeste", "CD_UF": "23", "NM_UF": "Ceará", "CD_MUN": "2313401", "NM_MUN": "Tianguá", "CD_DIST": "231340120", "NM_DIST": "Pindoguaba", "CD_SUBDIST": "23134012000", "NM_SUBDIST": null, "CD_BAIRRO": null, "NM_BAIRRO": null, "CD_NU": null, "NM_NU": null, "CD_FCU": null, "NM_FCU": null, "CD_AGLOM": null, "NM_AGLOM": null, "CD_RGINT": "2306", "NM_RGINT": "Sobral", "CD_RGI": "230016", "NM_RGI": "São Benedito - Ipu - Guaraciaba do Norte - Tianguá", "CD_CONCURB": null, "NM_CONCURB": null, "Areapopulacional_CD_SIT": null, "Areapopulacional_CD_TIPO": null, "Areapopulacional_v0001": null, "Areapopulacional_v0002": null, "Areapopulacional_v0003": null, "Areapopulacional_v0004": null, "Areapopulacional_v0005": null, "Areapopulacional_v0006": null, "Areapopulacional_v0007": null, "Areapopulacional_AREA_DOMICILIADA_KM2": null, "Areapopulacional_AREA_KM2": null, "Areapopulacional_DENSIDADE_DEMOGRAFICA_DOMICILIADA_HAB_KM2": null, "Areapopulacional_DENSIDADE_DEMOGRAFICA_SETOR_HAB_KM2": null, "teste200(2)_fid": null, "teste200(2)_CD_SIT": null, "teste200(2)_CD_TIPO": null, "teste200(2)_v0001": null, "teste200(2)_v0002": null, "teste200(2)_v0003": null, "teste200(2)_v0004": null, "teste200(2)_v0005": null, "teste200(2)_v0006": null, "teste200(2)_v0007": null, "teste200(2)_AREA_DOMICILIADA_KM2": null, "teste200(2)_AREA_KM2": null, "teste200(2)_DENSIDADE_DEMOGRAFICA_DOMICILIADA_HAB_KM2": null, "teste200(2)_DENSIDADE_DEMOGRAFICA_SETOR_HAB_KM2": null, "teste200(2)_V00111SISTEMAGERALÁGUA": null, "teste200(2)_V00112POÇO": null, "teste200(2)_V00113POÇORASO": null, "teste200(2)_V00114NASCENTE,FONTE": null, "teste200(2)_V00115CARROPIPA": null, "teste200(2)_V00116CHUVA": null, "teste200(2)_V00117RIOS,AÇUDES,CORREGOS": null, "teste200(2)_V00118OUTRAFORMA": null }, "geometry": { "type": "MultiPolygon", "coordinates": [ [ [ [ -41.083381699999961, -3.807555199999967 ], [ -41.10628719999994, -3.824888499999929 ], [ -41.106270199999983, -3.824860599999965 ], [ -41.10624619999993, -3.819504399999971 ], [ -41.106417699999952, -3.816371599999968 ], [ -41.106494899999973, -3.815165 ], [ -41.106498899999963, -3.815102299999978 ], [ -41.107800899999972, -3.814960699999972 ], [ -41.108908199999973, -3.815177899999981 ], [ -41.108789899999977, -3.816399299999944 ], [ -41.110081, -3.816638099999977 ], [ -41.109905899999944, -3.818704899999943 ], [ -41.109227399999952, -3.826928099999975 ], [ -41.109194599999967, -3.827100399999949 ], [ -41.127147499999978, -3.840520899999945 ], [ -41.124578699999972, -3.797404799999981 ], [ -41.108569099999954, -3.79986619999994 ], [ -41.109461299999964, -3.773560499999974 ], [ -41.085116599999935, -3.772980899999936 ], [ -41.083381699999961, -3.807555199999967 ] ] ] ] } },
{ "type": "Feature", "properties": { "CD_SETOR": "231340120000008", "SITUACAO": "Rural", "CD_SIT": "5", "CD_TIPO": "0", "AREA_KM2": 0.24739502075722899, "CD_REGIAO": "2", "NM_REGIAO": "Nordeste", "CD_UF": "23", "NM_UF": "Ceará", "CD_MUN": "2313401", "NM_MUN": "Tianguá", "CD_DIST": "231340120", "NM_DIST": "Pindoguaba", "CD_SUBDIST": "23134012000", "NM_SUBDIST": null, "CD_BAIRRO": null, "NM_BAIRRO": null, "CD_NU": null, "NM_NU": null, "CD_FCU": null, "NM_FCU": null, "CD_AGLOM": "231340100010", "NM_AGLOM": "Bom Jesus de Baixo", "CD_RGINT": "2306", "NM_RGINT": "Sobral", "CD_RGI": "230016", "NM_RGI": "São Benedito - Ipu - Guaraciaba do Norte - Tianguá", "CD_CONCURB": null, "NM_CONCURB": null, "Areapopulacional_CD_SIT": null, "Areapopulacional_CD_TIPO": null, "Areapopulacional_v0001": null, "Areapopulacional_v0002": null, "Areapopulacional_v0003": null, "Areapopulacional_v0004": null, "Areapopulacional_v0005": null, "Areapopulacional_v0006": null, "Areapopulacional_v0007": null, "Areapopulacional_AREA_DOMICILIADA_KM2": null, "Areapopulacional_AREA_KM2": null, "Areapopulacional_DENSIDADE_DEMOGRAFICA_DOMICILIADA_HAB_KM2": null, "Areapopulacional_DENSIDADE_DEMOGRAFICA_SETOR_HAB_KM2": null, "teste200(2)_fid": null, "teste200(2)_CD_SIT": null, "teste200(2)_CD_TIPO": null, "teste200(2)_v0001": null, "teste200(2)_v0002": null, "teste200(2)_v0003": null, "teste200(2)_v0004": null, "teste200(2)_v0005": null, "teste200(2)_v0006": null, "teste200(2)_v0007": null, "teste200(2)_AREA_DOMICILIADA_KM2": null, "teste200(2)_AREA_KM2": null, "teste200(2)_DENSIDADE_DEMOGRAFICA_DOMICILIADA_HAB_KM2": null, "teste200(2)_DENSIDADE_DEMOGRAFICA_SETOR_HAB_KM2": null, "teste200(2)_V00111SISTEMAGERALÁGUA": null, "teste200(2)_V00112POÇO": null, "teste200(2)_V00113POÇORASO": null, "teste200(2)_V00114NASCENTE,FONTE": null, "teste200(2)_V00115CARROPIPA": null, "teste200(2)_V00116CHUVA": null, "teste200(2)_V00117RIOS,AÇUDES,CORREGOS": null, "teste200(2)_V00118OUTRAFORMA": null }, "geometry": { "type": "MultiPolygon", "coordinates": [ [ [ [ -41.078577299999949, -3.703072 ], [ -41.07787639999998, -3.704604 ], [ -41.078655499999968, -3.704526 ], [ -41.078872799999942, -3.70450429999994 ], [ -41.079279499999984, -3.704197 ], [ -41.079503299999942, -3.704266099999927 ], [ -41.080137, -3.704461599999945 ], [ -41.080735699999934, -3.704919199999949 ], [ -41.080843399999935, -3.70500149999998 ], [ -41.080877799999939, -3.70503059999993 ], [ -41.082001799999944, -3.706067699999949 ], [ -41.083692199999973, -3.708712 ], [ -41.08382359999996, -3.708917699999972 ], [ -41.083920899999953, -3.708880699999952 ], [ -41.086117799999954, -3.708043399999951 ], [ -41.086393699999974, -3.705354499999942 ], [ -41.086420099999941, -3.705097099999932 ], [ -41.086137699999938, -3.705024199999968 ], [ -41.078577299999949, -3.703072 ] ] ] ] } },
{ "type": "Feature", "properties": { "CD_SETOR": "231340120000009", "SITUACAO": "Rural", "CD_SIT": "5", "CD_TIPO": "8", "AREA_KM2": 0.441209318412215, "CD_REGIAO": "2", "NM_REGIAO": "Nordeste", "CD_UF": "23", "NM_UF": "Ceará", "CD_MUN": "2313401", "NM_MUN": "Tianguá", "CD_DIST": "231340120", "NM_DIST": "Pindoguaba", "CD_SUBDIST": "23134012000", "NM_SUBDIST": null, "CD_BAIRRO": null, "NM_BAIRRO": null, "CD_NU": null, "NM_NU": null, "CD_FCU": null, "NM_FCU": null, "CD_AGLOM": "231340100004", "NM_AGLOM": "Agrovila do PA Valparaíso", "CD_RGINT": "2306", "NM_RGINT": "Sobral", "CD_RGI": "230016", "NM_RGI": "São Benedito - Ipu - Guaraciaba do Norte - Tianguá", "CD_CONCURB": null, "NM_CONCURB": null, "Areapopulacional_CD_SIT": null, "Areapopulacional_CD_TIPO": null, "Areapopulacional_v0001": null, "Areapopulacional_v0002": null, "Areapopulacional_v0003": null, "Areapopulacional_v0004": null, "Areapopulacional_v0005": null, "Areapopulacional_v0006": null, "Areapopulacional_v0007": null, "Areapopulacional_AREA_DOMICILIADA_KM2": null, "Areapopulacional_AREA_KM2": null, "Areapopulacional_DENSIDADE_DEMOGRAFICA_DOMICILIADA_HAB_KM2": null, "Areapopulacional_DENSIDADE_DEMOGRAFICA_SETOR_HAB_KM2": null, "teste200(2)_fid": null, "teste200(2)_CD_SIT": null, "teste200(2)_CD_TIPO": null, "teste200(2)_v0001": null, "teste200(2)_v0002": null, "teste200(2)_v0003": null, "teste200(2)_v0004": null, "teste200(2)_v0005": null, "teste200(2)_v0006": null, "teste200(2)_v0007": null, "teste200(2)_AREA_DOMICILIADA_KM2": null, "teste200(2)_AREA_KM2": null, "teste200(2)_DENSIDADE_DEMOGRAFICA_DOMICILIADA_HAB_KM2": null, "teste200(2)_DENSIDADE_DEMOGRAFICA_SETOR_HAB_KM2": null, "teste200(2)_V00111SISTEMAGERALÁGUA": null, "teste200(2)_V00112POÇO": null, "teste200(2)_V00113POÇORASO": null, "teste200(2)_V00114NASCENTE,FONTE": null, "teste200(2)_V00115CARROPIPA": null, "teste200(2)_V00116CHUVA": null, "teste200(2)_V00117RIOS,AÇUDES,CORREGOS": null, "teste200(2)_V00118OUTRAFORMA": null }, "geometry": { "type": "MultiPolygon", "coordinates": [ [ [ [ -41.10628719999994, -3.824888499999929 ], [ -41.109194599999967, -3.827100399999949 ], [ -41.109227399999952, -3.826928099999975 ], [ -41.109905899999944, -3.818704899999943 ], [ -41.110081, -3.816638099999977 ], [ -41.108789899999977, -3.816399299999944 ], [ -41.108908199999973, -3.815177899999981 ], [ -41.107800899999972, -3.814960699999972 ], [ -41.106498899999963, -3.815102299999978 ], [ -41.106494899999973, -3.815165 ], [ -41.106417699999952, -3.816371599999968 ], [ -41.10624619999993, -3.819504399999971 ], [ -41.106270199999983, -3.824860599999965 ], [ -41.10628719999994, -3.824888499999929 ] ] ] ] } },
{ "type": "Feature", "properties": { "CD_SETOR": "231340120000010", "SITUACAO": "Rural", "CD_SIT": "8", "CD_TIPO": "0", "AREA_KM2": 1.5877429821963329, "CD_REGIAO": "2", "NM_REGIAO": "Nordeste", "CD_UF": "23", "NM_UF": "Ceará", "CD_MUN": "2313401", "NM_MUN": "Tianguá", "CD_DIST": "231340120", "NM_DIST": "Pindoguaba", "CD_SUBDIST": "23134012000", "NM_SUBDIST": null, "CD_BAIRRO": null, "NM_BAIRRO": null, "CD_NU": null, "NM_NU": null, "CD_FCU": null, "NM_FCU": null, "CD_AGLOM": null, "NM_AGLOM": null, "CD_RGINT": "2306", "NM_RGINT": "Sobral", "CD_RGI": "230016", "NM_RGI": "São Benedito - Ipu - Guaraciaba do Norte - Tianguá", "CD_CONCURB": null, "NM_CONCURB": null, "Areapopulacional_CD_SIT": null, "Areapopulacional_CD_TIPO": null, "Areapopulacional_v0001": null, "Areapopulacional_v0002": null, "Areapopulacional_v0003": null, "Areapopulacional_v0004": null, "Areapopulacional_v0005": null, "Areapopulacional_v0006": null, "Areapopulacional_v0007": null, "Areapopulacional_AREA_DOMICILIADA_KM2": null, "Areapopulacional_AREA_KM2": null, "Areapopulacional_DENSIDADE_DEMOGRAFICA_DOMICILIADA_HAB_KM2": null, "Areapopulacional_DENSIDADE_DEMOGRAFICA_SETOR_HAB_KM2": null, "teste200(2)_fid": null, "teste200(2)_CD_SIT": null, "teste200(2)_CD_TIPO": null, "teste200(2)_v0001": null, "teste200(2)_v0002": null, "teste200(2)_v0003": null, "teste200(2)_v0004": null, "teste200(2)_v0005": null, "teste200(2)_v0006": null, "teste200(2)_v0007": null, "teste200(2)_AREA_DOMICILIADA_KM2": null, "teste200(2)_AREA_KM2": null, "teste200(2)_DENSIDADE_DEMOGRAFICA_DOMICILIADA_HAB_KM2": null, "teste200(2)_DENSIDADE_DEMOGRAFICA_SETOR_HAB_KM2": null, "teste200(2)_V00111SISTEMAGERALÁGUA": null, "teste200(2)_V00112POÇO": null, "teste200(2)_V00113POÇORASO": null, "teste200(2)_V00114NASCENTE,FONTE": null, "teste200(2)_V00115CARROPIPA": null, "teste200(2)_V00116CHUVA": null, "teste200(2)_V00117RIOS,AÇUDES,CORREGOS": null, "teste200(2)_V00118OUTRAFORMA": null }, "geometry": { "type": "MultiPolygon", "coordinates": [ [ [ [ -41.138389099999984, -3.750517 ], [ -41.137991199999931, -3.750309199999947 ], [ -41.137695199999939, -3.750171499999965 ], [ -41.136918099999946, -3.749778699999979 ], [ -41.136873499999979, -3.749756299999945 ], [ -41.136189, -3.749460599999964 ], [ -41.135321, -3.749172099999953 ], [ -41.134799299999941, -3.748984299999961 ], [ -41.134138599999972, -3.748770899999954 ], [ -41.133524, -3.748707599999932 ], [ -41.13318849999996, -3.748681799999929 ], [ -41.132998499999985, -3.748638099999937 ], [ -41.132400299999972, -3.748388499999976 ], [ -41.131929799999966, -3.748228399999959 ], [ -41.131323399999985, -3.747970899999927 ], [ -41.130774499999973, -3.747741 ], [ -41.130108199999938, -3.747506399999963 ], [ -41.129800899999964, -3.747407899999928 ], [ -41.129378599999939, -3.747269499999959 ], [ -41.128961, -3.747126399999956 ], [ -41.128527, -3.746995 ], [ -41.128159399999959, -3.746867799999961 ], [ -41.127677799999958, -3.746591499999965 ], [ -41.12715929999996, -3.746260699999937 ], [ -41.126633799999979, -3.745917 ], [ -41.126341699999955, -3.745728099999951 ], [ -41.125756399999943, -3.745338699999934 ], [ -41.125216799999976, -3.744999699999937 ], [ -41.124717099999941, -3.744684199999938 ], [ -41.124032499999942, -3.744278299999962 ], [ -41.123578299999963, -3.744011199999932 ], [ -41.123327099999983, -3.743861899999956 ], [ -41.122784, -3.743515899999977 ], [ -41.122164699999985, -3.743154599999968 ], [ -41.121384699999965, -3.742715399999952 ], [ -41.12201349999998, -3.754155699999956 ], [ -41.122192199999972, -3.756680499999959 ], [ -41.12293139999997, -3.756580699999972 ], [ -41.125376599999981, -3.75695 ], [ -41.125908399999958, -3.757026399999972 ], [ -41.126912599999969, -3.75674 ], [ -41.127840699999979, -3.756073499999957 ], [ -41.128480099999933, -3.755710399999941 ], [ -41.130965299999957, -3.754241299999933 ], [ -41.131201399999952, -3.754086899999947 ], [ -41.13138859999998, -3.753925199999969 ], [ -41.13161539999993, -3.753883199999962 ], [ -41.132470599999976, -3.753859399999953 ], [ -41.133005499999967, -3.75382419999994 ], [ -41.133756199999937, -3.753887499999962 ], [ -41.134349799999939, -3.753901599999949 ], [ -41.135041799999954, -3.75357779999996 ], [ -41.135614299999929, -3.753336199999978 ], [ -41.136109, -3.75311709999994 ], [ -41.136911199999929, -3.752478199999928 ], [ -41.137312799999961, -3.752332099999933 ], [ -41.137664699999959, -3.752167899999961 ], [ -41.138318199999958, -3.75185689999995 ], [ -41.138736399999971, -3.751801299999954 ], [ -41.138700799999981, -3.751188699999943 ], [ -41.138586499999974, -3.750594399999954 ], [ -41.138435, -3.750527099999942 ], [ -41.138389099999984, -3.750517 ] ] ] ] } },
{ "type": "Feature", "properties": { "CD_SETOR": "231340120000011", "SITUACAO": "Rural", "CD_SIT": "8", "CD_TIPO": "0", "AREA_KM2": 232.87386950468803, "CD_REGIAO": "2", "NM_REGIAO": "Nordeste", "CD_UF": "23", "NM_UF": "Ceará", "CD_MUN": "2313401", "NM_MUN": "Tianguá", "CD_DIST": "231340120", "NM_DIST": "Pindoguaba", "CD_SUBDIST": "23134012000", "NM_SUBDIST": null, "CD_BAIRRO": null, "NM_BAIRRO": null, "CD_NU": null, "NM_NU": null, "CD_FCU": null, "NM_FCU": null, "CD_AGLOM": null, "NM_AGLOM": null, "CD_RGINT": "2306", "NM_RGINT": "Sobral", "CD_RGI": "230016", "NM_RGI": "São Benedito - Ipu - Guaraciaba do Norte - Tianguá", "CD_CONCURB": null, "NM_CONCURB": null, "Areapopulacional_CD_SIT": null, "Areapopulacional_CD_TIPO": null, "Areapopulacional_v0001": null, "Areapopulacional_v0002": null, "Areapopulacional_v0003": null, "Areapopulacional_v0004": null, "Areapopulacional_v0005": null, "Areapopulacional_v0006": null, "Areapopulacional_v0007": null, "Areapopulacional_AREA_DOMICILIADA_KM2": null, "Areapopulacional_AREA_KM2": null, "Areapopulacional_DENSIDADE_DEMOGRAFICA_DOMICILIADA_HAB_KM2": null, "Areapopulacional_DENSIDADE_DEMOGRAFICA_SETOR_HAB_KM2": null, "teste200(2)_fid": null, "teste200(2)_CD_SIT": null, "teste200(2)_CD_TIPO": null, "teste200(2)_v0001": null, "teste200(2)_v0002": null, "teste200(2)_v0003": null, "teste200(2)_v0004": null, "teste200(2)_v0005": null, "teste200(2)_v0006": null, "teste200(2)_v0007": null, "teste200(2)_AREA_DOMICILIADA_KM2": null, "teste200(2)_AREA_KM2": null, "teste200(2)_DENSIDADE_DEMOGRAFICA_DOMICILIADA_HAB_KM2": null, "teste200(2)_DENSIDADE_DEMOGRAFICA_SETOR_HAB_KM2": null, "teste200(2)_V00111SISTEMAGERALÁGUA": null, "teste200(2)_V00112POÇO": null, "teste200(2)_V00113POÇORASO": null, "teste200(2)_V00114NASCENTE,FONTE": null, "teste200(2)_V00115CARROPIPA": null, "teste200(2)_V00116CHUVA": null, "teste200(2)_V00117RIOS,AÇUDES,CORREGOS": null, "teste200(2)_V00118OUTRAFORMA": null }, "geometry": { "type": "MultiPolygon", "coordinates": [ [ [ [ -41.278978499999937, -3.824602499999969 ], [ -41.279433099999949, -3.823199899999963 ], [ -41.278147799999942, -3.821401 ], [ -41.276183299999957, -3.820474 ], [ -41.270817199999954, -3.820709299999976 ], [ -41.267271499999936, -3.820497299999943 ], [ -41.263592899999935, -3.817569499999934 ], [ -41.263555399999973, -3.81584289999995 ], [ -41.263255099999981, -3.814942 ], [ -41.261603399999956, -3.814745399999936 ], [ -41.261003, -3.813853499999937 ], [ -41.260777699999949, -3.811976699999946 ], [ -41.259426499999961, -3.810212499999977 ], [ -41.257854899999984, -3.809262299999943 ], [ -41.256160799999975, -3.809311599999944 ], [ -41.254012099999954, -3.80804059999997 ], [ -41.25333569999998, -3.806055899999933 ], [ -41.253608399999962, -3.804732199999933 ], [ -41.252557399999944, -3.802367499999946 ], [ -41.250643099999934, -3.800303 ], [ -41.249479399999984, -3.798764 ], [ -41.247452499999952, -3.796924799999942 ], [ -41.246251399999949, -3.795648599999936 ], [ -41.245026799999948, -3.79392619999993 ], [ -41.244562199999962, -3.791144199999962 ], [ -41.242535299999929, -3.788817 ], [ -41.241071399999953, -3.785288599999944 ], [ -41.239477199999953, -3.779604499999948 ], [ -41.237773899999979, -3.778948 ], [ -41.236816899999951, -3.777289199999927 ], [ -41.237080099999957, -3.77185 ], [ -41.235052199999984, -3.77092 ], [ -41.231794599999944, -3.7722 ], [ -41.227608399999951, -3.771239599999944 ], [ -41.223777499999983, -3.771615499999939 ], [ -41.22180469999995, -3.769423099999926 ], [ -41.220405099999937, -3.768486399999972 ], [ -41.213193699999977, -3.76290419999998 ], [ -41.207964699999934, -3.761490899999956 ], [ -41.204777899999954, -3.756670299999939 ], [ -41.202778099999932, -3.756303899999978 ], [ -41.200607699999978, -3.753533299999958 ], [ -41.199176699999953, -3.752184799999952 ], [ -41.195979199999954, -3.751758099999961 ], [ -41.193787199999974, -3.750987799999962 ], [ -41.18876709999995, -3.750320699999975 ], [ -41.187209799999948, -3.750460399999952 ], [ -41.184739299999933, -3.749645499999929 ], [ -41.180488399999945, -3.749929799999961 ], [ -41.177755, -3.750709399999948 ], [ -41.171036399999934, -3.749576 ], [ -41.165451299999972, -3.749382399999945 ], [ -41.161658, -3.748671499999944 ], [ -41.160516099999938, -3.748466099999973 ], [ -41.158884299999954, -3.749696899999947 ], [ -41.157373799999959, -3.748304 ], [ -41.157126799999958, -3.748619599999927 ], [ -41.156079, -3.749055299999952 ], [ -41.155169599999965, -3.748839099999941 ], [ -41.15409429999994, -3.748635299999933 ], [ -41.153406299999972, -3.748259499999961 ], [ -41.152912599999979, -3.747910199999978 ], [ -41.152579899999978, -3.74792919999993 ], [ -41.152154699999983, -3.747588599999972 ], [ -41.151498099999969, -3.747737399999949 ], [ -41.150469899999962, -3.747742499999958 ], [ -41.149778099999935, -3.747635199999934 ], [ -41.149529199999961, -3.747697399999936 ], [ -41.148131399999954, -3.748466599999972 ], [ -41.147626499999944, -3.748995299999933 ], [ -41.147112, -3.749586299999976 ], [ -41.146619899999962, -3.749853899999948 ], [ -41.146293, -3.749994699999945 ], [ -41.145570799999973, -3.750232199999971 ], [ -41.14503579999996, -3.750267599999972 ], [ -41.143568099999982, -3.749946 ], [ -41.142792499999985, -3.749942499999975 ], [ -41.1423, -3.750015299999973 ], [ -41.141998099999967, -3.750090299999954 ], [ -41.141660299999955, -3.750267599999972 ], [ -41.141796699999929, -3.751012899999978 ], [ -41.141924, -3.751347499999952 ], [ -41.142147499999965, -3.751666199999931 ], [ -41.14101439999996, -3.751796699999943 ], [ -41.139946799999962, -3.751803199999927 ], [ -41.138736399999971, -3.751801299999954 ], [ -41.138318199999958, -3.75185689999995 ], [ -41.137664699999959, -3.752167899999961 ], [ -41.137312799999961, -3.752332099999933 ], [ -41.136911199999929, -3.752478199999928 ], [ -41.136109, -3.75311709999994 ], [ -41.135614299999929, -3.753336199999978 ], [ -41.135041799999954, -3.75357779999996 ], [ -41.134349799999939, -3.753901599999949 ], [ -41.133756199999937, -3.753887499999962 ], [ -41.133005499999967, -3.75382419999994 ], [ -41.132470599999976, -3.753859399999953 ], [ -41.13161539999993, -3.753883199999962 ], [ -41.13138859999998, -3.753925199999969 ], [ -41.131201399999952, -3.754086899999947 ], [ -41.130965299999957, -3.754241299999933 ], [ -41.128480099999933, -3.755710399999941 ], [ -41.127840699999979, -3.756073499999957 ], [ -41.126912599999969, -3.75674 ], [ -41.125908399999958, -3.757026399999972 ], [ -41.125376599999981, -3.75695 ], [ -41.12293139999997, -3.756580699999972 ], [ -41.122192199999972, -3.756680499999959 ], [ -41.12201349999998, -3.754155699999956 ], [ -41.121384699999965, -3.742715399999952 ], [ -41.119077299999958, -3.741352899999924 ], [ -41.116187099999934, -3.739616799999965 ], [ -41.111398299999962, -3.736782099999971 ], [ -41.105311099999938, -3.733146599999941 ], [ -41.101970399999971, -3.730946 ], [ -41.099249, -3.729163099999937 ], [ -41.098742299999969, -3.728862799999945 ], [ -41.097222099999954, -3.727971299999979 ], [ -41.095880199999954, -3.727220599999953 ], [ -41.094932399999948, -3.726704499999926 ], [ -41.093262, -3.725869299999943 ], [ -41.091967, -3.725184299999967 ], [ -41.089574099999936, -3.724037799999962 ], [ -41.088943299999983, -3.723474099999976 ], [ -41.08811019999996, -3.722472299999936 ], [ -41.086602899999946, -3.720808199999965 ], [ -41.086122599999953, -3.720579799999939 ], [ -41.084947799999952, -3.720323399999927 ], [ -41.084196599999984, -3.720127099999956 ], [ -41.083904199999949, -3.720258399999977 ], [ -41.084355399999936, -3.720899799999927 ], [ -41.084644399999945, -3.722271699999965 ], [ -41.085137599999939, -3.723750699999925 ], [ -41.084648299999969, -3.725445699999966 ], [ -41.083693399999959, -3.725914699999976 ], [ -41.083553599999959, -3.726587099999961 ], [ -41.083476699999949, -3.730005199999937 ], [ -41.082868499999961, -3.731068499999935 ], [ -41.082132399999978, -3.732755599999962 ], [ -41.08128279999994, -3.73333619999994 ], [ -41.081068599999981, -3.735271599999976 ], [ -41.081485699999973, -3.737766199999953 ], [ -41.080776399999934, -3.739154499999927 ], [ -41.080367299999978, -3.73997049999997 ], [ -41.079993, -3.742103 ], [ -41.080591099999936, -3.743619099999933 ], [ -41.081636399999979, -3.744781199999977 ], [ -41.08127479999996, -3.746070599999939 ], [ -41.081077799999946, -3.748338 ], [ -41.080035799999962, -3.74925879999995 ], [ -41.081695, -3.75095639999995 ], [ -41.082674899999972, -3.751764499999979 ], [ -41.083401399999957, -3.754232399999978 ], [ -41.082785099999967, -3.755444499999953 ], [ -41.08280039999994, -3.757502 ], [ -41.081175099999939, -3.760419899999931 ], [ -41.081288099999938, -3.761517899999944 ], [ -41.081774, -3.762111 ], [ -41.083975899999984, -3.762722499999938 ], [ -41.085677699999962, -3.763977699999941 ], [ -41.086864899999966, -3.767358899999977 ], [ -41.085756099999969, -3.768665599999963 ], [ -41.081835699999942, -3.76908149999997 ], [ -41.079812299999958, -3.769923499999948 ], [ -41.078146199999935, -3.769885299999942 ], [ -41.076021199999957, -3.771758399999953 ], [ -41.07302489999995, -3.775823799999955 ], [ -41.072528899999952, -3.776789399999927 ], [ -41.069515699999954, -3.779520299999945 ], [ -41.066437099999973, -3.78325609999996 ], [ -41.066384199999959, -3.784428699999978 ], [ -41.065168899999946, -3.785751299999959 ], [ -41.064883399999985, -3.787178899999958 ], [ -41.06435659999994, -3.78742879999993 ], [ -41.061725599999932, -3.787928799999975 ], [ -41.060465199999953, -3.788357 ], [ -41.060211099999947, -3.789093599999944 ], [ -41.059709199999929, -3.789714899999979 ], [ -41.068904699999962, -3.797262799999942 ], [ -41.083381699999961, -3.807555199999967 ], [ -41.085116599999935, -3.772980899999936 ], [ -41.109461299999964, -3.773560499999974 ], [ -41.108569099999954, -3.79986619999994 ], [ -41.124578699999972, -3.797404799999981 ], [ -41.127147499999978, -3.840520899999945 ], [ -41.131887499999948, -3.844095899999957 ], [ -41.133369499999958, -3.845395699999926 ], [ -41.139766299999962, -3.851923 ], [ -41.143497299999979, -3.85575069999993 ], [ -41.144124799999929, -3.856394499999965 ], [ -41.145318599999939, -3.857635399999936 ], [ -41.146294699999942, -3.858636199999978 ], [ -41.148804499999983, -3.861209699999961 ], [ -41.15177, -3.864268699999968 ], [ -41.154691499999956, -3.866873299999952 ], [ -41.156337399999984, -3.86824409999997 ], [ -41.16002229999998, -3.871373 ], [ -41.160901099999933, -3.872160599999972 ], [ -41.161905199999978, -3.872825199999966 ], [ -41.162006499999961, -3.872868899999958 ], [ -41.162608499999976, -3.873128399999928 ], [ -41.163311599999929, -3.873347899999942 ], [ -41.164341099999945, -3.873524199999963 ], [ -41.164377799999954, -3.873530499999958 ], [ -41.170729799999947, -3.874409199999945 ], [ -41.172915799999942, -3.87470339999993 ], [ -41.174739099999954, -3.874937099999954 ], [ -41.17687559999996, -3.875237199999958 ], [ -41.177334899999948, -3.875344599999949 ], [ -41.177824299999941, -3.875584 ], [ -41.177885099999969, -3.875624699999946 ], [ -41.178322799999933, -3.875923599999965 ], [ -41.17872669999997, -3.876481 ], [ -41.178996699999971, -3.877048099999968 ], [ -41.180623199999957, -3.883808699999975 ], [ -41.181559499999935, -3.887599499999965 ], [ -41.182465, -3.890994499999977 ], [ -41.182803099999944, -3.891492699999958 ], [ -41.183055099999933, -3.891783 ], [ -41.183227, -3.89194759999998 ], [ -41.183441499999958, -3.892040299999962 ], [ -41.184733599999959, -3.892085699999939 ], [ -41.185092299999951, -3.89220819999997 ], [ -41.185258199999964, -3.892347399999949 ], [ -41.186454899999944, -3.892017399999929 ], [ -41.189288799999929, -3.890173 ], [ -41.189993099999981, -3.889941599999929 ], [ -41.191303599999969, -3.891210099999967 ], [ -41.19139389999998, -3.891965099999936 ], [ -41.192276099999958, -3.892381399999977 ], [ -41.193219, -3.893228 ], [ -41.194163399999979, -3.894660699999974 ], [ -41.194594099999961, -3.895448899999963 ], [ -41.19623729999995, -3.895432699999958 ], [ -41.198774499999956, -3.895796799999971 ], [ -41.200004199999967, -3.896826899999951 ], [ -41.204902, -3.899289199999942 ], [ -41.207531499999959, -3.899695399999928 ], [ -41.208788399999946, -3.899259599999937 ], [ -41.210989799999936, -3.899747199999979 ], [ -41.214644399999941, -3.899390699999969 ], [ -41.21658919999993, -3.899248199999931 ], [ -41.219254499999977, -3.900167799999963 ], [ -41.223992899999985, -3.898763599999938 ], [ -41.232234, -3.896736699999963 ], [ -41.235221799999977, -3.895957599999974 ], [ -41.236744199999976, -3.895303 ], [ -41.238761899999929, -3.894656599999962 ], [ -41.239571499999954, -3.894597 ], [ -41.240533899999946, -3.894718799999964 ], [ -41.241706599999929, -3.895146199999942 ], [ -41.242031499999939, -3.895528 ], [ -41.245108099999982, -3.89545279999993 ], [ -41.245671499999958, -3.896426899999938 ], [ -41.24569409999998, -3.896301 ], [ -41.244684, -3.893344399999933 ], [ -41.246578399999976, -3.884521699999937 ], [ -41.247609299999965, -3.882288199999948 ], [ -41.253501599999936, -3.875928199999976 ], [ -41.255365899999958, -3.872889699999973 ], [ -41.258857, -3.870278399999961 ], [ -41.259696399999939, -3.868727699999965 ], [ -41.259954899999968, -3.864751199999944 ], [ -41.261230499999954, -3.864026199999955 ], [ -41.261258199999929, -3.864010399999927 ], [ -41.266911199999981, -3.862680199999943 ], [ -41.266942399999948, -3.86267289999995 ], [ -41.267757099999983, -3.861849899999925 ], [ -41.267848299999969, -3.861180499999932 ], [ -41.266932699999984, -3.860516599999926 ], [ -41.266791599999976, -3.858889699999963 ], [ -41.27010219999994, -3.854447499999935 ], [ -41.270535199999983, -3.853084199999955 ], [ -41.270418799999959, -3.852268599999945 ], [ -41.268069799999978, -3.848317299999962 ], [ -41.268956699999933, -3.845924399999944 ], [ -41.268581299999937, -3.844493399999976 ], [ -41.271302499999933, -3.841917099999932 ], [ -41.27074, -3.837828699999932 ], [ -41.271992, -3.836478399999976 ], [ -41.271994, -3.836476299999958 ], [ -41.273692499999981, -3.835751899999934 ], [ -41.273733, -3.835734599999967 ], [ -41.27513579999993, -3.833941299999935 ], [ -41.275229699999954, -3.830208299999981 ], [ -41.276856299999963, -3.825621099999978 ], [ -41.278008199999931, -3.824553799999933 ], [ -41.278030499999943, -3.82453309999994 ], [ -41.278978499999937, -3.824602499999969 ] ], [ [ -41.162074099999984, -3.750039499999957 ], [ -41.168463699999961, -3.749709799999948 ], [ -41.169466199999931, -3.750461 ], [ -41.169605499999932, -3.750776299999927 ], [ -41.169602499999939, -3.751096199999949 ], [ -41.169895399999973, -3.751461099999972 ], [ -41.169735599999967, -3.752587299999959 ], [ -41.165768199999945, -3.752291499999956 ], [ -41.165040499999975, -3.752237199999968 ], [ -41.161491199999944, -3.750412799999935 ], [ -41.161676099999966, -3.749884399999928 ], [ -41.16201529999995, -3.75004249999995 ], [ -41.162074099999984, -3.750039499999957 ] ] ] ] } },
{ "type": "Feature", "properties": { "CD_SETOR": "231340120000012", "SITUACAO": "Rural", "CD_SIT": "8", "CD_TIPO": "0", "AREA_KM2": 69.040911766380432, "CD_REGIAO": "2", "NM_REGIAO": "Nordeste", "CD_UF": "23", "NM_UF": "Ceará", "CD_MUN": "2313401", "NM_MUN": "Tianguá", "CD_DIST": "231340120", "NM_DIST": "Pindoguaba", "CD_SUBDIST": "23134012000", "NM_SUBDIST": null, "CD_BAIRRO": null, "NM_BAIRRO": null, "CD_NU": null, "NM_NU": null, "CD_FCU": null, "NM_FCU": null, "CD_AGLOM": null, "NM_AGLOM": null, "CD_RGINT": "2306", "NM_RGINT": "Sobral", "CD_RGI": "230016", "NM_RGI": "São Benedito - Ipu - Guaraciaba do Norte - Tianguá", "CD_CONCURB": null, "NM_CONCURB": null, "Areapopulacional_CD_SIT": null, "Areapopulacional_CD_TIPO": null, "Areapopulacional_v0001": null, "Areapopulacional_v0002": null, "Areapopulacional_v0003": null, "Areapopulacional_v0004": null, "Areapopulacional_v0005": null, "Areapopulacional_v0006": null, "Areapopulacional_v0007": null, "Areapopulacional_AREA_DOMICILIADA_KM2": null, "Areapopulacional_AREA_KM2": null, "Areapopulacional_DENSIDADE_DEMOGRAFICA_DOMICILIADA_HAB_KM2": null, "Areapopulacional_DENSIDADE_DEMOGRAFICA_SETOR_HAB_KM2": null, "teste200(2)_fid": null, "teste200(2)_CD_SIT": null, "teste200(2)_CD_TIPO": null, "teste200(2)_v0001": null, "teste200(2)_v0002": null, "teste200(2)_v0003": null, "teste200(2)_v0004": null, "teste200(2)_v0005": null, "teste200(2)_v0006": null, "teste200(2)_v0007": null, "teste200(2)_AREA_DOMICILIADA_KM2": null, "teste200(2)_AREA_KM2": null, "teste200(2)_DENSIDADE_DEMOGRAFICA_DOMICILIADA_HAB_KM2": null, "teste200(2)_DENSIDADE_DEMOGRAFICA_SETOR_HAB_KM2": null, "teste200(2)_V00111SISTEMAGERALÁGUA": null, "teste200(2)_V00112POÇO": null, "teste200(2)_V00113POÇORASO": null, "teste200(2)_V00114NASCENTE,FONTE": null, "teste200(2)_V00115CARROPIPA": null, "teste200(2)_V00116CHUVA": null, "teste200(2)_V00117RIOS,AÇUDES,CORREGOS": null, "teste200(2)_V00118OUTRAFORMA": null }, "geometry": { "type": "MultiPolygon", "coordinates": [ [ [ [ -41.177702599999975, -3.700850299999956 ], [ -41.174940299999946, -3.702207599999952 ], [ -41.174909699999944, -3.702353099999925 ], [ -41.174590599999931, -3.703085 ], [ -41.173689699999954, -3.704258 ], [ -41.173473899999976, -3.70499929999994 ], [ -41.17406509999995, -3.706097299999954 ], [ -41.175034299999936, -3.706854699999951 ], [ -41.176307899999983, -3.708396299999947 ], [ -41.176767699999971, -3.708884299999966 ], [ -41.177265, -3.709822699999961 ], [ -41.177293199999951, -3.71083619999996 ], [ -41.176542499999982, -3.711755799999935 ], [ -41.17482519999993, -3.714158099999963 ], [ -41.174646899999971, -3.714777399999946 ], [ -41.174337199999968, -3.715781499999935 ], [ -41.173924299999953, -3.716748099999961 ], [ -41.173436399999957, -3.717911699999945 ], [ -41.173061, -3.718681199999935 ], [ -41.172510799999941, -3.719108299999959 ], [ -41.172528, -3.720395499999938 ], [ -41.173009399999955, -3.721684099999948 ], [ -41.17329559999996, -3.722317499999974 ], [ -41.173511499999961, -3.723387199999934 ], [ -41.173652199999935, -3.723955 ], [ -41.173469199999943, -3.724776099999929 ], [ -41.173173599999984, -3.724968399999966 ], [ -41.173140799999942, -3.725217099999952 ], [ -41.173023499999942, -3.725540899999942 ], [ -41.172657499999957, -3.725991299999976 ], [ -41.171977199999958, -3.72638539999997 ], [ -41.171536099999969, -3.726545 ], [ -41.171400099999971, -3.727258099999972 ], [ -41.171855199999982, -3.727746099999933 ], [ -41.172266899999954, -3.728338599999972 ], [ -41.172361899999942, -3.728783 ], [ -41.172479199999941, -3.729341399999953 ], [ -41.172463, -3.729680799999926 ], [ -41.172349699999984, -3.729725 ], [ -41.172137499999963, -3.730040899999949 ], [ -41.172193, -3.730458099999964 ], [ -41.172825399999965, -3.730904799999962 ], [ -41.173675699999933, -3.731565399999965 ], [ -41.174158899999952, -3.732241 ], [ -41.174093299999981, -3.732818099999974 ], [ -41.173872699999947, -3.733517199999937 ], [ -41.173824199999956, -3.734466399999974 ], [ -41.173717899999986, -3.734784099999956 ], [ -41.173929, -3.735089099999925 ], [ -41.174337199999968, -3.735483199999976 ], [ -41.17489089999998, -3.735788199999945 ], [ -41.175111, -3.736512699999935 ], [ -41.175069199999939, -3.737017499999979 ], [ -41.174581199999977, -3.737890199999981 ], [ -41.174670399999968, -3.738232699999969 ], [ -41.175031699999977, -3.738819199999966 ], [ -41.175645499999973, -3.739846399999976 ], [ -41.175704699999983, -3.740527199999974 ], [ -41.175097299999948, -3.741245 ], [ -41.174623499999939, -3.741803299999958 ], [ -41.174745399999949, -3.742676 ], [ -41.175153699999953, -3.743417299999976 ], [ -41.174914399999977, -3.744102399999974 ], [ -41.174567199999956, -3.744740499999978 ], [ -41.1746, -3.745115799999951 ], [ -41.174801799999955, -3.745481799999936 ], [ -41.175250699999935, -3.745750599999951 ], [ -41.176163299999985, -3.746711 ], [ -41.176443899999981, -3.748048299999937 ], [ -41.176795799999979, -3.748545699999966 ], [ -41.177452699999947, -3.74967179999993 ], [ -41.177789799999971, -3.750425499999949 ], [ -41.177755, -3.750709399999948 ], [ -41.180488399999945, -3.749929799999961 ], [ -41.184739299999933, -3.749645499999929 ], [ -41.187209799999948, -3.750460399999952 ], [ -41.18876709999995, -3.750320699999975 ], [ -41.193787199999974, -3.750987799999962 ], [ -41.195979199999954, -3.751758099999961 ], [ -41.199176699999953, -3.752184799999952 ], [ -41.200607699999978, -3.753533299999958 ], [ -41.202778099999932, -3.756303899999978 ], [ -41.204777899999954, -3.756670299999939 ], [ -41.207964699999934, -3.761490899999956 ], [ -41.213193699999977, -3.76290419999998 ], [ -41.220405099999937, -3.768486399999972 ], [ -41.22180469999995, -3.769423099999926 ], [ -41.223777499999983, -3.771615499999939 ], [ -41.227608399999951, -3.771239599999944 ], [ -41.231794599999944, -3.7722 ], [ -41.235052199999984, -3.77092 ], [ -41.237080099999957, -3.77185 ], [ -41.236816899999951, -3.777289199999927 ], [ -41.237773899999979, -3.778948 ], [ -41.239477199999953, -3.779604499999948 ], [ -41.241071399999953, -3.785288599999944 ], [ -41.242535299999929, -3.788817 ], [ -41.244562199999962, -3.791144199999962 ], [ -41.245026799999948, -3.79392619999993 ], [ -41.246251399999949, -3.795648599999936 ], [ -41.247452499999952, -3.796924799999942 ], [ -41.249479399999984, -3.798764 ], [ -41.250643099999934, -3.800303 ], [ -41.252557399999944, -3.802367499999946 ], [ -41.253608399999962, -3.804732199999933 ], [ -41.25333569999998, -3.806055899999933 ], [ -41.254012099999954, -3.80804059999997 ], [ -41.256160799999975, -3.809311599999944 ], [ -41.257854899999984, -3.809262299999943 ], [ -41.259426499999961, -3.810212499999977 ], [ -41.260777699999949, -3.811976699999946 ], [ -41.261003, -3.813853499999937 ], [ -41.261603399999956, -3.814745399999936 ], [ -41.263255099999981, -3.814942 ], [ -41.263555399999973, -3.81584289999995 ], [ -41.263592899999935, -3.817569499999934 ], [ -41.267271499999936, -3.820497299999943 ], [ -41.270817199999954, -3.820709299999976 ], [ -41.276183299999957, -3.820474 ], [ -41.278147799999942, -3.821401 ], [ -41.279433099999949, -3.823199899999963 ], [ -41.278978499999937, -3.824602499999969 ], [ -41.281367, -3.826845499999934 ], [ -41.282659499999966, -3.826811899999939 ], [ -41.282673099999954, -3.826811499999963 ], [ -41.284728399999949, -3.82545209999995 ], [ -41.286683699999969, -3.822654199999931 ], [ -41.287424099999953, -3.822278 ], [ -41.287463899999977, -3.822257699999966 ], [ -41.287935899999979, -3.822487 ], [ -41.289351699999941, -3.825530699999945 ], [ -41.29253749999998, -3.825820499999963 ], [ -41.294245899999964, -3.829467799999975 ], [ -41.29516, -3.830178399999966 ], [ -41.296072099999947, -3.830039099999965 ], [ -41.296099499999968, -3.83003489999993 ], [ -41.296671899999978, -3.829449199999942 ], [ -41.298945, -3.826156799999978 ], [ -41.298959899999943, -3.826135199999953 ], [ -41.300756, -3.826293799999974 ], [ -41.300814099999968, -3.826298899999927 ], [ -41.298737099999983, -3.823155499999928 ], [ -41.294374, -3.818563299999937 ], [ -41.289849299999958, -3.814834699999949 ], [ -41.280464099999961, -3.805452399999979 ], [ -41.275612, -3.802302 ], [ -41.270753799999966, -3.79684629999997 ], [ -41.264828499999965, -3.791578299999969 ], [ -41.262604099999976, -3.78882 ], [ -41.25412289999997, -3.775041399999964 ], [ -41.253779499999951, -3.773419699999977 ], [ -41.254021799999975, -3.772019899999975 ], [ -41.254834699999947, -3.770263 ], [ -41.260483699999952, -3.76245119999993 ], [ -41.261182699999949, -3.757542699999931 ], [ -41.26151909999993, -3.751942299999939 ], [ -41.261262099999954, -3.746217899999976 ], [ -41.26001969999993, -3.739348899999925 ], [ -41.258518899999956, -3.732775499999946 ], [ -41.257362699999931, -3.729900499999928 ], [ -41.253080299999965, -3.724216299999966 ], [ -41.25188849999995, -3.723339799999962 ], [ -41.24722259999993, -3.722089399999959 ], [ -41.239429399999949, -3.720749699999942 ], [ -41.238540899999975, -3.719881099999952 ], [ -41.23806339999993, -3.717807599999958 ], [ -41.238280499999973, -3.715768599999933 ], [ -41.239294799999982, -3.712775399999941 ], [ -41.239213099999972, -3.71277269999996 ], [ -41.231046599999956, -3.712828399999978 ], [ -41.228665599999943, -3.712804499999947 ], [ -41.226077, -3.713050199999941 ], [ -41.224651599999959, -3.713431899999932 ], [ -41.22290959999998, -3.717179699999974 ], [ -41.221219699999949, -3.718909099999962 ], [ -41.220406399999945, -3.718802299999936 ], [ -41.216975099999956, -3.714284499999962 ], [ -41.216778899999952, -3.714162499999929 ], [ -41.213530599999956, -3.712134699999979 ], [ -41.212597799999969, -3.71016869999994 ], [ -41.210739399999966, -3.709627099999977 ], [ -41.208513299999936, -3.708971799999972 ], [ -41.207186799999931, -3.706930099999965 ], [ -41.205497399999956, -3.702557099999979 ], [ -41.204886599999952, -3.701087599999937 ], [ -41.203349799999955, -3.700625 ], [ -41.199927599999967, -3.699598699999967 ], [ -41.198199699999975, -3.697659899999962 ], [ -41.19632219999994, -3.696001599999931 ], [ -41.194875899999943, -3.696699499999966 ], [ -41.19418289999993, -3.698739299999943 ], [ -41.192390899999964, -3.702769099999955 ], [ -41.189207499999952, -3.703888799999959 ], [ -41.177702599999975, -3.700850299999956 ] ] ] ] } },
{ "type": "Feature", "properties": { "CD_SETOR": "231340120000013", "SITUACAO": "Rural", "CD_SIT": "8", "CD_TIPO": "0", "AREA_KM2": 51.015159831464011, "CD_REGIAO": "2", "NM_REGIAO": "Nordeste", "CD_UF": "23", "NM_UF": "Ceará", "CD_MUN": "2313401", "NM_MUN": "Tianguá", "CD_DIST": "231340120", "NM_DIST": "Pindoguaba", "CD_SUBDIST": "23134012000", "NM_SUBDIST": null, "CD_BAIRRO": null, "NM_BAIRRO": null, "CD_NU": null, "NM_NU": null, "CD_FCU": null, "NM_FCU": null, "CD_AGLOM": null, "NM_AGLOM": null, "CD_RGINT": "2306", "NM_RGINT": "Sobral", "CD_RGI": "230016", "NM_RGI": "São Benedito - Ipu - Guaraciaba do Norte - Tianguá", "CD_CONCURB": null, "NM_CONCURB": null, "Areapopulacional_CD_SIT": null, "Areapopulacional_CD_TIPO": null, "Areapopulacional_v0001": null, "Areapopulacional_v0002": null, "Areapopulacional_v0003": null, "Areapopulacional_v0004": null, "Areapopulacional_v0005": null, "Areapopulacional_v0006": null, "Areapopulacional_v0007": null, "Areapopulacional_AREA_DOMICILIADA_KM2": null, "Areapopulacional_AREA_KM2": null, "Areapopulacional_DENSIDADE_DEMOGRAFICA_DOMICILIADA_HAB_KM2": null, "Areapopulacional_DENSIDADE_DEMOGRAFICA_SETOR_HAB_KM2": null, "teste200(2)_fid": null, "teste200(2)_CD_SIT": null, "teste200(2)_CD_TIPO": null, "teste200(2)_v0001": null, "teste200(2)_v0002": null, "teste200(2)_v0003": null, "teste200(2)_v0004": null, "teste200(2)_v0005": null, "teste200(2)_v0006": null, "teste200(2)_v0007": null, "teste200(2)_AREA_DOMICILIADA_KM2": null, "teste200(2)_AREA_KM2": null, "teste200(2)_DENSIDADE_DEMOGRAFICA_DOMICILIADA_HAB_KM2": null, "teste200(2)_DENSIDADE_DEMOGRAFICA_SETOR_HAB_KM2": null, "teste200(2)_V00111SISTEMAGERALÁGUA": null, "teste200(2)_V00112POÇO": null, "teste200(2)_V00113POÇORASO": null, "teste200(2)_V00114NASCENTE,FONTE": null, "teste200(2)_V00115CARROPIPA": null, "teste200(2)_V00116CHUVA": null, "teste200(2)_V00117RIOS,AÇUDES,CORREGOS": null, "teste200(2)_V00118OUTRAFORMA": null }, "geometry": { "type": "MultiPolygon", "coordinates": [ [ [ [ -41.177755, -3.750709399999948 ], [ -41.177789799999971, -3.750425499999949 ], [ -41.177452699999947, -3.74967179999993 ], [ -41.176795799999979, -3.748545699999966 ], [ -41.176443899999981, -3.748048299999937 ], [ -41.176163299999985, -3.746711 ], [ -41.175250699999935, -3.745750599999951 ], [ -41.174801799999955, -3.745481799999936 ], [ -41.1746, -3.745115799999951 ], [ -41.174567199999956, -3.744740499999978 ], [ -41.174914399999977, -3.744102399999974 ], [ -41.175153699999953, -3.743417299999976 ], [ -41.174745399999949, -3.742676 ], [ -41.174623499999939, -3.741803299999958 ], [ -41.175097299999948, -3.741245 ], [ -41.175704699999983, -3.740527199999974 ], [ -41.175645499999973, -3.739846399999976 ], [ -41.175031699999977, -3.738819199999966 ], [ -41.174670399999968, -3.738232699999969 ], [ -41.174581199999977, -3.737890199999981 ], [ -41.175069199999939, -3.737017499999979 ], [ -41.175111, -3.736512699999935 ], [ -41.17489089999998, -3.735788199999945 ], [ -41.174337199999968, -3.735483199999976 ], [ -41.173929, -3.735089099999925 ], [ -41.173717899999986, -3.734784099999956 ], [ -41.173824199999956, -3.734466399999974 ], [ -41.173872699999947, -3.733517199999937 ], [ -41.174093299999981, -3.732818099999974 ], [ -41.174158899999952, -3.732241 ], [ -41.173675699999933, -3.731565399999965 ], [ -41.172825399999965, -3.730904799999962 ], [ -41.172193, -3.730458099999964 ], [ -41.172137499999963, -3.730040899999949 ], [ -41.172349699999984, -3.729725 ], [ -41.172463, -3.729680799999926 ], [ -41.172479199999941, -3.729341399999953 ], [ -41.172361899999942, -3.728783 ], [ -41.172266899999954, -3.728338599999972 ], [ -41.171855199999982, -3.727746099999933 ], [ -41.171400099999971, -3.727258099999972 ], [ -41.171536099999969, -3.726545 ], [ -41.171977199999958, -3.72638539999997 ], [ -41.172657499999957, -3.725991299999976 ], [ -41.173023499999942, -3.725540899999942 ], [ -41.173140799999942, -3.725217099999952 ], [ -41.173173599999984, -3.724968399999966 ], [ -41.173469199999943, -3.724776099999929 ], [ -41.173652199999935, -3.723955 ], [ -41.173511499999961, -3.723387199999934 ], [ -41.17329559999996, -3.722317499999974 ], [ -41.173009399999955, -3.721684099999948 ], [ -41.172528, -3.720395499999938 ], [ -41.172510799999941, -3.719108299999959 ], [ -41.173061, -3.718681199999935 ], [ -41.173436399999957, -3.717911699999945 ], [ -41.173924299999953, -3.716748099999961 ], [ -41.174337199999968, -3.715781499999935 ], [ -41.174646899999971, -3.714777399999946 ], [ -41.17482519999993, -3.714158099999963 ], [ -41.176542499999982, -3.711755799999935 ], [ -41.177293199999951, -3.71083619999996 ], [ -41.177265, -3.709822699999961 ], [ -41.176767699999971, -3.708884299999966 ], [ -41.176307899999983, -3.708396299999947 ], [ -41.175034299999936, -3.706854699999951 ], [ -41.17406509999995, -3.706097299999954 ], [ -41.173473899999976, -3.70499929999994 ], [ -41.173689699999954, -3.704258 ], [ -41.174590599999931, -3.703085 ], [ -41.174909699999944, -3.702353099999925 ], [ -41.174940299999946, -3.702207599999952 ], [ -41.177702599999975, -3.700850299999956 ], [ -41.172057299999949, -3.697832199999937 ], [ -41.168968, -3.697351799999979 ], [ -41.164077, -3.699086 ], [ -41.160015099999953, -3.696746399999938 ], [ -41.156629699999939, -3.695324899999946 ], [ -41.152962299999956, -3.695046799999943 ], [ -41.150439499999948, -3.695483499999966 ], [ -41.14684619999997, -3.696231699999942 ], [ -41.140309399999978, -3.700914 ], [ -41.134964299999979, -3.701958899999966 ], [ -41.132414, -3.704903799999954 ], [ -41.130903299999943, -3.710409099999936 ], [ -41.129600699999969, -3.712341699999968 ], [ -41.12033409999998, -3.711582799999974 ], [ -41.113451899999973, -3.702761499999951 ], [ -41.11206569999996, -3.701791699999944 ], [ -41.109093399999949, -3.699712 ], [ -41.09899669999993, -3.697331599999927 ], [ -41.092142699999954, -3.693348299999968 ], [ -41.091051799999946, -3.692681599999958 ], [ -41.089508399999943, -3.691141 ], [ -41.088596199999984, -3.69009049999994 ], [ -41.087679699999967, -3.68957249999994 ], [ -41.086522299999956, -3.689462499999934 ], [ -41.085563, -3.68968609999996 ], [ -41.084789399999977, -3.690120599999943 ], [ -41.083959499999935, -3.69093909999998 ], [ -41.080368199999953, -3.690821299999925 ], [ -41.07439, -3.683269 ], [ -41.071233099999972, -3.681654299999934 ], [ -41.065905799999939, -3.678133399999979 ], [ -41.065899899999977, -3.678129499999955 ], [ -41.06590209999996, -3.678133899999978 ], [ -41.065373199999954, -3.678591199999971 ], [ -41.065376899999933, -3.680608199999938 ], [ -41.065573499999971, -3.682181599999979 ], [ -41.066427399999952, -3.683010399999944 ], [ -41.066734, -3.684140099999979 ], [ -41.066584, -3.684666199999981 ], [ -41.066187199999945, -3.685329 ], [ -41.065803499999959, -3.686323699999946 ], [ -41.066382099999942, -3.688296799999932 ], [ -41.067515399999934, -3.691002699999956 ], [ -41.067497099999969, -3.691819099999975 ], [ -41.067205399999978, -3.692552199999966 ], [ -41.066542, -3.692609799999957 ], [ -41.066064799999936, -3.693042199999979 ], [ -41.066044499999975, -3.693499599999939 ], [ -41.066654399999948, -3.695060399999932 ], [ -41.066438199999936, -3.696967499999971 ], [ -41.06664909999995, -3.698600299999953 ], [ -41.066815299999973, -3.699115099999972 ], [ -41.067472699999939, -3.700075099999935 ], [ -41.068245699999977, -3.700646199999937 ], [ -41.06884679999996, -3.701403499999969 ], [ -41.06929219999995, -3.702334099999973 ], [ -41.069496099999981, -3.703196799999944 ], [ -41.070232799999985, -3.703787 ], [ -41.071718, -3.704297399999973 ], [ -41.073105699999985, -3.705460799999969 ], [ -41.072919099999979, -3.70717209999998 ], [ -41.07538379999994, -3.708633199999952 ], [ -41.077526199999966, -3.709458499999926 ], [ -41.079166399999963, -3.711584 ], [ -41.080667299999959, -3.712257 ], [ -41.081595399999969, -3.713882699999942 ], [ -41.082424, -3.717470299999945 ], [ -41.082945099999961, -3.719045699999981 ], [ -41.083744599999932, -3.720072399999935 ], [ -41.083904199999949, -3.720258399999977 ], [ -41.084196599999984, -3.720127099999956 ], [ -41.084947799999952, -3.720323399999927 ], [ -41.086122599999953, -3.720579799999939 ], [ -41.086602899999946, -3.720808199999965 ], [ -41.08811019999996, -3.722472299999936 ], [ -41.088943299999983, -3.723474099999976 ], [ -41.089574099999936, -3.724037799999962 ], [ -41.091967, -3.725184299999967 ], [ -41.093262, -3.725869299999943 ], [ -41.094932399999948, -3.726704499999926 ], [ -41.095880199999954, -3.727220599999953 ], [ -41.097222099999954, -3.727971299999979 ], [ -41.098742299999969, -3.728862799999945 ], [ -41.099249, -3.729163099999937 ], [ -41.101970399999971, -3.730946 ], [ -41.105311099999938, -3.733146599999941 ], [ -41.111398299999962, -3.736782099999971 ], [ -41.116187099999934, -3.739616799999965 ], [ -41.119077299999958, -3.741352899999924 ], [ -41.121384699999965, -3.742715399999952 ], [ -41.122164699999985, -3.743154599999968 ], [ -41.122784, -3.743515899999977 ], [ -41.123327099999983, -3.743861899999956 ], [ -41.123578299999963, -3.744011199999932 ], [ -41.124032499999942, -3.744278299999962 ], [ -41.124717099999941, -3.744684199999938 ], [ -41.125216799999976, -3.744999699999937 ], [ -41.125756399999943, -3.745338699999934 ], [ -41.126341699999955, -3.745728099999951 ], [ -41.126633799999979, -3.745917 ], [ -41.12715929999996, -3.746260699999937 ], [ -41.127677799999958, -3.746591499999965 ], [ -41.128159399999959, -3.746867799999961 ], [ -41.128527, -3.746995 ], [ -41.128961, -3.747126399999956 ], [ -41.129378599999939, -3.747269499999959 ], [ -41.129800899999964, -3.747407899999928 ], [ -41.130108199999938, -3.747506399999963 ], [ -41.130774499999973, -3.747741 ], [ -41.131323399999985, -3.747970899999927 ], [ -41.131929799999966, -3.748228399999959 ], [ -41.132400299999972, -3.748388499999976 ], [ -41.132998499999985, -3.748638099999937 ], [ -41.13318849999996, -3.748681799999929 ], [ -41.133524, -3.748707599999932 ], [ -41.134138599999972, -3.748770899999954 ], [ -41.134799299999941, -3.748984299999961 ], [ -41.135321, -3.749172099999953 ], [ -41.136189, -3.749460599999964 ], [ -41.136873499999979, -3.749756299999945 ], [ -41.136918099999946, -3.749778699999979 ], [ -41.137695199999939, -3.750171499999965 ], [ -41.137991199999931, -3.750309199999947 ], [ -41.138389099999984, -3.750517 ], [ -41.138347, -3.749886899999979 ], [ -41.14188489999998, -3.749563699999953 ], [ -41.141998099999967, -3.750090299999954 ], [ -41.1423, -3.750015299999973 ], [ -41.142792499999985, -3.749942499999975 ], [ -41.143568099999982, -3.749946 ], [ -41.14503579999996, -3.750267599999972 ], [ -41.145570799999973, -3.750232199999971 ], [ -41.146293, -3.749994699999945 ], [ -41.146619899999962, -3.749853899999948 ], [ -41.147112, -3.749586299999976 ], [ -41.147626499999944, -3.748995299999933 ], [ -41.148131399999954, -3.748466599999972 ], [ -41.149529199999961, -3.747697399999936 ], [ -41.149778099999935, -3.747635199999934 ], [ -41.150469899999962, -3.747742499999958 ], [ -41.151498099999969, -3.747737399999949 ], [ -41.152154699999983, -3.747588599999972 ], [ -41.152579899999978, -3.74792919999993 ], [ -41.152912599999979, -3.747910199999978 ], [ -41.153406299999972, -3.748259499999961 ], [ -41.15409429999994, -3.748635299999933 ], [ -41.155169599999965, -3.748839099999941 ], [ -41.156079, -3.749055299999952 ], [ -41.157126799999958, -3.748619599999927 ], [ -41.157373799999959, -3.748304 ], [ -41.158884299999954, -3.749696899999947 ], [ -41.160516099999938, -3.748466099999973 ], [ -41.161658, -3.748671499999944 ], [ -41.165451299999972, -3.749382399999945 ], [ -41.171036399999934, -3.749576 ], [ -41.177755, -3.750709399999948 ] ], [ [ -41.078577299999949, -3.703072 ], [ -41.086137699999938, -3.705024199999968 ], [ -41.086420099999941, -3.705097099999932 ], [ -41.086393699999974, -3.705354499999942 ], [ -41.086117799999954, -3.708043399999951 ], [ -41.083920899999953, -3.708880699999952 ], [ -41.08382359999996, -3.708917699999972 ], [ -41.083692199999973, -3.708712 ], [ -41.082001799999944, -3.706067699999949 ], [ -41.080877799999939, -3.70503059999993 ], [ -41.080843399999935, -3.70500149999998 ], [ -41.080735699999934, -3.704919199999949 ], [ -41.080137, -3.704461599999945 ], [ -41.079503299999942, -3.704266099999927 ], [ -41.079279499999984, -3.704197 ], [ -41.078872799999942, -3.70450429999994 ], [ -41.078655499999968, -3.704526 ], [ -41.07787639999998, -3.704604 ], [ -41.078577299999949, -3.703072 ] ] ] ] } },
{ "type": "Feature", "properties": { "CD_SETOR": "231340120000014", "SITUACAO": null, "CD_SIT": "9", "CD_TIPO": "0", "AREA_KM2": 1.3773185326368029, "CD_REGIAO": "2", "NM_REGIAO": "Nordeste", "CD_UF": "23", "NM_UF": "Ceará", "CD_MUN": "2313401", "NM_MUN": "Tianguá", "CD_DIST": "231340120", "NM_DIST": "Pindoguaba", "CD_SUBDIST": "23134012000", "NM_SUBDIST": null, "CD_BAIRRO": null, "NM_BAIRRO": null, "CD_NU": null, "NM_NU": null, "CD_FCU": null, "NM_FCU": null, "CD_AGLOM": null, "NM_AGLOM": null, "CD_RGINT": "2306", "NM_RGINT": "Sobral", "CD_RGI": "230016", "NM_RGI": "São Benedito - Ipu - Guaraciaba do Norte - Tianguá", "CD_CONCURB": null, "NM_CONCURB": null, "Areapopulacional_CD_SIT": null, "Areapopulacional_CD_TIPO": null, "Areapopulacional_v0001": null, "Areapopulacional_v0002": null, "Areapopulacional_v0003": null, "Areapopulacional_v0004": null, "Areapopulacional_v0005": null, "Areapopulacional_v0006": null, "Areapopulacional_v0007": null, "Areapopulacional_AREA_DOMICILIADA_KM2": null, "Areapopulacional_AREA_KM2": null, "Areapopulacional_DENSIDADE_DEMOGRAFICA_DOMICILIADA_HAB_KM2": null, "Areapopulacional_DENSIDADE_DEMOGRAFICA_SETOR_HAB_KM2": null, "teste200(2)_fid": null, "teste200(2)_CD_SIT": null, "teste200(2)_CD_TIPO": null, "teste200(2)_v0001": null, "teste200(2)_v0002": null, "teste200(2)_v0003": null, "teste200(2)_v0004": null, "teste200(2)_v0005": null, "teste200(2)_v0006": null, "teste200(2)_v0007": null, "teste200(2)_AREA_DOMICILIADA_KM2": null, "teste200(2)_AREA_KM2": null, "teste200(2)_DENSIDADE_DEMOGRAFICA_DOMICILIADA_HAB_KM2": null, "teste200(2)_DENSIDADE_DEMOGRAFICA_SETOR_HAB_KM2": null, "teste200(2)_V00111SISTEMAGERALÁGUA": null, "teste200(2)_V00112POÇO": null, "teste200(2)_V00113POÇORASO": null, "teste200(2)_V00114NASCENTE,FONTE": null, "teste200(2)_V00115CARROPIPA": null, "teste200(2)_V00116CHUVA": null, "teste200(2)_V00117RIOS,AÇUDES,CORREGOS": null, "teste200(2)_V00118OUTRAFORMA": null }, "geometry": { "type": "MultiPolygon", "coordinates": [ [ [ [ -41.102483499999948, -3.844397199999946 ], [ -41.105170299999941, -3.844543599999952 ], [ -41.105168399999968, -3.844535399999927 ], [ -41.105122499999936, -3.844477499999925 ], [ -41.104886399999941, -3.844433799999933 ], [ -41.104903899999954, -3.844302699999957 ], [ -41.105148699999972, -3.844189 ], [ -41.105424099999937, -3.844206499999927 ], [ -41.105791199999942, -3.844053499999973 ], [ -41.105896099999939, -3.843992299999968 ], [ -41.106127799999967, -3.843865599999958 ], [ -41.106289499999946, -3.843782499999975 ], [ -41.10646, -3.843791299999964 ], [ -41.106551799999977, -3.843664499999932 ], [ -41.10646, -3.843266699999958 ], [ -41.10635069999995, -3.842834 ], [ -41.10623709999993, -3.842488699999933 ], [ -41.106123399999944, -3.841920499999958 ], [ -41.106092799999942, -3.841107499999964 ], [ -41.105769399999986, -3.840137099999936 ], [ -41.10563819999993, -3.839437699999962 ], [ -41.105909199999985, -3.838345 ], [ -41.105944199999954, -3.837086099999965 ], [ -41.105550799999946, -3.83700749999997 ], [ -41.104930099999933, -3.836972499999945 ], [ -41.104222, -3.836745199999939 ], [ -41.103592599999956, -3.836640299999942 ], [ -41.103304099999946, -3.836692699999958 ], [ -41.102928199999951, -3.836788899999931 ], [ -41.102596, -3.836605299999974 ], [ -41.102089, -3.836413 ], [ -41.101713099999984, -3.836649 ], [ -41.101302199999964, -3.837103599999978 ], [ -41.101249699999983, -3.837313399999971 ], [ -41.101022499999942, -3.838082699999973 ], [ -41.100716499999976, -3.838178899999946 ], [ -41.100349299999948, -3.838257599999963 ], [ -41.100218199999972, -3.838074 ], [ -41.100358099999937, -3.837584399999969 ], [ -41.100550399999975, -3.837059899999929 ], [ -41.100821399999973, -3.836552899999958 ], [ -41.100847599999952, -3.836343099999965 ], [ -41.101005, -3.835608699999966 ], [ -41.101206, -3.83477819999996 ], [ -41.10129349999994, -3.834253699999977 ], [ -41.101389599999948, -3.833869099999959 ], [ -41.101564499999938, -3.833501899999931 ], [ -41.101634399999966, -3.833353299999942 ], [ -41.101765499999942, -3.833003599999927 ], [ -41.101713099999984, -3.832715099999973 ], [ -41.101503299999933, -3.832400399999926 ], [ -41.101188599999944, -3.832164399999954 ], [ -41.10097, -3.832015799999965 ], [ -41.100838899999985, -3.832208099999946 ], [ -41.100576599999954, -3.832627699999932 ], [ -41.100192, -3.833047299999976 ], [ -41.100218199999972, -3.833475699999951 ], [ -41.100008399999979, -3.833799099999965 ], [ -41.099623699999938, -3.833956499999942 ], [ -41.099396399999932, -3.83405259999995 ], [ -41.09916039999996, -3.834166299999936 ], [ -41.09884569999997, -3.834332399999937 ], [ -41.09874949999994, -3.834437299999934 ], [ -41.098583399999939, -3.834725799999944 ], [ -41.098522199999934, -3.834848199999954 ], [ -41.098225, -3.835031799999967 ], [ -41.097997699999951, -3.835127899999975 ], [ -41.097954, -3.835407699999962 ], [ -41.098050199999932, -3.83558249999993 ], [ -41.098032699999976, -3.835836 ], [ -41.097919, -3.836072099999967 ], [ -41.097665499999948, -3.836229399999979 ], [ -41.097385799999984, -3.836220699999956 ], [ -41.097245899999962, -3.836168199999975 ], [ -41.097141, -3.836238199999968 ], [ -41.096939899999938, -3.836430499999949 ], [ -41.096808799999963, -3.836605299999974 ], [ -41.096695199999942, -3.836876299999972 ], [ -41.096634, -3.837112399999967 ], [ -41.09667769999993, -3.837261 ], [ -41.096843799999931, -3.837427099999957 ], [ -41.097132299999942, -3.837497 ], [ -41.097307099999966, -3.837741799999947 ], [ -41.097263399999974, -3.837899099999959 ], [ -41.097167199999944, -3.838161399999933 ], [ -41.097053599999981, -3.83831 ], [ -41.096861199999978, -3.838458599999967 ], [ -41.096389199999976, -3.838493599999936 ], [ -41.096494099999973, -3.838729599999965 ], [ -41.096293, -3.839035599999931 ], [ -41.096397899999943, -3.839429 ], [ -41.096231799999941, -3.839638799999932 ], [ -41.096126899999945, -3.8397 ], [ -41.095794699999942, -3.83969129999997 ], [ -41.095611099999985, -3.839726199999973 ], [ -41.09555869999997, -3.839883599999951 ], [ -41.095287699999972, -3.840189599999974 ], [ -41.095007899999985, -3.840242 ], [ -41.094570799999985, -3.840250699999956 ], [ -41.094317299999943, -3.840145799999959 ], [ -41.094125, -3.840040899999963 ], [ -41.093880199999944, -3.839892299999974 ], [ -41.093626699999959, -3.83990979999993 ], [ -41.093373199999974, -3.839778699999954 ], [ -41.093277, -3.839630099999965 ], [ -41.093390699999929, -3.839289099999974 ], [ -41.09330319999998, -3.839201699999933 ], [ -41.093172099999947, -3.839166699999964 ], [ -41.093023499999958, -3.839236699999958 ], [ -41.092839899999944, -3.83951639999998 ], [ -41.0927, -3.839778699999954 ], [ -41.092542699999967, -3.839979699999958 ], [ -41.092271699999969, -3.840040899999963 ], [ -41.091747199999929, -3.839997199999971 ], [ -41.091353799999979, -3.839892299999974 ], [ -41.091117699999984, -3.839866099999938 ], [ -41.090846699999929, -3.839866099999938 ], [ -41.090558199999975, -3.839936 ], [ -41.090357199999971, -3.839927299999943 ], [ -41.090182299999981, -3.839752499999975 ], [ -41.090103699999929, -3.839455199999975 ], [ -41.090068699999961, -3.839158 ], [ -41.090147399999978, -3.838922 ], [ -41.090304699999933, -3.838624699999968 ], [ -41.090444599999955, -3.838511099999948 ], [ -41.09061939999998, -3.838196399999958 ], [ -41.090365899999938, -3.838213899999971 ], [ -41.09009489999994, -3.838345 ], [ -41.08978019999995, -3.838152699999966 ], [ -41.089526699999965, -3.837934099999927 ], [ -41.089264399999934, -3.837724299999934 ], [ -41.089028399999961, -3.837645599999973 ], [ -41.088722399999938, -3.837645599999973 ], [ -41.088267799999983, -3.837671799999953 ], [ -41.088145399999974, -3.837628099999961 ], [ -41.088154199999963, -3.837226 ], [ -41.088267799999983, -3.83692 ], [ -41.08854759999997, -3.836684 ], [ -41.088696199999958, -3.836666499999978 ], [ -41.088879799999972, -3.836666499999978 ], [ -41.089019699999938, -3.836649 ], [ -41.089185699999973, -3.836544099999969 ], [ -41.089255699999967, -3.836351799999932 ], [ -41.08915079999997, -3.836010899999962 ], [ -41.088932199999931, -3.835827299999949 ], [ -41.088687499999935, -3.835844799999961 ], [ -41.088433899999984, -3.835897199999977 ], [ -41.088276599999972, -3.835932199999945 ], [ -41.087918199999933, -3.836177 ], [ -41.087612199999967, -3.83618569999993 ], [ -41.087472299999945, -3.836334299999976 ], [ -41.087306199999944, -3.836439199999973 ], [ -41.087140099999942, -3.836482899999965 ], [ -41.086869099999944, -3.83659659999995 ], [ -41.086641799999938, -3.836587799999961 ], [ -41.086475699999937, -3.836474199999941 ], [ -41.086475699999937, -3.83628189999996 ], [ -41.086703, -3.835836 ], [ -41.086668, -3.835302799999965 ], [ -41.086729199999979, -3.834830699999941 ], [ -41.086528199999975, -3.834481 ], [ -41.086230899999975, -3.83446349999997 ], [ -41.086029899999971, -3.834594699999968 ], [ -41.085514099999955, -3.834577199999956 ], [ -41.085155699999973, -3.834516 ], [ -41.08494589999998, -3.834550899999954 ], [ -41.084552499999972, -3.83466459999994 ], [ -41.084325199999967, -3.834585899999979 ], [ -41.084281499999975, -3.834682099999952 ], [ -41.083660799999961, -3.834795699999972 ], [ -41.08339849999993, -3.834787 ], [ -41.083136299999978, -3.83476079999997 ], [ -41.082874, -3.834996799999942 ], [ -41.082856499999934, -3.835241599999961 ], [ -41.082672899999977, -3.835398899999973 ], [ -41.082471899999973, -3.835398899999973 ], [ -41.082182199999977, -3.835501299999976 ], [ -41.086896799999977, -3.837929199999962 ], [ -41.086262899999952, -3.83871709999994 ], [ -41.088148, -3.839097799999934 ], [ -41.089167299999986, -3.840015199999925 ], [ -41.090516899999955, -3.841204699999935 ], [ -41.09491479999997, -3.84293839999998 ], [ -41.099075499999969, -3.844128299999966 ], [ -41.102483499999948, -3.844397199999946 ] ] ] ] } },
{ "type": "Feature", "properties": { "CD_SETOR": "231340120000015", "SITUACAO": "Rural", "CD_SIT": "8", "CD_TIPO": "0", "AREA_KM2": 20.801453630288982, "CD_REGIAO": "2", "NM_REGIAO": "Nordeste", "CD_UF": "23", "NM_UF": "Ceará", "CD_MUN": "2313401", "NM_MUN": "Tianguá", "CD_DIST": "231340120", "NM_DIST": "Pindoguaba", "CD_SUBDIST": "23134012000", "NM_SUBDIST": null, "CD_BAIRRO": null, "NM_BAIRRO": null, "CD_NU": null, "NM_NU": null, "CD_FCU": null, "NM_FCU": null, "CD_AGLOM": null, "NM_AGLOM": null, "CD_RGINT": "2306", "NM_RGINT": "Sobral", "CD_RGI": "230016", "NM_RGI": "São Benedito - Ipu - Guaraciaba do Norte - Tianguá", "CD_CONCURB": null, "NM_CONCURB": null, "Areapopulacional_CD_SIT": null, "Areapopulacional_CD_TIPO": null, "Areapopulacional_v0001": null, "Areapopulacional_v0002": null, "Areapopulacional_v0003": null, "Areapopulacional_v0004": null, "Areapopulacional_v0005": null, "Areapopulacional_v0006": null, "Areapopulacional_v0007": null, "Areapopulacional_AREA_DOMICILIADA_KM2": null, "Areapopulacional_AREA_KM2": null, "Areapopulacional_DENSIDADE_DEMOGRAFICA_DOMICILIADA_HAB_KM2": null, "Areapopulacional_DENSIDADE_DEMOGRAFICA_SETOR_HAB_KM2": null, "teste200(2)_fid": null, "teste200(2)_CD_SIT": null, "teste200(2)_CD_TIPO": null, "teste200(2)_v0001": null, "teste200(2)_v0002": null, "teste200(2)_v0003": null, "teste200(2)_v0004": null, "teste200(2)_v0005": null, "teste200(2)_v0006": null, "teste200(2)_v0007": null, "teste200(2)_AREA_DOMICILIADA_KM2": null, "teste200(2)_AREA_KM2": null, "teste200(2)_DENSIDADE_DEMOGRAFICA_DOMICILIADA_HAB_KM2": null, "teste200(2)_DENSIDADE_DEMOGRAFICA_SETOR_HAB_KM2": null, "teste200(2)_V00111SISTEMAGERALÁGUA": null, "teste200(2)_V00112POÇO": null, "teste200(2)_V00113POÇORASO": null, "teste200(2)_V00114NASCENTE,FONTE": null, "teste200(2)_V00115CARROPIPA": null, "teste200(2)_V00116CHUVA": null, "teste200(2)_V00117RIOS,AÇUDES,CORREGOS": null, "teste200(2)_V00118OUTRAFORMA": null }, "geometry": { "type": "MultiPolygon", "coordinates": [ [ [ [ -41.082182199999977, -3.835501299999976 ], [ -41.082471899999973, -3.835398899999973 ], [ -41.082672899999977, -3.835398899999973 ], [ -41.082856499999934, -3.835241599999961 ], [ -41.082874, -3.834996799999942 ], [ -41.083136299999978, -3.83476079999997 ], [ -41.08339849999993, -3.834787 ], [ -41.083660799999961, -3.834795699999972 ], [ -41.084281499999975, -3.834682099999952 ], [ -41.084325199999967, -3.834585899999979 ], [ -41.084552499999972, -3.83466459999994 ], [ -41.08494589999998, -3.834550899999954 ], [ -41.085155699999973, -3.834516 ], [ -41.085514099999955, -3.834577199999956 ], [ -41.086029899999971, -3.834594699999968 ], [ -41.086230899999975, -3.83446349999997 ], [ -41.086528199999975, -3.834481 ], [ -41.086729199999979, -3.834830699999941 ], [ -41.086668, -3.835302799999965 ], [ -41.086703, -3.835836 ], [ -41.086475699999937, -3.83628189999996 ], [ -41.086475699999937, -3.836474199999941 ], [ -41.086641799999938, -3.836587799999961 ], [ -41.086869099999944, -3.83659659999995 ], [ -41.087140099999942, -3.836482899999965 ], [ -41.087306199999944, -3.836439199999973 ], [ -41.087472299999945, -3.836334299999976 ], [ -41.087612199999967, -3.83618569999993 ], [ -41.087918199999933, -3.836177 ], [ -41.088276599999972, -3.835932199999945 ], [ -41.088433899999984, -3.835897199999977 ], [ -41.088687499999935, -3.835844799999961 ], [ -41.088932199999931, -3.835827299999949 ], [ -41.08915079999997, -3.836010899999962 ], [ -41.089255699999967, -3.836351799999932 ], [ -41.089185699999973, -3.836544099999969 ], [ -41.089019699999938, -3.836649 ], [ -41.088879799999972, -3.836666499999978 ], [ -41.088696199999958, -3.836666499999978 ], [ -41.08854759999997, -3.836684 ], [ -41.088267799999983, -3.83692 ], [ -41.088154199999963, -3.837226 ], [ -41.088145399999974, -3.837628099999961 ], [ -41.088267799999983, -3.837671799999953 ], [ -41.088722399999938, -3.837645599999973 ], [ -41.089028399999961, -3.837645599999973 ], [ -41.089264399999934, -3.837724299999934 ], [ -41.089526699999965, -3.837934099999927 ], [ -41.08978019999995, -3.838152699999966 ], [ -41.09009489999994, -3.838345 ], [ -41.090365899999938, -3.838213899999971 ], [ -41.09061939999998, -3.838196399999958 ], [ -41.090444599999955, -3.838511099999948 ], [ -41.090304699999933, -3.838624699999968 ], [ -41.090147399999978, -3.838922 ], [ -41.090068699999961, -3.839158 ], [ -41.090103699999929, -3.839455199999975 ], [ -41.090182299999981, -3.839752499999975 ], [ -41.090357199999971, -3.839927299999943 ], [ -41.090558199999975, -3.839936 ], [ -41.090846699999929, -3.839866099999938 ], [ -41.091117699999984, -3.839866099999938 ], [ -41.091353799999979, -3.839892299999974 ], [ -41.091747199999929, -3.839997199999971 ], [ -41.092271699999969, -3.840040899999963 ], [ -41.092542699999967, -3.839979699999958 ], [ -41.0927, -3.839778699999954 ], [ -41.092839899999944, -3.83951639999998 ], [ -41.093023499999958, -3.839236699999958 ], [ -41.093172099999947, -3.839166699999964 ], [ -41.09330319999998, -3.839201699999933 ], [ -41.093390699999929, -3.839289099999974 ], [ -41.093277, -3.839630099999965 ], [ -41.093373199999974, -3.839778699999954 ], [ -41.093626699999959, -3.83990979999993 ], [ -41.093880199999944, -3.839892299999974 ], [ -41.094125, -3.840040899999963 ], [ -41.094317299999943, -3.840145799999959 ], [ -41.094570799999985, -3.840250699999956 ], [ -41.095007899999985, -3.840242 ], [ -41.095287699999972, -3.840189599999974 ], [ -41.09555869999997, -3.839883599999951 ], [ -41.095611099999985, -3.839726199999973 ], [ -41.095794699999942, -3.83969129999997 ], [ -41.096126899999945, -3.8397 ], [ -41.096231799999941, -3.839638799999932 ], [ -41.096397899999943, -3.839429 ], [ -41.096293, -3.839035599999931 ], [ -41.096494099999973, -3.838729599999965 ], [ -41.096389199999976, -3.838493599999936 ], [ -41.096861199999978, -3.838458599999967 ], [ -41.097053599999981, -3.83831 ], [ -41.097167199999944, -3.838161399999933 ], [ -41.097263399999974, -3.837899099999959 ], [ -41.097307099999966, -3.837741799999947 ], [ -41.097132299999942, -3.837497 ], [ -41.096843799999931, -3.837427099999957 ], [ -41.09667769999993, -3.837261 ], [ -41.096634, -3.837112399999967 ], [ -41.096695199999942, -3.836876299999972 ], [ -41.096808799999963, -3.836605299999974 ], [ -41.096939899999938, -3.836430499999949 ], [ -41.097141, -3.836238199999968 ], [ -41.097245899999962, -3.836168199999975 ], [ -41.097385799999984, -3.836220699999956 ], [ -41.097665499999948, -3.836229399999979 ], [ -41.097919, -3.836072099999967 ], [ -41.098032699999976, -3.835836 ], [ -41.098050199999932, -3.83558249999993 ], [ -41.097954, -3.835407699999962 ], [ -41.097997699999951, -3.835127899999975 ], [ -41.098225, -3.835031799999967 ], [ -41.098522199999934, -3.834848199999954 ], [ -41.098583399999939, -3.834725799999944 ], [ -41.09874949999994, -3.834437299999934 ], [ -41.09884569999997, -3.834332399999937 ], [ -41.09916039999996, -3.834166299999936 ], [ -41.099396399999932, -3.83405259999995 ], [ -41.099623699999938, -3.833956499999942 ], [ -41.100008399999979, -3.833799099999965 ], [ -41.100218199999972, -3.833475699999951 ], [ -41.100192, -3.833047299999976 ], [ -41.100576599999954, -3.832627699999932 ], [ -41.100838899999985, -3.832208099999946 ], [ -41.10097, -3.832015799999965 ], [ -41.101188599999944, -3.832164399999954 ], [ -41.101503299999933, -3.832400399999926 ], [ -41.101713099999984, -3.832715099999973 ], [ -41.101765499999942, -3.833003599999927 ], [ -41.101634399999966, -3.833353299999942 ], [ -41.101564499999938, -3.833501899999931 ], [ -41.101389599999948, -3.833869099999959 ], [ -41.10129349999994, -3.834253699999977 ], [ -41.101206, -3.83477819999996 ], [ -41.101005, -3.835608699999966 ], [ -41.100847599999952, -3.836343099999965 ], [ -41.100821399999973, -3.836552899999958 ], [ -41.100550399999975, -3.837059899999929 ], [ -41.100358099999937, -3.837584399999969 ], [ -41.100218199999972, -3.838074 ], [ -41.100349299999948, -3.838257599999963 ], [ -41.100716499999976, -3.838178899999946 ], [ -41.101022499999942, -3.838082699999973 ], [ -41.101249699999983, -3.837313399999971 ], [ -41.101302199999964, -3.837103599999978 ], [ -41.101713099999984, -3.836649 ], [ -41.102089, -3.836413 ], [ -41.102596, -3.836605299999974 ], [ -41.102928199999951, -3.836788899999931 ], [ -41.103304099999946, -3.836692699999958 ], [ -41.103592599999956, -3.836640299999942 ], [ -41.104222, -3.836745199999939 ], [ -41.104930099999933, -3.836972499999945 ], [ -41.105550799999946, -3.83700749999997 ], [ -41.105944199999954, -3.837086099999965 ], [ -41.105909199999985, -3.838345 ], [ -41.10563819999993, -3.839437699999962 ], [ -41.105769399999986, -3.840137099999936 ], [ -41.106092799999942, -3.841107499999964 ], [ -41.106123399999944, -3.841920499999958 ], [ -41.10623709999993, -3.842488699999933 ], [ -41.10635069999995, -3.842834 ], [ -41.10646, -3.843266699999958 ], [ -41.106551799999977, -3.843664499999932 ], [ -41.10646, -3.843791299999964 ], [ -41.106289499999946, -3.843782499999975 ], [ -41.106127799999967, -3.843865599999958 ], [ -41.105896099999939, -3.843992299999968 ], [ -41.105791199999942, -3.844053499999973 ], [ -41.105424099999937, -3.844206499999927 ], [ -41.105148699999972, -3.844189 ], [ -41.104903899999954, -3.844302699999957 ], [ -41.104886399999941, -3.844433799999933 ], [ -41.105122499999936, -3.844477499999925 ], [ -41.105168399999968, -3.844535399999927 ], [ -41.105170299999941, -3.844543599999952 ], [ -41.102483499999948, -3.844397199999946 ], [ -41.109628599999951, -3.844802699999946 ], [ -41.112492199999963, -3.845258499999943 ], [ -41.115289099999984, -3.844737299999963 ], [ -41.127229299999954, -3.843643 ], [ -41.128265299999953, -3.843652399999939 ], [ -41.130862299999933, -3.84417209999998 ], [ -41.131887499999948, -3.844095899999957 ], [ -41.127147499999978, -3.840520899999945 ], [ -41.109194599999967, -3.827100399999949 ], [ -41.10628719999994, -3.824888499999929 ], [ -41.083381699999961, -3.807555199999967 ], [ -41.068904699999962, -3.797262799999942 ], [ -41.059709199999929, -3.789714899999979 ], [ -41.05833819999998, -3.790740899999946 ], [ -41.057540399999937, -3.792589799999973 ], [ -41.05870989999994, -3.794089699999972 ], [ -41.059099, -3.795526099999961 ], [ -41.059035399999971, -3.796668299999965 ], [ -41.057632099999978, -3.797720699999957 ], [ -41.056323799999973, -3.798441699999955 ], [ -41.054667699999982, -3.799000799999931 ], [ -41.053622799999971, -3.798822399999949 ], [ -41.052917299999933, -3.799066399999958 ], [ -41.052698899999939, -3.799950099999933 ], [ -41.052795899999978, -3.800969099999975 ], [ -41.052704, -3.802893899999958 ], [ -41.052410399999985, -3.803526 ], [ -41.05181129999994, -3.803872399999932 ], [ -41.051946, -3.805783 ], [ -41.05138919999996, -3.80684059999993 ], [ -41.050535399999944, -3.807615899999973 ], [ -41.049932399999932, -3.808834299999944 ], [ -41.04912969999998, -3.810584 ], [ -41.04862339999994, -3.811414299999967 ], [ -41.048981699999956, -3.812398099999939 ], [ -41.04697479999993, -3.81736989999996 ], [ -41.04727459999998, -3.817524299999945 ], [ -41.082182199999977, -3.835501299999976 ] ] ] ] } },
{ "type": "Feature", "properties": { "CD_SETOR": "231340125000001", "SITUACAO": "Urbana", "CD_SIT": "2", "CD_TIPO": "0", "AREA_KM2": 0.21304246234921201, "CD_REGIAO": "2", "NM_REGIAO": "Nordeste", "CD_UF": "23", "NM_UF": "Ceará", "CD_MUN": "2313401", "NM_MUN": "Tianguá", "CD_DIST": "231340125", "NM_DIST": "Tabainha", "CD_SUBDIST": "23134012500", "NM_SUBDIST": null, "CD_BAIRRO": null, "NM_BAIRRO": null, "CD_NU": null, "NM_NU": null, "CD_FCU": null, "NM_FCU": null, "CD_AGLOM": null, "NM_AGLOM": null, "CD_RGINT": "2306", "NM_RGINT": "Sobral", "CD_RGI": "230016", "NM_RGI": "São Benedito - Ipu - Guaraciaba do Norte - Tianguá", "CD_CONCURB": null, "NM_CONCURB": null, "Areapopulacional_CD_SIT": 2, "Areapopulacional_CD_TIPO": 0, "Areapopulacional_v0001": 364, "Areapopulacional_v0002": 198, "Areapopulacional_v0003": 198, "Areapopulacional_v0004": 0, "Areapopulacional_v0005": 3.0, "Areapopulacional_v0006": 0.025, "Areapopulacional_v0007": 120, "Areapopulacional_AREA_DOMICILIADA_KM2": 0.17236, "Areapopulacional_AREA_KM2": 0.213042462, "Areapopulacional_DENSIDADE_DEMOGRAFICA_DOMICILIADA_HAB_KM2": 2111.8589, "Areapopulacional_DENSIDADE_DEMOGRAFICA_SETOR_HAB_KM2": 1708.579576, "teste200(2)_fid": null, "teste200(2)_CD_SIT": null, "teste200(2)_CD_TIPO": null, "teste200(2)_v0001": null, "teste200(2)_v0002": null, "teste200(2)_v0003": null, "teste200(2)_v0004": null, "teste200(2)_v0005": null, "teste200(2)_v0006": null, "teste200(2)_v0007": null, "teste200(2)_AREA_DOMICILIADA_KM2": null, "teste200(2)_AREA_KM2": null, "teste200(2)_DENSIDADE_DEMOGRAFICA_DOMICILIADA_HAB_KM2": null, "teste200(2)_DENSIDADE_DEMOGRAFICA_SETOR_HAB_KM2": null, "teste200(2)_V00111SISTEMAGERALÁGUA": null, "teste200(2)_V00112POÇO": null, "teste200(2)_V00113POÇORASO": null, "teste200(2)_V00114NASCENTE,FONTE": null, "teste200(2)_V00115CARROPIPA": null, "teste200(2)_V00116CHUVA": null, "teste200(2)_V00117RIOS,AÇUDES,CORREGOS": null, "teste200(2)_V00118OUTRAFORMA": null }, "geometry": { "type": "MultiPolygon", "coordinates": [ [ [ [ -40.824449299999969, -3.473795699999926 ], [ -40.827061499999957, -3.47616389999996 ], [ -40.829222699999946, -3.478123299999936 ], [ -40.83031509999995, -3.475541899999939 ], [ -40.830332799999951, -3.472541899999953 ], [ -40.824449299999969, -3.473795699999926 ] ] ] ] } },
{ "type": "Feature", "properties": { "CD_SETOR": "231340125000003", "SITUACAO": "Rural", "CD_SIT": "5", "CD_TIPO": "0", "AREA_KM2": 0.10641943492457601, "CD_REGIAO": "2", "NM_REGIAO": "Nordeste", "CD_UF": "23", "NM_UF": "Ceará", "CD_MUN": "2313401", "NM_MUN": "Tianguá", "CD_DIST": "231340125", "NM_DIST": "Tabainha", "CD_SUBDIST": "23134012500", "NM_SUBDIST": null, "CD_BAIRRO": null, "NM_BAIRRO": null, "CD_NU": null, "NM_NU": null, "CD_FCU": null, "NM_FCU": null, "CD_AGLOM": "231340100002", "NM_AGLOM": "Carnaubinha", "CD_RGINT": "2306", "NM_RGINT": "Sobral", "CD_RGI": "230016", "NM_RGI": "São Benedito - Ipu - Guaraciaba do Norte - Tianguá", "CD_CONCURB": null, "NM_CONCURB": null, "Areapopulacional_CD_SIT": null, "Areapopulacional_CD_TIPO": null, "Areapopulacional_v0001": null, "Areapopulacional_v0002": null, "Areapopulacional_v0003": null, "Areapopulacional_v0004": null, "Areapopulacional_v0005": null, "Areapopulacional_v0006": null, "Areapopulacional_v0007": null, "Areapopulacional_AREA_DOMICILIADA_KM2": null, "Areapopulacional_AREA_KM2": null, "Areapopulacional_DENSIDADE_DEMOGRAFICA_DOMICILIADA_HAB_KM2": null, "Areapopulacional_DENSIDADE_DEMOGRAFICA_SETOR_HAB_KM2": null, "teste200(2)_fid": null, "teste200(2)_CD_SIT": null, "teste200(2)_CD_TIPO": null, "teste200(2)_v0001": null, "teste200(2)_v0002": null, "teste200(2)_v0003": null, "teste200(2)_v0004": null, "teste200(2)_v0005": null, "teste200(2)_v0006": null, "teste200(2)_v0007": null, "teste200(2)_AREA_DOMICILIADA_KM2": null, "teste200(2)_AREA_KM2": null, "teste200(2)_DENSIDADE_DEMOGRAFICA_DOMICILIADA_HAB_KM2": null, "teste200(2)_DENSIDADE_DEMOGRAFICA_SETOR_HAB_KM2": null, "teste200(2)_V00111SISTEMAGERALÁGUA": null, "teste200(2)_V00112POÇO": null, "teste200(2)_V00113POÇORASO": null, "teste200(2)_V00114NASCENTE,FONTE": null, "teste200(2)_V00115CARROPIPA": null, "teste200(2)_V00116CHUVA": null, "teste200(2)_V00117RIOS,AÇUDES,CORREGOS": null, "teste200(2)_V00118OUTRAFORMA": null }, "geometry": { "type": "MultiPolygon", "coordinates": [ [ [ [ -40.855061599999942, -3.502305 ], [ -40.854493699999978, -3.504854899999941 ], [ -40.857453899999939, -3.504723 ], [ -40.85709849999995, -3.504177099999936 ], [ -40.857501499999955, -3.502268399999934 ], [ -40.857668099999955, -3.502204699999936 ], [ -40.857629399999951, -3.502091899999925 ], [ -40.855771699999934, -3.500566299999946 ], [ -40.855061599999942, -3.502305 ] ] ] ] } },
{ "type": "Feature", "properties": { "CD_SETOR": "231340125000004", "SITUACAO": "Rural", "CD_SIT": "8", "CD_TIPO": "0", "AREA_KM2": 41.86087691103193, "CD_REGIAO": "2", "NM_REGIAO": "Nordeste", "CD_UF": "23", "NM_UF": "Ceará", "CD_MUN": "2313401", "NM_MUN": "Tianguá", "CD_DIST": "231340125", "NM_DIST": "Tabainha", "CD_SUBDIST": "23134012500", "NM_SUBDIST": null, "CD_BAIRRO": null, "NM_BAIRRO": null, "CD_NU": null, "NM_NU": null, "CD_FCU": null, "NM_FCU": null, "CD_AGLOM": null, "NM_AGLOM": null, "CD_RGINT": "2306", "NM_RGINT": "Sobral", "CD_RGI": "230016", "NM_RGI": "São Benedito - Ipu - Guaraciaba do Norte - Tianguá", "CD_CONCURB": null, "NM_CONCURB": null, "Areapopulacional_CD_SIT": null, "Areapopulacional_CD_TIPO": null, "Areapopulacional_v0001": null, "Areapopulacional_v0002": null, "Areapopulacional_v0003": null, "Areapopulacional_v0004": null, "Areapopulacional_v0005": null, "Areapopulacional_v0006": null, "Areapopulacional_v0007": null, "Areapopulacional_AREA_DOMICILIADA_KM2": null, "Areapopulacional_AREA_KM2": null, "Areapopulacional_DENSIDADE_DEMOGRAFICA_DOMICILIADA_HAB_KM2": null, "Areapopulacional_DENSIDADE_DEMOGRAFICA_SETOR_HAB_KM2": null, "teste200(2)_fid": null, "teste200(2)_CD_SIT": null, "teste200(2)_CD_TIPO": null, "teste200(2)_v0001": null, "teste200(2)_v0002": null, "teste200(2)_v0003": null, "teste200(2)_v0004": null, "teste200(2)_v0005": null, "teste200(2)_v0006": null, "teste200(2)_v0007": null, "teste200(2)_AREA_DOMICILIADA_KM2": null, "teste200(2)_AREA_KM2": null, "teste200(2)_DENSIDADE_DEMOGRAFICA_DOMICILIADA_HAB_KM2": null, "teste200(2)_DENSIDADE_DEMOGRAFICA_SETOR_HAB_KM2": null, "teste200(2)_V00111SISTEMAGERALÁGUA": null, "teste200(2)_V00112POÇO": null, "teste200(2)_V00113POÇORASO": null, "teste200(2)_V00114NASCENTE,FONTE": null, "teste200(2)_V00115CARROPIPA": null, "teste200(2)_V00116CHUVA": null, "teste200(2)_V00117RIOS,AÇUDES,CORREGOS": null, "teste200(2)_V00118OUTRAFORMA": null }, "geometry": { "type": "MultiPolygon", "coordinates": [ [ [ [ -40.866688599999975, -3.477786399999957 ], [ -40.866528399999936, -3.477507699999933 ], [ -40.866675399999963, -3.475807399999951 ], [ -40.865399099999934, -3.476173399999936 ], [ -40.865202099999976, -3.474596899999938 ], [ -40.865258399999959, -3.474165199999959 ], [ -40.865740099999982, -3.472587099999942 ], [ -40.865856699999938, -3.472248599999944 ], [ -40.866121699999951, -3.471941199999947 ], [ -40.866506399999935, -3.471199899999931 ], [ -40.866539099999954, -3.470697799999925 ], [ -40.866802799999959, -3.470086499999979 ], [ -40.867805, -3.469366 ], [ -40.86824189999993, -3.468771899999979 ], [ -40.86874789999996, -3.468376099999944 ], [ -40.86925709999997, -3.467526899999939 ], [ -40.869453, -3.465705599999978 ], [ -40.86927309999993, -3.465168499999947 ], [ -40.868853299999955, -3.464748199999974 ], [ -40.868599699999947, -3.464266299999963 ], [ -40.869016099999953, -3.463377699999967 ], [ -40.869723099999931, -3.46180529999998 ], [ -40.869731899999977, -3.460927 ], [ -40.869280299999957, -3.459986 ], [ -40.866861099999937, -3.457329299999969 ], [ -40.866513899999973, -3.456873099999939 ], [ -40.865696199999945, -3.454985199999953 ], [ -40.86535669999995, -3.451992699999948 ], [ -40.865024799999958, -3.45004849999998 ], [ -40.86455559999996, -3.448968199999968 ], [ -40.864131799999939, -3.448255399999937 ], [ -40.86312769999995, -3.44721409999994 ], [ -40.86268339999998, -3.446602499999926 ], [ -40.862554299999942, -3.445779899999934 ], [ -40.862706499999945, -3.444994799999961 ], [ -40.862701799999968, -3.444475099999977 ], [ -40.862497699999949, -3.44389259999997 ], [ -40.862099099999966, -3.443224399999963 ], [ -40.861672599999963, -3.442405899999926 ], [ -40.861344799999983, -3.440683799999931 ], [ -40.861131299999954, -3.439835799999969 ], [ -40.860621599999945, -3.439197499999977 ], [ -40.858270499999946, -3.438749399999949 ], [ -40.855081699999971, -3.437492 ], [ -40.854216199999939, -3.437066399999935 ], [ -40.853676699999937, -3.436319099999935 ], [ -40.853570099999956, -3.435895599999981 ], [ -40.853407599999969, -3.435249799999951 ], [ -40.852792, -3.434352599999954 ], [ -40.852211299999965, -3.43385619999998 ], [ -40.850830799999983, -3.432831699999952 ], [ -40.848718199999951, -3.431932699999948 ], [ -40.848430199999939, -3.431248799999935 ], [ -40.847715099999959, -3.430805199999952 ], [ -40.846807699999943, -3.430634699999928 ], [ -40.846121099999948, -3.430155199999945 ], [ -40.845970199999954, -3.429660199999944 ], [ -40.846190299999932, -3.428992299999948 ], [ -40.846539099999973, -3.428381599999966 ], [ -40.846608899999978, -3.427520199999947 ], [ -40.846653899999978, -3.427215599999954 ], [ -40.846749899999963, -3.426565299999936 ], [ -40.847319699999957, -3.425753199999974 ], [ -40.847675699999968, -3.42517829999997 ], [ -40.847953599999983, -3.424826099999962 ], [ -40.848474199999941, -3.424430299999926 ], [ -40.84900179999994, -3.423955599999942 ], [ -40.849193199999945, -3.423194399999943 ], [ -40.849356, -3.422390199999938 ], [ -40.849933, -3.42160679999995 ], [ -40.850660699999935, -3.421196299999963 ], [ -40.851417, -3.420828799999981 ], [ -40.851995899999963, -3.420189299999947 ], [ -40.852030899999932, -3.419448699999975 ], [ -40.851145699999961, -3.418740799999966 ], [ -40.85077119999994, -3.418169499999976 ], [ -40.850584899999944, -3.417508399999974 ], [ -40.849065899999971, -3.417169199999933 ], [ -40.835532799999953, -3.441305 ], [ -40.826549499999942, -3.453363899999943 ], [ -40.821677499999964, -3.470818899999927 ], [ -40.823244, -3.47370669999998 ], [ -40.823890499999948, -3.474584899999968 ], [ -40.824920499999962, -3.475414399999977 ], [ -40.825466, -3.475829199999964 ], [ -40.825881799999934, -3.476144199999965 ], [ -40.827061499999957, -3.47616389999996 ], [ -40.824449299999969, -3.473795699999926 ], [ -40.830332799999951, -3.472541899999953 ], [ -40.83031509999995, -3.475541899999939 ], [ -40.831664099999955, -3.475500499999953 ], [ -40.833217599999955, -3.476973 ], [ -40.834584099999972, -3.47842849999995 ], [ -40.836135899999931, -3.480007 ], [ -40.837185699999964, -3.481194 ], [ -40.83869379999993, -3.484720299999935 ], [ -40.839413599999943, -3.485808499999962 ], [ -40.839997199999971, -3.486378799999954 ], [ -40.842338899999959, -3.488367699999969 ], [ -40.845251799999971, -3.490847599999938 ], [ -40.845589199999949, -3.49119589999998 ], [ -40.845841699999937, -3.491577899999925 ], [ -40.846199, -3.492541499999959 ], [ -40.846435499999984, -3.492807099999936 ], [ -40.846729299999936, -3.493397899999934 ], [ -40.84725439999994, -3.494414599999971 ], [ -40.847713299999953, -3.495289799999966 ], [ -40.848099499999933, -3.496040899999969 ], [ -40.84828959999993, -3.496514599999955 ], [ -40.848599299999933, -3.49702 ], [ -40.848812799999962, -3.497415299999943 ], [ -40.849271, -3.498368 ], [ -40.849729699999955, -3.499136299999975 ], [ -40.850228499999957, -3.500173299999972 ], [ -40.850942299999986, -3.501563499999975 ], [ -40.851449599999967, -3.502571199999977 ], [ -40.851844699999958, -3.503244099999961 ], [ -40.85235, -3.504136599999924 ], [ -40.852464699999985, -3.504784399999949 ], [ -40.852504099999976, -3.505375099999981 ], [ -40.852432399999941, -3.505695499999945 ], [ -40.852255099999979, -3.505914299999972 ], [ -40.852057, -3.506085499999926 ], [ -40.851620599999933, -3.506403699999964 ], [ -40.850740799999983, -3.507035799999926 ], [ -40.849880699999972, -3.507660399999963 ], [ -40.848993399999983, -3.508301099999926 ], [ -40.847452899999951, -3.509164799999951 ], [ -40.846772499999929, -3.509602199999961 ], [ -40.845953699999939, -3.510012599999925 ], [ -40.844617399999947, -3.510759499999949 ], [ -40.843512299999929, -3.511413399999981 ], [ -40.842658299999982, -3.511853599999938 ], [ -40.84148179999994, -3.512656399999969 ], [ -40.840997699999946, -3.51336329999998 ], [ -40.840840299999968, -3.51375349999995 ], [ -40.840665399999978, -3.514528199999972 ], [ -40.840667199999984, -3.514530599999944 ], [ -40.856843899999944, -3.535901199999955 ], [ -40.857188599999972, -3.536126 ], [ -40.856794299999933, -3.531340799999953 ], [ -40.857557499999984, -3.528061699999967 ], [ -40.860980499999982, -3.527405599999952 ], [ -40.863370599999939, -3.529770399999961 ], [ -40.866494299999943, -3.530790299999978 ], [ -40.869858799999975, -3.530558599999949 ], [ -40.873602099999971, -3.530663499999946 ], [ -40.876874399999963, -3.532540899999958 ], [ -40.886723299999971, -3.520394199999942 ], [ -40.886225199999956, -3.51969239999994 ], [ -40.886210699999936, -3.518914299999949 ], [ -40.886226799999974, -3.518142299999965 ], [ -40.885823199999948, -3.517160799999942 ], [ -40.885374899999931, -3.51663659999997 ], [ -40.884897499999965, -3.516060099999947 ], [ -40.884455199999934, -3.515237599999978 ], [ -40.884134099999983, -3.514892399999951 ], [ -40.883442799999955, -3.514513199999953 ], [ -40.882606199999941, -3.514208899999971 ], [ -40.881852499999979, -3.51387079999995 ], [ -40.880796199999963, -3.513044199999968 ], [ -40.880175799999961, -3.512800499999969 ], [ -40.878360699999973, -3.512736 ], [ -40.877657199999931, -3.512813199999925 ], [ -40.876898, -3.512804199999948 ], [ -40.876373599999965, -3.512585399999978 ], [ -40.875259399999948, -3.511970399999939 ], [ -40.874605199999962, -3.511737399999959 ], [ -40.873281899999938, -3.511739899999952 ], [ -40.872296, -3.511395299999947 ], [ -40.871642299999962, -3.510838099999944 ], [ -40.870902799999953, -3.510329799999965 ], [ -40.870051699999976, -3.510125699999946 ], [ -40.869509199999982, -3.509938499999976 ], [ -40.869073399999934, -3.509571899999969 ], [ -40.868915499999957, -3.509035599999947 ], [ -40.869032799999957, -3.50842629999994 ], [ -40.869319799999971, -3.507885399999964 ], [ -40.869865299999958, -3.507516499999952 ], [ -40.870714499999963, -3.50697109999993 ], [ -40.872009699999978, -3.506155699999965 ], [ -40.872897099999932, -3.505009299999926 ], [ -40.873288499999944, -3.504426499999965 ], [ -40.873554, -3.503812099999948 ], [ -40.873987399999976, -3.503294199999971 ], [ -40.874645699999974, -3.502904799999953 ], [ -40.875193699999954, -3.502613799999949 ], [ -40.875710799999979, -3.502028899999971 ], [ -40.875825099999929, -3.501830499999926 ], [ -40.876245899999958, -3.501347499999952 ], [ -40.876904299999978, -3.501006899999936 ], [ -40.878337599999952, -3.500356 ], [ -40.87883949999997, -3.499917599999947 ], [ -40.87967759999998, -3.498644299999967 ], [ -40.880999499999973, -3.497682899999973 ], [ -40.88194139999996, -3.49697759999998 ], [ -40.882606499999952, -3.496446699999979 ], [ -40.883033399999931, -3.495894499999963 ], [ -40.883208899999943, -3.495220899999936 ], [ -40.883090899999956, -3.494567399999937 ], [ -40.882533299999977, -3.493494399999975 ], [ -40.882747299999949, -3.491657199999963 ], [ -40.883033099999977, -3.490393 ], [ -40.88440879999996, -3.488530299999979 ], [ -40.88432819999997, -3.488016099999925 ], [ -40.883884599999931, -3.487651299999925 ], [ -40.883194299999957, -3.487686399999973 ], [ -40.882424, -3.487688399999968 ], [ -40.88157769999998, -3.487383799999975 ], [ -40.880181499999935, -3.486709799999971 ], [ -40.878615299999979, -3.485815899999977 ], [ -40.877889299999936, -3.48516589999997 ], [ -40.876727, -3.483212399999957 ], [ -40.876055299999962, -3.482277899999929 ], [ -40.875241699999947, -3.481620899999939 ], [ -40.874611899999934, -3.481332699999939 ], [ -40.873026399999958, -3.481146099999933 ], [ -40.871524199999953, -3.480897 ], [ -40.870000599999969, -3.480633599999976 ], [ -40.868884, -3.480140199999937 ], [ -40.868101699999954, -3.479640099999926 ], [ -40.866995, -3.478666199999964 ], [ -40.866688599999975, -3.477786399999957 ] ], [ [ -40.855061599999942, -3.502305 ], [ -40.855771699999934, -3.500566299999946 ], [ -40.857629399999951, -3.502091899999925 ], [ -40.857668099999955, -3.502204699999936 ], [ -40.857501499999955, -3.502268399999934 ], [ -40.85709849999995, -3.504177099999936 ], [ -40.857453899999939, -3.504723 ], [ -40.854493699999978, -3.504854899999941 ], [ -40.855061599999942, -3.502305 ] ] ] ] } },
{ "type": "Feature", "properties": { "CD_SETOR": "231340125000005", "SITUACAO": "Rural", "CD_SIT": "8", "CD_TIPO": "0", "AREA_KM2": 5.9188478898130663, "CD_REGIAO": "2", "NM_REGIAO": "Nordeste", "CD_UF": "23", "NM_UF": "Ceará", "CD_MUN": "2313401", "NM_MUN": "Tianguá", "CD_DIST": "231340125", "NM_DIST": "Tabainha", "CD_SUBDIST": "23134012500", "NM_SUBDIST": null, "CD_BAIRRO": null, "NM_BAIRRO": null, "CD_NU": null, "NM_NU": null, "CD_FCU": null, "NM_FCU": null, "CD_AGLOM": null, "NM_AGLOM": null, "CD_RGINT": "2306", "NM_RGINT": "Sobral", "CD_RGI": "230016", "NM_RGI": "São Benedito - Ipu - Guaraciaba do Norte - Tianguá", "CD_CONCURB": null, "NM_CONCURB": null, "Areapopulacional_CD_SIT": null, "Areapopulacional_CD_TIPO": null, "Areapopulacional_v0001": null, "Areapopulacional_v0002": null, "Areapopulacional_v0003": null, "Areapopulacional_v0004": null, "Areapopulacional_v0005": null, "Areapopulacional_v0006": null, "Areapopulacional_v0007": null, "Areapopulacional_AREA_DOMICILIADA_KM2": null, "Areapopulacional_AREA_KM2": null, "Areapopulacional_DENSIDADE_DEMOGRAFICA_DOMICILIADA_HAB_KM2": null, "Areapopulacional_DENSIDADE_DEMOGRAFICA_SETOR_HAB_KM2": null, "teste200(2)_fid": null, "teste200(2)_CD_SIT": null, "teste200(2)_CD_TIPO": null, "teste200(2)_v0001": null, "teste200(2)_v0002": null, "teste200(2)_v0003": null, "teste200(2)_v0004": null, "teste200(2)_v0005": null, "teste200(2)_v0006": null, "teste200(2)_v0007": null, "teste200(2)_AREA_DOMICILIADA_KM2": null, "teste200(2)_AREA_KM2": null, "teste200(2)_DENSIDADE_DEMOGRAFICA_DOMICILIADA_HAB_KM2": null, "teste200(2)_DENSIDADE_DEMOGRAFICA_SETOR_HAB_KM2": null, "teste200(2)_V00111SISTEMAGERALÁGUA": null, "teste200(2)_V00112POÇO": null, "teste200(2)_V00113POÇORASO": null, "teste200(2)_V00114NASCENTE,FONTE": null, "teste200(2)_V00115CARROPIPA": null, "teste200(2)_V00116CHUVA": null, "teste200(2)_V00117RIOS,AÇUDES,CORREGOS": null, "teste200(2)_V00118OUTRAFORMA": null }, "geometry": { "type": "MultiPolygon", "coordinates": [ [ [ [ -40.829222699999946, -3.478123299999936 ], [ -40.827061499999957, -3.47616389999996 ], [ -40.825881799999934, -3.476144199999965 ], [ -40.825466, -3.475829199999964 ], [ -40.824920499999962, -3.475414399999977 ], [ -40.823890499999948, -3.474584899999968 ], [ -40.823244, -3.47370669999998 ], [ -40.821677499999964, -3.470818899999927 ], [ -40.838526, -3.511701899999935 ], [ -40.840665399999978, -3.514528199999972 ], [ -40.840840299999968, -3.51375349999995 ], [ -40.840997699999946, -3.51336329999998 ], [ -40.84148179999994, -3.512656399999969 ], [ -40.842658299999982, -3.511853599999938 ], [ -40.843512299999929, -3.511413399999981 ], [ -40.844617399999947, -3.510759499999949 ], [ -40.845953699999939, -3.510012599999925 ], [ -40.846772499999929, -3.509602199999961 ], [ -40.847452899999951, -3.509164799999951 ], [ -40.848993399999983, -3.508301099999926 ], [ -40.849880699999972, -3.507660399999963 ], [ -40.850740799999983, -3.507035799999926 ], [ -40.851620599999933, -3.506403699999964 ], [ -40.852057, -3.506085499999926 ], [ -40.852255099999979, -3.505914299999972 ], [ -40.852432399999941, -3.505695499999945 ], [ -40.852504099999976, -3.505375099999981 ], [ -40.852464699999985, -3.504784399999949 ], [ -40.85235, -3.504136599999924 ], [ -40.851844699999958, -3.503244099999961 ], [ -40.851449599999967, -3.502571199999977 ], [ -40.850942299999986, -3.501563499999975 ], [ -40.850228499999957, -3.500173299999972 ], [ -40.849729699999955, -3.499136299999975 ], [ -40.849271, -3.498368 ], [ -40.848812799999962, -3.497415299999943 ], [ -40.848599299999933, -3.49702 ], [ -40.84828959999993, -3.496514599999955 ], [ -40.848099499999933, -3.496040899999969 ], [ -40.847713299999953, -3.495289799999966 ], [ -40.84725439999994, -3.494414599999971 ], [ -40.846729299999936, -3.493397899999934 ], [ -40.846435499999984, -3.492807099999936 ], [ -40.846199, -3.492541499999959 ], [ -40.845841699999937, -3.491577899999925 ], [ -40.845589199999949, -3.49119589999998 ], [ -40.845251799999971, -3.490847599999938 ], [ -40.842338899999959, -3.488367699999969 ], [ -40.839997199999971, -3.486378799999954 ], [ -40.839413599999943, -3.485808499999962 ], [ -40.83869379999993, -3.484720299999935 ], [ -40.837185699999964, -3.481194 ], [ -40.836135899999931, -3.480007 ], [ -40.834584099999972, -3.47842849999995 ], [ -40.833217599999955, -3.476973 ], [ -40.831664099999955, -3.475500499999953 ], [ -40.83031509999995, -3.475541899999939 ], [ -40.829222699999946, -3.478123299999936 ] ] ] ] } },
{ "type": "Feature", "properties": { "CD_SETOR": "231340125000007", "SITUACAO": "Rural", "CD_SIT": "8", "CD_TIPO": "0", "AREA_KM2": 0.54134824982599306, "CD_REGIAO": "2", "NM_REGIAO": "Nordeste", "CD_UF": "23", "NM_UF": "Ceará", "CD_MUN": "2313401", "NM_MUN": "Tianguá", "CD_DIST": "231340125", "NM_DIST": "Tabainha", "CD_SUBDIST": "23134012500", "NM_SUBDIST": null, "CD_BAIRRO": null, "NM_BAIRRO": null, "CD_NU": null, "NM_NU": null, "CD_FCU": null, "NM_FCU": null, "CD_AGLOM": null, "NM_AGLOM": null, "CD_RGINT": "2306", "NM_RGINT": "Sobral", "CD_RGI": "230016", "NM_RGI": "São Benedito - Ipu - Guaraciaba do Norte - Tianguá", "CD_CONCURB": null, "NM_CONCURB": null, "Areapopulacional_CD_SIT": null, "Areapopulacional_CD_TIPO": null, "Areapopulacional_v0001": null, "Areapopulacional_v0002": null, "Areapopulacional_v0003": null, "Areapopulacional_v0004": null, "Areapopulacional_v0005": null, "Areapopulacional_v0006": null, "Areapopulacional_v0007": null, "Areapopulacional_AREA_DOMICILIADA_KM2": null, "Areapopulacional_AREA_KM2": null, "Areapopulacional_DENSIDADE_DEMOGRAFICA_DOMICILIADA_HAB_KM2": null, "Areapopulacional_DENSIDADE_DEMOGRAFICA_SETOR_HAB_KM2": null, "teste200(2)_fid": null, "teste200(2)_CD_SIT": null, "teste200(2)_CD_TIPO": null, "teste200(2)_v0001": null, "teste200(2)_v0002": null, "teste200(2)_v0003": null, "teste200(2)_v0004": null, "teste200(2)_v0005": null, "teste200(2)_v0006": null, "teste200(2)_v0007": null, "teste200(2)_AREA_DOMICILIADA_KM2": null, "teste200(2)_AREA_KM2": null, "teste200(2)_DENSIDADE_DEMOGRAFICA_DOMICILIADA_HAB_KM2": null, "teste200(2)_DENSIDADE_DEMOGRAFICA_SETOR_HAB_KM2": null, "teste200(2)_V00111SISTEMAGERALÁGUA": null, "teste200(2)_V00112POÇO": null, "teste200(2)_V00113POÇORASO": null, "teste200(2)_V00114NASCENTE,FONTE": null, "teste200(2)_V00115CARROPIPA": null, "teste200(2)_V00116CHUVA": null, "teste200(2)_V00117RIOS,AÇUDES,CORREGOS": null, "teste200(2)_V00118OUTRAFORMA": null }, "geometry": { "type": "MultiPolygon", "coordinates": [ [ [ [ -40.86927309999993, -3.465168499999947 ], [ -40.869453, -3.465705599999978 ], [ -40.86925709999997, -3.467526899999939 ], [ -40.86874789999996, -3.468376099999944 ], [ -40.86824189999993, -3.468771899999979 ], [ -40.867805, -3.469366 ], [ -40.866802799999959, -3.470086499999979 ], [ -40.866539099999954, -3.470697799999925 ], [ -40.866506399999935, -3.471199899999931 ], [ -40.866121699999951, -3.471941199999947 ], [ -40.865856699999938, -3.472248599999944 ], [ -40.865740099999982, -3.472587099999942 ], [ -40.865258399999959, -3.474165199999959 ], [ -40.865202099999976, -3.474596899999938 ], [ -40.865399099999934, -3.476173399999936 ], [ -40.866675399999963, -3.475807399999951 ], [ -40.866528399999936, -3.477507699999933 ], [ -40.866688599999975, -3.477786399999957 ], [ -40.86691559999997, -3.477020399999958 ], [ -40.867371399999968, -3.476349599999935 ], [ -40.868418099999985, -3.47590729999996 ], [ -40.869293899999946, -3.47571419999997 ], [ -40.870302599999945, -3.475348499999939 ], [ -40.871234799999968, -3.474791599999946 ], [ -40.872090499999956, -3.474062599999968 ], [ -40.872870199999966, -3.473448599999927 ], [ -40.87309769999996, -3.472931399999936 ], [ -40.873210599999936, -3.472223 ], [ -40.87315179999996, -3.471361899999977 ], [ -40.873264399999982, -3.470538699999963 ], [ -40.873072299999933, -3.469677799999943 ], [ -40.872880399999985, -3.468950899999925 ], [ -40.872612299999957, -3.468243299999926 ], [ -40.87219239999996, -3.467784699999925 ], [ -40.871352799999954, -3.466982599999938 ], [ -40.870379699999944, -3.46612319999997 ], [ -40.86927309999993, -3.465168499999947 ] ], [ [ -40.871003099999939, -3.474720499999933 ], [ -40.867567599999973, -3.475204299999973 ], [ -40.866903099999945, -3.474539799999945 ], [ -40.867900899999938, -3.473028 ], [ -40.867899799999975, -3.472655 ], [ -40.87011739999997, -3.472105 ], [ -40.87021139999996, -3.471996299999944 ], [ -40.870659099999955, -3.471783699999946 ], [ -40.87098229999998, -3.471897 ], [ -40.870904899999971, -3.472336899999959 ], [ -40.870797799999934, -3.472526 ], [ -40.871201099999951, -3.472808099999952 ], [ -40.871003099999939, -3.474720499999933 ] ] ] ] } },
{ "type": "Feature", "properties": { "CD_SETOR": "231340125000008", "SITUACAO": "Rural", "CD_SIT": "5", "CD_TIPO": "0", "AREA_KM2": 0.11913199448700899, "CD_REGIAO": "2", "NM_REGIAO": "Nordeste", "CD_UF": "23", "NM_UF": "Ceará", "CD_MUN": "2313401", "NM_MUN": "Tianguá", "CD_DIST": "231340125", "NM_DIST": "Tabainha", "CD_SUBDIST": "23134012500", "NM_SUBDIST": null, "CD_BAIRRO": null, "NM_BAIRRO": null, "CD_NU": null, "NM_NU": null, "CD_FCU": null, "NM_FCU": null, "CD_AGLOM": "231340100018", "NM_AGLOM": "Santo Izídio", "CD_RGINT": "2306", "NM_RGINT": "Sobral", "CD_RGI": "230016", "NM_RGI": "São Benedito - Ipu - Guaraciaba do Norte - Tianguá", "CD_CONCURB": null, "NM_CONCURB": null, "Areapopulacional_CD_SIT": null, "Areapopulacional_CD_TIPO": null, "Areapopulacional_v0001": null, "Areapopulacional_v0002": null, "Areapopulacional_v0003": null, "Areapopulacional_v0004": null, "Areapopulacional_v0005": null, "Areapopulacional_v0006": null, "Areapopulacional_v0007": null, "Areapopulacional_AREA_DOMICILIADA_KM2": null, "Areapopulacional_AREA_KM2": null, "Areapopulacional_DENSIDADE_DEMOGRAFICA_DOMICILIADA_HAB_KM2": null, "Areapopulacional_DENSIDADE_DEMOGRAFICA_SETOR_HAB_KM2": null, "teste200(2)_fid": null, "teste200(2)_CD_SIT": null, "teste200(2)_CD_TIPO": null, "teste200(2)_v0001": null, "teste200(2)_v0002": null, "teste200(2)_v0003": null, "teste200(2)_v0004": null, "teste200(2)_v0005": null, "teste200(2)_v0006": null, "teste200(2)_v0007": null, "teste200(2)_AREA_DOMICILIADA_KM2": null, "teste200(2)_AREA_KM2": null, "teste200(2)_DENSIDADE_DEMOGRAFICA_DOMICILIADA_HAB_KM2": null, "teste200(2)_DENSIDADE_DEMOGRAFICA_SETOR_HAB_KM2": null, "teste200(2)_V00111SISTEMAGERALÁGUA": null, "teste200(2)_V00112POÇO": null, "teste200(2)_V00113POÇORASO": null, "teste200(2)_V00114NASCENTE,FONTE": null, "teste200(2)_V00115CARROPIPA": null, "teste200(2)_V00116CHUVA": null, "teste200(2)_V00117RIOS,AÇUDES,CORREGOS": null, "teste200(2)_V00118OUTRAFORMA": null }, "geometry": { "type": "MultiPolygon", "coordinates": [ [ [ [ -40.871003099999939, -3.474720499999933 ], [ -40.871201099999951, -3.472808099999952 ], [ -40.870797799999934, -3.472526 ], [ -40.870904899999971, -3.472336899999959 ], [ -40.87098229999998, -3.471897 ], [ -40.870659099999955, -3.471783699999946 ], [ -40.87021139999996, -3.471996299999944 ], [ -40.87011739999997, -3.472105 ], [ -40.867899799999975, -3.472655 ], [ -40.867900899999938, -3.473028 ], [ -40.866903099999945, -3.474539799999945 ], [ -40.867567599999973, -3.475204299999973 ], [ -40.871003099999939, -3.474720499999933 ] ] ] ] } },
{ "type": "Feature", "properties": { "CD_SETOR": "231340130000002", "SITUACAO": "Urbana", "CD_SIT": "2", "CD_TIPO": "0", "AREA_KM2": 0.69107657979513104, "CD_REGIAO": "2", "NM_REGIAO": "Nordeste", "CD_UF": "23", "NM_UF": "Ceará", "CD_MUN": "2313401", "NM_MUN": "Tianguá", "CD_DIST": "231340130", "NM_DIST": "Bela Vista", "CD_SUBDIST": "23134013000", "NM_SUBDIST": null, "CD_BAIRRO": null, "NM_BAIRRO": null, "CD_NU": null, "NM_NU": null, "CD_FCU": null, "NM_FCU": null, "CD_AGLOM": null, "NM_AGLOM": null, "CD_RGINT": "2306", "NM_RGINT": "Sobral", "CD_RGI": "230016", "NM_RGI": "São Benedito - Ipu - Guaraciaba do Norte - Tianguá", "CD_CONCURB": null, "NM_CONCURB": null, "Areapopulacional_CD_SIT": 2, "Areapopulacional_CD_TIPO": 0, "Areapopulacional_v0001": 250, "Areapopulacional_v0002": 100, "Areapopulacional_v0003": 100, "Areapopulacional_v0004": 0, "Areapopulacional_v0005": 3.3, "Areapopulacional_v0006": 0.04, "Areapopulacional_v0007": 75, "Areapopulacional_AREA_DOMICILIADA_KM2": 0.3748, "Areapopulacional_AREA_KM2": 0.69107658, "Areapopulacional_DENSIDADE_DEMOGRAFICA_DOMICILIADA_HAB_KM2": 667.022412, "Areapopulacional_DENSIDADE_DEMOGRAFICA_SETOR_HAB_KM2": 361.7544094, "teste200(2)_fid": null, "teste200(2)_CD_SIT": null, "teste200(2)_CD_TIPO": null, "teste200(2)_v0001": null, "teste200(2)_v0002": null, "teste200(2)_v0003": null, "teste200(2)_v0004": null, "teste200(2)_v0005": null, "teste200(2)_v0006": null, "teste200(2)_v0007": null, "teste200(2)_AREA_DOMICILIADA_KM2": null, "teste200(2)_AREA_KM2": null, "teste200(2)_DENSIDADE_DEMOGRAFICA_DOMICILIADA_HAB_KM2": null, "teste200(2)_DENSIDADE_DEMOGRAFICA_SETOR_HAB_KM2": null, "teste200(2)_V00111SISTEMAGERALÁGUA": null, "teste200(2)_V00112POÇO": null, "teste200(2)_V00113POÇORASO": null, "teste200(2)_V00114NASCENTE,FONTE": null, "teste200(2)_V00115CARROPIPA": null, "teste200(2)_V00116CHUVA": null, "teste200(2)_V00117RIOS,AÇUDES,CORREGOS": null, "teste200(2)_V00118OUTRAFORMA": null }, "geometry": { "type": "MultiPolygon", "coordinates": [ [ [ [ -40.910326899999973, -3.664196499999946 ], [ -40.912402, -3.663070699999935 ], [ -40.914001799999937, -3.661963199999946 ], [ -40.915929699999936, -3.660814699999946 ], [ -40.917242399999964, -3.660322399999927 ], [ -40.918668499999967, -3.659889899999939 ], [ -40.918901499999947, -3.657304199999942 ], [ -40.919250399999953, -3.655155499999978 ], [ -40.919538499999931, -3.652735499999949 ], [ -40.919536299999947, -3.65242429999995 ], [ -40.919376399999976, -3.651660199999981 ], [ -40.919004599999937, -3.650544699999955 ], [ -40.918880599999966, -3.649726599999951 ], [ -40.918434399999967, -3.648512 ], [ -40.917590299999972, -3.649092099999962 ], [ -40.910326899999973, -3.664196499999946 ] ] ] ] } },
{ "type": "Feature", "properties": { "CD_SETOR": "231340130000003", "SITUACAO": "Urbana", "CD_SIT": "2", "CD_TIPO": "0", "AREA_KM2": 0.75832098567052697, "CD_REGIAO": "2", "NM_REGIAO": "Nordeste", "CD_UF": "23", "NM_UF": "Ceará", "CD_MUN": "2313401", "NM_MUN": "Tianguá", "CD_DIST": "231340130", "NM_DIST": "Bela Vista", "CD_SUBDIST": "23134013000", "NM_SUBDIST": null, "CD_BAIRRO": null, "NM_BAIRRO": null, "CD_NU": null, "NM_NU": null, "CD_FCU": null, "NM_FCU": null, "CD_AGLOM": null, "NM_AGLOM": null, "CD_RGINT": "2306", "NM_RGINT": "Sobral", "CD_RGI": "230016", "NM_RGI": "São Benedito - Ipu - Guaraciaba do Norte - Tianguá", "CD_CONCURB": null, "NM_CONCURB": null, "Areapopulacional_CD_SIT": 2, "Areapopulacional_CD_TIPO": 0, "Areapopulacional_v0001": 318, "Areapopulacional_v0002": 145, "Areapopulacional_v0003": 144, "Areapopulacional_v0004": 1, "Areapopulacional_v0005": 2.9, "Areapopulacional_v0006": 0.018, "Areapopulacional_v0007": 111, "Areapopulacional_AREA_DOMICILIADA_KM2": 0.40968, "Areapopulacional_AREA_KM2": 0.758320986, "Areapopulacional_DENSIDADE_DEMOGRAFICA_DOMICILIADA_HAB_KM2": 776.2155829, "Areapopulacional_DENSIDADE_DEMOGRAFICA_SETOR_HAB_KM2": 419.3474874, "teste200(2)_fid": null, "teste200(2)_CD_SIT": null, "teste200(2)_CD_TIPO": null, "teste200(2)_v0001": null, "teste200(2)_v0002": null, "teste200(2)_v0003": null, "teste200(2)_v0004": null, "teste200(2)_v0005": null, "teste200(2)_v0006": null, "teste200(2)_v0007": null, "teste200(2)_AREA_DOMICILIADA_KM2": null, "teste200(2)_AREA_KM2": null, "teste200(2)_DENSIDADE_DEMOGRAFICA_DOMICILIADA_HAB_KM2": null, "teste200(2)_DENSIDADE_DEMOGRAFICA_SETOR_HAB_KM2": null, "teste200(2)_V00111SISTEMAGERALÁGUA": null, "teste200(2)_V00112POÇO": null, "teste200(2)_V00113POÇORASO": null, "teste200(2)_V00114NASCENTE,FONTE": null, "teste200(2)_V00115CARROPIPA": null, "teste200(2)_V00116CHUVA": null, "teste200(2)_V00117RIOS,AÇUDES,CORREGOS": null, "teste200(2)_V00118OUTRAFORMA": null }, "geometry": { "type": "MultiPolygon", "coordinates": [ [ [ [ -40.918668499999967, -3.659889899999939 ], [ -40.917242399999964, -3.660322399999927 ], [ -40.915929699999936, -3.660814699999946 ], [ -40.914001799999937, -3.661963199999946 ], [ -40.912402, -3.663070699999935 ], [ -40.910326899999973, -3.664196499999946 ], [ -40.926002599999947, -3.66389049999998 ], [ -40.927941699999963, -3.657459399999937 ], [ -40.922553499999935, -3.658902799999964 ], [ -40.921480799999983, -3.659169799999972 ], [ -40.919450199999972, -3.659675299999947 ], [ -40.918668499999967, -3.659889899999939 ] ] ] ] } },
{ "type": "Feature", "properties": { "CD_SETOR": "231340130000004", "SITUACAO": "Rural", "CD_SIT": "8", "CD_TIPO": "0", "AREA_KM2": 2.323328972606217, "CD_REGIAO": "2", "NM_REGIAO": "Nordeste", "CD_UF": "23", "NM_UF": "Ceará", "CD_MUN": "2313401", "NM_MUN": "Tianguá", "CD_DIST": "231340130", "NM_DIST": "Bela Vista", "CD_SUBDIST": "23134013000", "NM_SUBDIST": null, "CD_BAIRRO": null, "NM_BAIRRO": null, "CD_NU": null, "NM_NU": null, "CD_FCU": null, "NM_FCU": null, "CD_AGLOM": null, "NM_AGLOM": null, "CD_RGINT": "2306", "NM_RGINT": "Sobral", "CD_RGI": "230016", "NM_RGI": "São Benedito - Ipu - Guaraciaba do Norte - Tianguá", "CD_CONCURB": null, "NM_CONCURB": null, "Areapopulacional_CD_SIT": null, "Areapopulacional_CD_TIPO": null, "Areapopulacional_v0001": null, "Areapopulacional_v0002": null, "Areapopulacional_v0003": null, "Areapopulacional_v0004": null, "Areapopulacional_v0005": null, "Areapopulacional_v0006": null, "Areapopulacional_v0007": null, "Areapopulacional_AREA_DOMICILIADA_KM2": null, "Areapopulacional_AREA_KM2": null, "Areapopulacional_DENSIDADE_DEMOGRAFICA_DOMICILIADA_HAB_KM2": null, "Areapopulacional_DENSIDADE_DEMOGRAFICA_SETOR_HAB_KM2": null, "teste200(2)_fid": null, "teste200(2)_CD_SIT": null, "teste200(2)_CD_TIPO": null, "teste200(2)_v0001": null, "teste200(2)_v0002": null, "teste200(2)_v0003": null, "teste200(2)_v0004": null, "teste200(2)_v0005": null, "teste200(2)_v0006": null, "teste200(2)_v0007": null, "teste200(2)_AREA_DOMICILIADA_KM2": null, "teste200(2)_AREA_KM2": null, "teste200(2)_DENSIDADE_DEMOGRAFICA_DOMICILIADA_HAB_KM2": null, "teste200(2)_DENSIDADE_DEMOGRAFICA_SETOR_HAB_KM2": null, "teste200(2)_V00111SISTEMAGERALÁGUA": null, "teste200(2)_V00112POÇO": null, "teste200(2)_V00113POÇORASO": null, "teste200(2)_V00114NASCENTE,FONTE": null, "teste200(2)_V00115CARROPIPA": null, "teste200(2)_V00116CHUVA": null, "teste200(2)_V00117RIOS,AÇUDES,CORREGOS": null, "teste200(2)_V00118OUTRAFORMA": null }, "geometry": { "type": "MultiPolygon", "coordinates": [ [ [ [ -40.913649699999951, -3.638072899999941 ], [ -40.913916799999981, -3.638516399999958 ], [ -40.916498399999966, -3.643860399999937 ], [ -40.91748819999998, -3.646365199999934 ], [ -40.918032, -3.647568699999965 ], [ -40.918434399999967, -3.648512 ], [ -40.918979799999931, -3.648983 ], [ -40.919549899999936, -3.649553099999935 ], [ -40.927941699999963, -3.657459399999937 ], [ -40.928463, -3.657317199999966 ], [ -40.928892, -3.657204899999954 ], [ -40.929507299999955, -3.657040799999947 ], [ -40.930204599999968, -3.656630599999971 ], [ -40.930368699999974, -3.655851299999938 ], [ -40.930573799999934, -3.655030899999929 ], [ -40.930500799999948, -3.65301519999997 ], [ -40.930396, -3.652313 ], [ -40.929865199999938, -3.651861199999928 ], [ -40.929041, -3.651523299999951 ], [ -40.928599899999938, -3.651094 ], [ -40.928617, -3.650685599999974 ], [ -40.928644399999939, -3.650029 ], [ -40.929037299999948, -3.649574399999949 ], [ -40.92967989999994, -3.649460199999965 ], [ -40.930898, -3.649665899999945 ], [ -40.931212, -3.649394699999959 ], [ -40.931327799999963, -3.649136299999952 ], [ -40.931383799999935, -3.648849499999926 ], [ -40.931762499999934, -3.648373899999967 ], [ -40.932045799999969, -3.648444099999949 ], [ -40.932460099999957, -3.647443199999941 ], [ -40.932917699999962, -3.646121499999936 ], [ -40.932680199999936, -3.644796099999951 ], [ -40.931573599999979, -3.644436199999973 ], [ -40.92931539999995, -3.643776599999967 ], [ -40.928514699999937, -3.64355409999996 ], [ -40.92673, -3.642896 ], [ -40.926072899999951, -3.64282929999996 ], [ -40.92636159999995, -3.641547 ], [ -40.927236799999946, -3.640944299999944 ], [ -40.927293299999974, -3.640277499999968 ], [ -40.925212599999952, -3.639748299999951 ], [ -40.924891499999944, -3.639539299999967 ], [ -40.924235, -3.639472099999978 ], [ -40.923907, -3.63965769999993 ], [ -40.923236199999963, -3.639566099999968 ], [ -40.923070699999982, -3.639678099999969 ], [ -40.922063799999933, -3.640020299999946 ], [ -40.921800599999983, -3.639888699999972 ], [ -40.921514299999956, -3.639908499999933 ], [ -40.920856399999934, -3.639765199999943 ], [ -40.920641799999942, -3.639623599999936 ], [ -40.920420499999977, -3.639572299999941 ], [ -40.920321699999931, -3.639404099999979 ], [ -40.920139, -3.639154899999937 ], [ -40.919871399999977, -3.638958199999934 ], [ -40.919364199999961, -3.638746399999945 ], [ -40.918967, -3.638399099999958 ], [ -40.918651899999929, -3.638002899999947 ], [ -40.918272099999967, -3.637743 ], [ -40.917660299999966, -3.637459099999944 ], [ -40.916885899999954, -3.637170899999944 ], [ -40.916378599999973, -3.637207699999976 ], [ -40.915666199999976, -3.637430299999949 ], [ -40.914911099999983, -3.637735099999929 ], [ -40.913649699999951, -3.638072899999941 ] ] ] ] } },
{ "type": "Feature", "properties": { "CD_SETOR": "231340130000005", "SITUACAO": "Rural", "CD_SIT": "8", "CD_TIPO": "0", "AREA_KM2": 8.1586798036600534, "CD_REGIAO": "2", "NM_REGIAO": "Nordeste", "CD_UF": "23", "NM_UF": "Ceará", "CD_MUN": "2313401", "NM_MUN": "Tianguá", "CD_DIST": "231340130", "NM_DIST": "Bela Vista", "CD_SUBDIST": "23134013000", "NM_SUBDIST": null, "CD_BAIRRO": null, "NM_BAIRRO": null, "CD_NU": null, "NM_NU": null, "CD_FCU": null, "NM_FCU": null, "CD_AGLOM": null, "NM_AGLOM": null, "CD_RGINT": "2306", "NM_RGINT": "Sobral", "CD_RGI": "230016", "NM_RGI": "São Benedito - Ipu - Guaraciaba do Norte - Tianguá", "CD_CONCURB": null, "NM_CONCURB": null, "Areapopulacional_CD_SIT": null, "Areapopulacional_CD_TIPO": null, "Areapopulacional_v0001": null, "Areapopulacional_v0002": null, "Areapopulacional_v0003": null, "Areapopulacional_v0004": null, "Areapopulacional_v0005": null, "Areapopulacional_v0006": null, "Areapopulacional_v0007": null, "Areapopulacional_AREA_DOMICILIADA_KM2": null, "Areapopulacional_AREA_KM2": null, "Areapopulacional_DENSIDADE_DEMOGRAFICA_DOMICILIADA_HAB_KM2": null, "Areapopulacional_DENSIDADE_DEMOGRAFICA_SETOR_HAB_KM2": null, "teste200(2)_fid": null, "teste200(2)_CD_SIT": null, "teste200(2)_CD_TIPO": null, "teste200(2)_v0001": null, "teste200(2)_v0002": null, "teste200(2)_v0003": null, "teste200(2)_v0004": null, "teste200(2)_v0005": null, "teste200(2)_v0006": null, "teste200(2)_v0007": null, "teste200(2)_AREA_DOMICILIADA_KM2": null, "teste200(2)_AREA_KM2": null, "teste200(2)_DENSIDADE_DEMOGRAFICA_DOMICILIADA_HAB_KM2": null, "teste200(2)_DENSIDADE_DEMOGRAFICA_SETOR_HAB_KM2": null, "teste200(2)_V00111SISTEMAGERALÁGUA": null, "teste200(2)_V00112POÇO": null, "teste200(2)_V00113POÇORASO": null, "teste200(2)_V00114NASCENTE,FONTE": null, "teste200(2)_V00115CARROPIPA": null, "teste200(2)_V00116CHUVA": null, "teste200(2)_V00117RIOS,AÇUDES,CORREGOS": null, "teste200(2)_V00118OUTRAFORMA": null }, "geometry": { "type": "MultiPolygon", "coordinates": [ [ [ [ -40.890935099999979, -3.667947199999958 ], [ -40.890992899999958, -3.667970799999978 ], [ -40.893343099999981, -3.667622599999959 ], [ -40.894845499999974, -3.667582899999957 ], [ -40.897222399999976, -3.667018399999961 ], [ -40.899849899999936, -3.666721499999937 ], [ -40.903295599999979, -3.666270299999951 ], [ -40.905633699999953, -3.666024199999924 ], [ -40.906905299999949, -3.665778099999955 ], [ -40.907889799999964, -3.665408899999932 ], [ -40.909611299999938, -3.664566899999954 ], [ -40.910326899999973, -3.664196499999946 ], [ -40.917590299999972, -3.649092099999962 ], [ -40.918434399999967, -3.648512 ], [ -40.918032, -3.647568699999965 ], [ -40.91748819999998, -3.646365199999934 ], [ -40.916498399999966, -3.643860399999937 ], [ -40.913916799999981, -3.638516399999958 ], [ -40.913649699999951, -3.638072899999941 ], [ -40.913221599999929, -3.638170699999932 ], [ -40.91226249999994, -3.638175 ], [ -40.911822399999949, -3.638124499999947 ], [ -40.911515, -3.638183599999934 ], [ -40.911191899999949, -3.637974 ], [ -40.910820099999967, -3.637848499999961 ], [ -40.910600799999941, -3.637616 ], [ -40.910457599999972, -3.637375899999938 ], [ -40.910266499999977, -3.63738509999996 ], [ -40.91008549999998, -3.637219199999947 ], [ -40.909798599999931, -3.636870599999952 ], [ -40.909043299999951, -3.636434399999928 ], [ -40.908441, -3.636142899999925 ], [ -40.908285599999942, -3.635940199999936 ], [ -40.907983599999966, -3.63573539999993 ], [ -40.907790399999953, -3.63540839999996 ], [ -40.907452599999942, -3.635120799999925 ], [ -40.907259499999952, -3.635145899999941 ], [ -40.906912299999931, -3.635378799999955 ], [ -40.906457, -3.635118299999931 ], [ -40.906223099999977, -3.634599599999945 ], [ -40.905660399999931, -3.634409399999925 ], [ -40.905594599999972, -3.63424109999994 ], [ -40.905359399999952, -3.633867899999927 ], [ -40.905249599999934, -3.633818899999937 ], [ -40.905136399999947, -3.633856899999955 ], [ -40.904996, -3.634108799999979 ], [ -40.904652, -3.634317299999964 ], [ -40.904287199999942, -3.634500699999933 ], [ -40.90394589999994, -3.63488719999998 ], [ -40.903525599999966, -3.635363199999972 ], [ -40.903316199999949, -3.635330799999963 ], [ -40.903177699999958, -3.635423499999945 ], [ -40.903166, -3.63580479999996 ], [ -40.903147199999978, -3.636084799999935 ], [ -40.902990099999954, -3.636194399999965 ], [ -40.902745699999969, -3.636083799999938 ], [ -40.902276699999959, -3.636046 ], [ -40.901931599999955, -3.636152099999947 ], [ -40.901691699999958, -3.636182099999928 ], [ -40.901526499999932, -3.636276599999974 ], [ -40.90134409999996, -3.636117499999955 ], [ -40.901076199999977, -3.635983799999963 ], [ -40.900822399999981, -3.635969599999953 ], [ -40.900552199999936, -3.636049399999933 ], [ -40.900417699999934, -3.636198199999967 ], [ -40.900322699999947, -3.636572799999954 ], [ -40.900224699999967, -3.63667369999996 ], [ -40.899661899999955, -3.636749299999963 ], [ -40.899476199999981, -3.636727 ], [ -40.899265299999968, -3.636546199999941 ], [ -40.899022, -3.636095099999977 ], [ -40.899122399999953, -3.635895399999924 ], [ -40.899116699999979, -3.63574019999993 ], [ -40.898990699999956, -3.635613599999942 ], [ -40.898770499999955, -3.635550699999953 ], [ -40.898607199999958, -3.635314699999981 ], [ -40.89848319999993, -3.635226499999931 ], [ -40.89830139999998, -3.635310599999968 ], [ -40.897584799999947, -3.63545 ], [ -40.897338399999967, -3.635446099999967 ], [ -40.896898699999952, -3.635096899999951 ], [ -40.896431899999982, -3.634275699999932 ], [ -40.89484669999996, -3.633380299999942 ], [ -40.890935099999979, -3.667947199999958 ] ] ] ] } },
{ "type": "Feature", "properties": { "CD_SETOR": "231340130000008", "SITUACAO": "Rural", "CD_SIT": "8", "CD_TIPO": "0", "AREA_KM2": 0.315649170829501, "CD_REGIAO": "2", "NM_REGIAO": "Nordeste", "CD_UF": "23", "NM_UF": "Ceará", "CD_MUN": "2313401", "NM_MUN": "Tianguá", "CD_DIST": "231340130", "NM_DIST": "Bela Vista", "CD_SUBDIST": "23134013000", "NM_SUBDIST": null, "CD_BAIRRO": null, "NM_BAIRRO": null, "CD_NU": null, "NM_NU": null, "CD_FCU": null, "NM_FCU": null, "CD_AGLOM": null, "NM_AGLOM": null, "CD_RGINT": "2306", "NM_RGINT": "Sobral", "CD_RGI": "230016", "NM_RGI": "São Benedito - Ipu - Guaraciaba do Norte - Tianguá", "CD_CONCURB": null, "NM_CONCURB": null, "Areapopulacional_CD_SIT": null, "Areapopulacional_CD_TIPO": null, "Areapopulacional_v0001": null, "Areapopulacional_v0002": null, "Areapopulacional_v0003": null, "Areapopulacional_v0004": null, "Areapopulacional_v0005": null, "Areapopulacional_v0006": null, "Areapopulacional_v0007": null, "Areapopulacional_AREA_DOMICILIADA_KM2": null, "Areapopulacional_AREA_KM2": null, "Areapopulacional_DENSIDADE_DEMOGRAFICA_DOMICILIADA_HAB_KM2": null, "Areapopulacional_DENSIDADE_DEMOGRAFICA_SETOR_HAB_KM2": null, "teste200(2)_fid": null, "teste200(2)_CD_SIT": null, "teste200(2)_CD_TIPO": null, "teste200(2)_v0001": null, "teste200(2)_v0002": null, "teste200(2)_v0003": null, "teste200(2)_v0004": null, "teste200(2)_v0005": null, "teste200(2)_v0006": null, "teste200(2)_v0007": null, "teste200(2)_AREA_DOMICILIADA_KM2": null, "teste200(2)_AREA_KM2": null, "teste200(2)_DENSIDADE_DEMOGRAFICA_DOMICILIADA_HAB_KM2": null, "teste200(2)_DENSIDADE_DEMOGRAFICA_SETOR_HAB_KM2": null, "teste200(2)_V00111SISTEMAGERALÁGUA": null, "teste200(2)_V00112POÇO": null, "teste200(2)_V00113POÇORASO": null, "teste200(2)_V00114NASCENTE,FONTE": null, "teste200(2)_V00115CARROPIPA": null, "teste200(2)_V00116CHUVA": null, "teste200(2)_V00117RIOS,AÇUDES,CORREGOS": null, "teste200(2)_V00118OUTRAFORMA": null }, "geometry": { "type": "MultiPolygon", "coordinates": [ [ [ [ -40.878450199999975, -3.708670799999936 ], [ -40.879289799999981, -3.709509199999957 ], [ -40.881808699999965, -3.700648 ], [ -40.885243599999967, -3.688563899999963 ], [ -40.89041409999993, -3.670374099999947 ], [ -40.890992899999958, -3.667970799999978 ], [ -40.890935099999979, -3.667947199999958 ], [ -40.878450199999975, -3.708670799999936 ] ] ] ] } },
{ "type": "Feature", "properties": { "CD_SETOR": "231340130000010", "SITUACAO": "Urbana", "CD_SIT": "2", "CD_TIPO": "0", "AREA_KM2": 0.18592303224314499, "CD_REGIAO": "2", "NM_REGIAO": "Nordeste", "CD_UF": "23", "NM_UF": "Ceará", "CD_MUN": "2313401", "NM_MUN": "Tianguá", "CD_DIST": "231340130", "NM_DIST": "Bela Vista", "CD_SUBDIST": "23134013000", "NM_SUBDIST": null, "CD_BAIRRO": null, "NM_BAIRRO": null, "CD_NU": null, "NM_NU": null, "CD_FCU": null, "NM_FCU": null, "CD_AGLOM": null, "NM_AGLOM": null, "CD_RGINT": "2306", "NM_RGINT": "Sobral", "CD_RGI": "230016", "NM_RGI": "São Benedito - Ipu - Guaraciaba do Norte - Tianguá", "CD_CONCURB": null, "NM_CONCURB": null, "Areapopulacional_CD_SIT": 2, "Areapopulacional_CD_TIPO": 0, "Areapopulacional_v0001": 175, "Areapopulacional_v0002": 77, "Areapopulacional_v0003": 77, "Areapopulacional_v0004": 0, "Areapopulacional_v0005": 3.0, "Areapopulacional_v0006": 0.0172, "Areapopulacional_v0007": 58, "Areapopulacional_AREA_DOMICILIADA_KM2": 0.18592, "Areapopulacional_AREA_KM2": 0.185923032, "Areapopulacional_DENSIDADE_DEMOGRAFICA_DOMICILIADA_HAB_KM2": 941.2650602, "Areapopulacional_DENSIDADE_DEMOGRAFICA_SETOR_HAB_KM2": 941.249709, "teste200(2)_fid": null, "teste200(2)_CD_SIT": null, "teste200(2)_CD_TIPO": null, "teste200(2)_v0001": null, "teste200(2)_v0002": null, "teste200(2)_v0003": null, "teste200(2)_v0004": null, "teste200(2)_v0005": null, "teste200(2)_v0006": null, "teste200(2)_v0007": null, "teste200(2)_AREA_DOMICILIADA_KM2": null, "teste200(2)_AREA_KM2": null, "teste200(2)_DENSIDADE_DEMOGRAFICA_DOMICILIADA_HAB_KM2": null, "teste200(2)_DENSIDADE_DEMOGRAFICA_SETOR_HAB_KM2": null, "teste200(2)_V00111SISTEMAGERALÁGUA": null, "teste200(2)_V00112POÇO": null, "teste200(2)_V00113POÇORASO": null, "teste200(2)_V00114NASCENTE,FONTE": null, "teste200(2)_V00115CARROPIPA": null, "teste200(2)_V00116CHUVA": null, "teste200(2)_V00117RIOS,AÇUDES,CORREGOS": null, "teste200(2)_V00118OUTRAFORMA": null }, "geometry": { "type": "MultiPolygon", "coordinates": [ [ [ [ -40.921480799999983, -3.659169799999972 ], [ -40.921455499999979, -3.659067099999959 ], [ -40.92166659999998, -3.658795 ], [ -40.921589199999971, -3.658231899999976 ], [ -40.92160089999993, -3.657605599999954 ], [ -40.921554, -3.657436699999948 ], [ -40.921380399999975, -3.657077699999945 ], [ -40.921328799999969, -3.656667199999958 ], [ -40.921314699999982, -3.656474799999955 ], [ -40.921364, -3.656237899999951 ], [ -40.921551699999952, -3.655719399999953 ], [ -40.921624399999985, -3.655503599999975 ], [ -40.921643199999949, -3.655308799999943 ], [ -40.921455499999979, -3.654560499999945 ], [ -40.921328799999969, -3.654103 ], [ -40.921227899999963, -3.654004499999928 ], [ -40.920728199999985, -3.653570499999944 ], [ -40.920256699999982, -3.653127099999949 ], [ -40.919792199999961, -3.652571099999932 ], [ -40.919710099999975, -3.652496 ], [ -40.919573, -3.652407399999959 ], [ -40.919536299999947, -3.65242429999995 ], [ -40.919538499999931, -3.652735499999949 ], [ -40.919250399999953, -3.655155499999978 ], [ -40.918901499999947, -3.657304199999942 ], [ -40.918668499999967, -3.659889899999939 ], [ -40.919450199999972, -3.659675299999947 ], [ -40.921480799999983, -3.659169799999972 ] ] ] ] } },
{ "type": "Feature", "properties": { "CD_SETOR": "231340130000011", "SITUACAO": "Urbana", "CD_SIT": "2", "CD_TIPO": "0", "AREA_KM2": 0.394944186108803, "CD_REGIAO": "2", "NM_REGIAO": "Nordeste", "CD_UF": "23", "NM_UF": "Ceará", "CD_MUN": "2313401", "NM_MUN": "Tianguá", "CD_DIST": "231340130", "NM_DIST": "Bela Vista", "CD_SUBDIST": "23134013000", "NM_SUBDIST": null, "CD_BAIRRO": null, "NM_BAIRRO": null, "CD_NU": null, "NM_NU": null, "CD_FCU": null, "NM_FCU": null, "CD_AGLOM": null, "NM_AGLOM": null, "CD_RGINT": "2306", "NM_RGINT": "Sobral", "CD_RGI": "230016", "NM_RGI": "São Benedito - Ipu - Guaraciaba do Norte - Tianguá", "CD_CONCURB": null, "NM_CONCURB": null, "Areapopulacional_CD_SIT": 2, "Areapopulacional_CD_TIPO": 0, "Areapopulacional_v0001": 102, "Areapopulacional_v0002": 77, "Areapopulacional_v0003": 77, "Areapopulacional_v0004": 0, "Areapopulacional_v0005": 2.8, "Areapopulacional_v0006": 0.0278, "Areapopulacional_v0007": 36, "Areapopulacional_AREA_DOMICILIADA_KM2": 0.26413, "Areapopulacional_AREA_KM2": 0.394944186, "Areapopulacional_DENSIDADE_DEMOGRAFICA_DOMICILIADA_HAB_KM2": 386.1734752, "Areapopulacional_DENSIDADE_DEMOGRAFICA_SETOR_HAB_KM2": 258.2643411, "teste200(2)_fid": null, "teste200(2)_CD_SIT": null, "teste200(2)_CD_TIPO": null, "teste200(2)_v0001": null, "teste200(2)_v0002": null, "teste200(2)_v0003": null, "teste200(2)_v0004": null, "teste200(2)_v0005": null, "teste200(2)_v0006": null, "teste200(2)_v0007": null, "teste200(2)_AREA_DOMICILIADA_KM2": null, "teste200(2)_AREA_KM2": null, "teste200(2)_DENSIDADE_DEMOGRAFICA_DOMICILIADA_HAB_KM2": null, "teste200(2)_DENSIDADE_DEMOGRAFICA_SETOR_HAB_KM2": null, "teste200(2)_V00111SISTEMAGERALÁGUA": null, "teste200(2)_V00112POÇO": null, "teste200(2)_V00113POÇORASO": null, "teste200(2)_V00114NASCENTE,FONTE": null, "teste200(2)_V00115CARROPIPA": null, "teste200(2)_V00116CHUVA": null, "teste200(2)_V00117RIOS,AÇUDES,CORREGOS": null, "teste200(2)_V00118OUTRAFORMA": null }, "geometry": { "type": "MultiPolygon", "coordinates": [ [ [ [ -40.919536299999947, -3.65242429999995 ], [ -40.919573, -3.652407399999959 ], [ -40.919710099999975, -3.652496 ], [ -40.919792199999961, -3.652571099999932 ], [ -40.920256699999982, -3.653127099999949 ], [ -40.920728199999985, -3.653570499999944 ], [ -40.921227899999963, -3.654004499999928 ], [ -40.921328799999969, -3.654103 ], [ -40.921455499999979, -3.654560499999945 ], [ -40.921643199999949, -3.655308799999943 ], [ -40.921624399999985, -3.655503599999975 ], [ -40.921551699999952, -3.655719399999953 ], [ -40.921364, -3.656237899999951 ], [ -40.921314699999982, -3.656474799999955 ], [ -40.921328799999969, -3.656667199999958 ], [ -40.921380399999975, -3.657077699999945 ], [ -40.921554, -3.657436699999948 ], [ -40.92160089999993, -3.657605599999954 ], [ -40.921589199999971, -3.658231899999976 ], [ -40.92166659999998, -3.658795 ], [ -40.921455499999979, -3.659067099999959 ], [ -40.921480799999983, -3.659169799999972 ], [ -40.922553499999935, -3.658902799999964 ], [ -40.927941699999963, -3.657459399999937 ], [ -40.919549899999936, -3.649553099999935 ], [ -40.918979799999931, -3.648983 ], [ -40.918434399999967, -3.648512 ], [ -40.918880599999966, -3.649726599999951 ], [ -40.919004599999937, -3.650544699999955 ], [ -40.919376399999976, -3.651660199999981 ], [ -40.919536299999947, -3.65242429999995 ] ] ] ] } },
{ "type": "Feature", "properties": { "CD_SETOR": "231340130000012", "SITUACAO": "Rural", "CD_SIT": "8", "CD_TIPO": "4", "AREA_KM2": 17.568326646065501, "CD_REGIAO": "2", "NM_REGIAO": "Nordeste", "CD_UF": "23", "NM_UF": "Ceará", "CD_MUN": "2313401", "NM_MUN": "Tianguá", "CD_DIST": "231340130", "NM_DIST": "Bela Vista", "CD_SUBDIST": "23134013000", "NM_SUBDIST": null, "CD_BAIRRO": null, "NM_BAIRRO": null, "CD_NU": null, "NM_NU": null, "CD_FCU": null, "NM_FCU": null, "CD_AGLOM": null, "NM_AGLOM": null, "CD_RGINT": "2306", "NM_RGINT": "Sobral", "CD_RGI": "230016", "NM_RGI": "São Benedito - Ipu - Guaraciaba do Norte - Tianguá", "CD_CONCURB": null, "NM_CONCURB": null, "Areapopulacional_CD_SIT": null, "Areapopulacional_CD_TIPO": null, "Areapopulacional_v0001": null, "Areapopulacional_v0002": null, "Areapopulacional_v0003": null, "Areapopulacional_v0004": null, "Areapopulacional_v0005": null, "Areapopulacional_v0006": null, "Areapopulacional_v0007": null, "Areapopulacional_AREA_DOMICILIADA_KM2": null, "Areapopulacional_AREA_KM2": null, "Areapopulacional_DENSIDADE_DEMOGRAFICA_DOMICILIADA_HAB_KM2": null, "Areapopulacional_DENSIDADE_DEMOGRAFICA_SETOR_HAB_KM2": null, "teste200(2)_fid": null, "teste200(2)_CD_SIT": null, "teste200(2)_CD_TIPO": null, "teste200(2)_v0001": null, "teste200(2)_v0002": null, "teste200(2)_v0003": null, "teste200(2)_v0004": null, "teste200(2)_v0005": null, "teste200(2)_v0006": null, "teste200(2)_v0007": null, "teste200(2)_AREA_DOMICILIADA_KM2": null, "teste200(2)_AREA_KM2": null, "teste200(2)_DENSIDADE_DEMOGRAFICA_DOMICILIADA_HAB_KM2": null, "teste200(2)_DENSIDADE_DEMOGRAFICA_SETOR_HAB_KM2": null, "teste200(2)_V00111SISTEMAGERALÁGUA": null, "teste200(2)_V00112POÇO": null, "teste200(2)_V00113POÇORASO": null, "teste200(2)_V00114NASCENTE,FONTE": null, "teste200(2)_V00115CARROPIPA": null, "teste200(2)_V00116CHUVA": null, "teste200(2)_V00117RIOS,AÇUDES,CORREGOS": null, "teste200(2)_V00118OUTRAFORMA": null }, "geometry": { "type": "MultiPolygon", "coordinates": [ [ [ [ -40.931645499999945, -3.678721799999948 ], [ -40.921902799999941, -3.683460899999943 ], [ -40.91763409999993, -3.688141599999938 ], [ -40.913548499999933, -3.69114019999995 ], [ -40.908368099999961, -3.702923899999973 ], [ -40.901684699999976, -3.709852399999932 ], [ -40.897499899999957, -3.712009399999943 ], [ -40.895283599999971, -3.716650799999968 ], [ -40.903206799999964, -3.724798499999963 ], [ -40.903210299999955, -3.727026099999932 ], [ -40.903258299999948, -3.727034899999978 ], [ -40.904243599999973, -3.726856399999974 ], [ -40.904538599999967, -3.726884899999959 ], [ -40.905525699999941, -3.727233799999965 ], [ -40.905696399999954, -3.727396499999941 ], [ -40.905769499999963, -3.727744399999949 ], [ -40.906184499999938, -3.727983499999937 ], [ -40.906502, -3.728283499999975 ], [ -40.907063899999969, -3.72901289999993 ], [ -40.907601199999931, -3.729201499999931 ], [ -40.907858199999964, -3.729377399999976 ], [ -40.907932099999982, -3.729630499999928 ], [ -40.90846, -3.729934199999946 ], [ -40.908623199999965, -3.730179199999952 ], [ -40.908904199999938, -3.730929199999935 ], [ -40.91574369999995, -3.732293099999936 ], [ -40.916502299999934, -3.730252399999927 ], [ -40.920024699999942, -3.727360899999951 ], [ -40.931252, -3.727179699999965 ], [ -40.932042299999978, -3.726604099999975 ], [ -40.934067899999945, -3.718564499999957 ], [ -40.94593569999995, -3.708696799999927 ], [ -40.940938699999947, -3.702222099999972 ], [ -40.94066689999994, -3.701473699999951 ], [ -40.940117199999975, -3.700876199999925 ], [ -40.939174499999979, -3.70033 ], [ -40.939012, -3.699930699999925 ], [ -40.938887299999976, -3.698467099999959 ], [ -40.938673799999947, -3.697460099999944 ], [ -40.93808139999993, -3.696143899999925 ], [ -40.937397, -3.695132799999953 ], [ -40.936737299999947, -3.694610399999931 ], [ -40.935975399999961, -3.694448 ], [ -40.935769799999946, -3.694231199999933 ], [ -40.935785899999985, -3.692719699999941 ], [ -40.935663399999953, -3.69231549999995 ], [ -40.934897499999977, -3.691678499999966 ], [ -40.934608799999978, -3.691452799999979 ], [ -40.93457, -3.690370499999972 ], [ -40.934642899999972, -3.690059799999972 ], [ -40.935313599999972, -3.689251599999977 ], [ -40.935464299999978, -3.688836899999956 ], [ -40.93564779999997, -3.687406799999962 ], [ -40.935284099999933, -3.687142299999948 ], [ -40.934998399999984, -3.686442499999941 ], [ -40.935082799999975, -3.686026099999935 ], [ -40.934838899999932, -3.685626199999945 ], [ -40.934401499999979, -3.685638199999971 ], [ -40.933717399999978, -3.684643199999925 ], [ -40.93321149999997, -3.68384059999994 ], [ -40.933237599999984, -3.683128199999942 ], [ -40.932476799999961, -3.682450099999926 ], [ -40.932051199999933, -3.682078199999978 ], [ -40.932120299999951, -3.681830399999967 ], [ -40.932412299999953, -3.681464799999958 ], [ -40.932448199999953, -3.681173299999955 ], [ -40.932686399999966, -3.680634699999928 ], [ -40.932705799999951, -3.680330499999968 ], [ -40.932512199999962, -3.680158 ], [ -40.932251299999962, -3.680448399999932 ], [ -40.932093799999961, -3.680363199999931 ], [ -40.931870299999957, -3.680406099999971 ], [ -40.931539799999939, -3.680235499999981 ], [ -40.931471199999976, -3.680073199999981 ], [ -40.931227199999967, -3.679882099999929 ], [ -40.931220199999984, -3.679861699999947 ], [ -40.931212699999946, -3.679839799999968 ], [ -40.931109599999957, -3.679538499999978 ], [ -40.931131099999959, -3.679401699999971 ], [ -40.931703699999957, -3.67887989999997 ], [ -40.931645499999945, -3.678721799999948 ] ] ] ] } },
{ "type": "Feature", "properties": { "CD_SETOR": "231340130000013", "SITUACAO": "Rural", "CD_SIT": "8", "CD_TIPO": "0", "AREA_KM2": 21.935281382969205, "CD_REGIAO": "2", "NM_REGIAO": "Nordeste", "CD_UF": "23", "NM_UF": "Ceará", "CD_MUN": "2313401", "NM_MUN": "Tianguá", "CD_DIST": "231340130", "NM_DIST": "Bela Vista", "CD_SUBDIST": "23134013000", "NM_SUBDIST": null, "CD_BAIRRO": null, "NM_BAIRRO": null, "CD_NU": null, "NM_NU": null, "CD_FCU": null, "NM_FCU": null, "CD_AGLOM": null, "NM_AGLOM": null, "CD_RGINT": "2306", "NM_RGINT": "Sobral", "CD_RGI": "230016", "NM_RGI": "São Benedito - Ipu - Guaraciaba do Norte - Tianguá", "CD_CONCURB": null, "NM_CONCURB": null, "Areapopulacional_CD_SIT": null, "Areapopulacional_CD_TIPO": null, "Areapopulacional_v0001": null, "Areapopulacional_v0002": null, "Areapopulacional_v0003": null, "Areapopulacional_v0004": null, "Areapopulacional_v0005": null, "Areapopulacional_v0006": null, "Areapopulacional_v0007": null, "Areapopulacional_AREA_DOMICILIADA_KM2": null, "Areapopulacional_AREA_KM2": null, "Areapopulacional_DENSIDADE_DEMOGRAFICA_DOMICILIADA_HAB_KM2": null, "Areapopulacional_DENSIDADE_DEMOGRAFICA_SETOR_HAB_KM2": null, "teste200(2)_fid": null, "teste200(2)_CD_SIT": null, "teste200(2)_CD_TIPO": null, "teste200(2)_v0001": null, "teste200(2)_v0002": null, "teste200(2)_v0003": null, "teste200(2)_v0004": null, "teste200(2)_v0005": null, "teste200(2)_v0006": null, "teste200(2)_v0007": null, "teste200(2)_AREA_DOMICILIADA_KM2": null, "teste200(2)_AREA_KM2": null, "teste200(2)_DENSIDADE_DEMOGRAFICA_DOMICILIADA_HAB_KM2": null, "teste200(2)_DENSIDADE_DEMOGRAFICA_SETOR_HAB_KM2": null, "teste200(2)_V00111SISTEMAGERALÁGUA": null, "teste200(2)_V00112POÇO": null, "teste200(2)_V00113POÇORASO": null, "teste200(2)_V00114NASCENTE,FONTE": null, "teste200(2)_V00115CARROPIPA": null, "teste200(2)_V00116CHUVA": null, "teste200(2)_V00117RIOS,AÇUDES,CORREGOS": null, "teste200(2)_V00118OUTRAFORMA": null }, "geometry": { "type": "MultiPolygon", "coordinates": [ [ [ [ -40.903210299999955, -3.727026099999932 ], [ -40.903206799999964, -3.724798499999963 ], [ -40.895283599999971, -3.716650799999968 ], [ -40.897499899999957, -3.712009399999943 ], [ -40.901684699999976, -3.709852399999932 ], [ -40.908368099999961, -3.702923899999973 ], [ -40.913548499999933, -3.69114019999995 ], [ -40.91763409999993, -3.688141599999938 ], [ -40.921902799999941, -3.683460899999943 ], [ -40.931645499999945, -3.678721799999948 ], [ -40.931570699999952, -3.678518599999961 ], [ -40.93149, -3.677935799999943 ], [ -40.931160199999965, -3.677607 ], [ -40.931182, -3.67731079999993 ], [ -40.931367099999932, -3.677191799999946 ], [ -40.931630799999937, -3.677125499999931 ], [ -40.93203189999997, -3.676746 ], [ -40.932724099999973, -3.676011699999947 ], [ -40.932996, -3.675578499999972 ], [ -40.93320639999996, -3.674933099999976 ], [ -40.93379079999994, -3.674052199999949 ], [ -40.933859199999972, -3.673727499999927 ], [ -40.933604099999968, -3.673281 ], [ -40.933721099999957, -3.672873 ], [ -40.933877, -3.672661199999936 ], [ -40.93390729999993, -3.671662799999979 ], [ -40.935085399999934, -3.671784799999955 ], [ -40.936128899999972, -3.672032299999955 ], [ -40.936820599999976, -3.672420299999942 ], [ -40.936820499999953, -3.672691799999939 ], [ -40.937193199999967, -3.672639 ], [ -40.93789, -3.67239909999995 ], [ -40.938452799999936, -3.672125699999981 ], [ -40.938714399999981, -3.671752699999956 ], [ -40.93903679999994, -3.671096099999943 ], [ -40.939098199999933, -3.670699 ], [ -40.939508399999966, -3.670125 ], [ -40.939926799999967, -3.669794799999977 ], [ -40.940140099999951, -3.669495299999937 ], [ -40.94012319999996, -3.669091699999967 ], [ -40.940306599999985, -3.668489499999964 ], [ -40.94002519999998, -3.66818829999994 ], [ -40.940242, -3.666980199999955 ], [ -40.94054749999998, -3.667052399999932 ], [ -40.940846399999941, -3.667188799999963 ], [ -40.941226099999938, -3.667548599999975 ], [ -40.940090399999974, -3.661790399999973 ], [ -40.939782899999955, -3.660127899999964 ], [ -40.939676599999984, -3.659625799999958 ], [ -40.937837199999933, -3.659463799999969 ], [ -40.937772, -3.65946839999998 ], [ -40.937344399999972, -3.659498299999939 ], [ -40.93690289999995, -3.659556299999963 ], [ -40.936604099999954, -3.659417 ], [ -40.93648289999993, -3.659136199999978 ], [ -40.936063099999956, -3.657212899999934 ], [ -40.935954199999969, -3.657043899999962 ], [ -40.933849799999962, -3.656110299999966 ], [ -40.93366919999994, -3.655897699999969 ], [ -40.933520199999975, -3.655570599999976 ], [ -40.934001499999965, -3.654824599999927 ], [ -40.934024399999942, -3.654496799999947 ], [ -40.93371529999996, -3.653943799999979 ], [ -40.933703799999932, -3.653928699999938 ], [ -40.933574699999951, -3.653760699999964 ], [ -40.933312899999976, -3.653703299999961 ], [ -40.932815599999969, -3.653819899999974 ], [ -40.932811699999945, -3.653820199999927 ], [ -40.93250269999993, -3.653847599999949 ], [ -40.931753199999946, -3.653705899999977 ], [ -40.931253, -3.653326599999957 ], [ -40.93122429999994, -3.65310889999995 ], [ -40.931315299999937, -3.652566599999943 ], [ -40.931177199999979, -3.651522599999964 ], [ -40.931446499999936, -3.650471299999936 ], [ -40.930898, -3.649665899999945 ], [ -40.92967989999994, -3.649460199999965 ], [ -40.929037299999948, -3.649574399999949 ], [ -40.928644399999939, -3.650029 ], [ -40.928617, -3.650685599999974 ], [ -40.928599899999938, -3.651094 ], [ -40.929041, -3.651523299999951 ], [ -40.929865199999938, -3.651861199999928 ], [ -40.930396, -3.652313 ], [ -40.930500799999948, -3.65301519999997 ], [ -40.930573799999934, -3.655030899999929 ], [ -40.930368699999974, -3.655851299999938 ], [ -40.930204599999968, -3.656630599999971 ], [ -40.929507299999955, -3.657040799999947 ], [ -40.928892, -3.657204899999954 ], [ -40.928463, -3.657317199999966 ], [ -40.927941699999963, -3.657459399999937 ], [ -40.926002599999947, -3.66389049999998 ], [ -40.910326899999973, -3.664196499999946 ], [ -40.909611299999938, -3.664566899999954 ], [ -40.907889799999964, -3.665408899999932 ], [ -40.906905299999949, -3.665778099999955 ], [ -40.905633699999953, -3.666024199999924 ], [ -40.903295599999979, -3.666270299999951 ], [ -40.899849899999936, -3.666721499999937 ], [ -40.897222399999976, -3.667018399999961 ], [ -40.894845499999974, -3.667582899999957 ], [ -40.893343099999981, -3.667622599999959 ], [ -40.890992899999958, -3.667970799999978 ], [ -40.89041409999993, -3.670374099999947 ], [ -40.885243599999967, -3.688563899999963 ], [ -40.881808699999965, -3.700648 ], [ -40.879289799999981, -3.709509199999957 ], [ -40.879675799999973, -3.709554199999957 ], [ -40.880588899999964, -3.709881899999971 ], [ -40.88115629999993, -3.71028739999997 ], [ -40.881403399999954, -3.710860199999956 ], [ -40.88148069999994, -3.711162799999954 ], [ -40.882127499999967, -3.711353 ], [ -40.882699599999967, -3.711523299999953 ], [ -40.882944599999973, -3.711583899999937 ], [ -40.883110099999953, -3.711741099999927 ], [ -40.883699199999967, -3.71263289999996 ], [ -40.883884, -3.712817099999938 ], [ -40.884079299999939, -3.712945799999943 ], [ -40.884302299999945, -3.712957199999948 ], [ -40.884628899999939, -3.713164399999926 ], [ -40.884905199999935, -3.713186899999926 ], [ -40.885280399999942, -3.712984099999971 ], [ -40.885401299999955, -3.713210499999946 ], [ -40.8855, -3.713434499999948 ], [ -40.88570859999993, -3.71357519999998 ], [ -40.885897499999942, -3.713729099999966 ], [ -40.886335799999983, -3.71380929999998 ], [ -40.886647099999948, -3.714105399999937 ], [ -40.886824099999956, -3.71417329999997 ], [ -40.887512499999957, -3.714155399999925 ], [ -40.888029299999971, -3.71443389999996 ], [ -40.888247199999967, -3.714676399999973 ], [ -40.888434699999948, -3.714763299999959 ], [ -40.889431699999932, -3.714804799999968 ], [ -40.88961489999997, -3.714965799999959 ], [ -40.889745299999959, -3.715194199999928 ], [ -40.889967599999977, -3.715322299999968 ], [ -40.890197699999931, -3.715393199999937 ], [ -40.890516699999978, -3.715816199999949 ], [ -40.890659399999947, -3.716168299999936 ], [ -40.890661799999975, -3.716633199999933 ], [ -40.890965499999936, -3.716918499999963 ], [ -40.891477699999939, -3.717197699999929 ], [ -40.891611599999976, -3.717219799999953 ], [ -40.891649399999949, -3.717389099999934 ], [ -40.89205, -3.717547299999978 ], [ -40.892285799999968, -3.717758499999945 ], [ -40.892596199999957, -3.718320699999936 ], [ -40.89269, -3.718637 ], [ -40.893185499999959, -3.718538599999931 ], [ -40.893425399999956, -3.71852679999995 ], [ -40.893495399999949, -3.718567099999973 ], [ -40.893565299999977, -3.718607399999939 ], [ -40.893673899999953, -3.71867 ], [ -40.894043699999941, -3.718954199999928 ], [ -40.894494699999939, -3.718968599999926 ], [ -40.894762499999956, -3.719079099999931 ], [ -40.89519, -3.719353599999977 ], [ -40.895356, -3.719723699999975 ], [ -40.895517199999972, -3.719822 ], [ -40.895981499999948, -3.719536099999971 ], [ -40.89627239999993, -3.719475099999954 ], [ -40.896432599999969, -3.719645499999956 ], [ -40.89666509999995, -3.719647 ], [ -40.896862099999964, -3.719583799999953 ], [ -40.897075, -3.719632699999977 ], [ -40.897518, -3.720095599999979 ], [ -40.897515799999951, -3.72043009999993 ], [ -40.89774529999994, -3.720613599999979 ], [ -40.897922199999982, -3.72095969999998 ], [ -40.898474199999953, -3.721581899999933 ], [ -40.898699, -3.721403199999941 ], [ -40.899089899999979, -3.721653 ], [ -40.899158899999975, -3.721807299999966 ], [ -40.899381299999959, -3.722013 ], [ -40.899353699999949, -3.722332 ], [ -40.89925809999994, -3.722493499999928 ], [ -40.899326499999972, -3.722942399999965 ], [ -40.899306199999955, -3.723214599999949 ], [ -40.899907699999972, -3.72388449999994 ], [ -40.900083199999983, -3.724429399999963 ], [ -40.900292299999933, -3.724729399999944 ], [ -40.900609199999963, -3.724893699999939 ], [ -40.900600299999951, -3.725353299999938 ], [ -40.900759699999981, -3.725550099999964 ], [ -40.900947799999983, -3.725647199999969 ], [ -40.901272099999971, -3.726099499999975 ], [ -40.901779199999964, -3.726351899999941 ], [ -40.901976099999956, -3.726355299999966 ], [ -40.902189599999986, -3.72635889999998 ], [ -40.902349899999933, -3.726699599999961 ], [ -40.902770699999962, -3.726945599999965 ], [ -40.903099899999972, -3.727005899999938 ], [ -40.903210299999955, -3.727026099999932 ] ] ] ] } }
]
}
